epoch,lr-Adam,lr-Adam-1,step,test/test-id-domain-acc,test/test-id-domain-acc-africa,test/test-id-domain-acc-americas,test/test-id-domain-acc-asia,test/test-id-domain-acc-europe,test/test-id-domain-acc-oceania,test/test-id-region-africa-task-acc,test/test-id-region-africa-task-loss,test/test-id-region-americas-task-acc,test/test-id-region-americas-task-loss,test/test-id-region-asia-task-acc,test/test-id-region-asia-task-loss,test/test-id-region-europe-task-acc,test/test-id-region-europe-task-loss,test/test-id-region-oceania-task-acc,test/test-id-region-oceania-task-loss,test/test-id-task-acc,test/test-id-task-ece,test/test-id-task-entropy-correct,test/test-id-task-entropy-incorrect,test/test-id-task-loss,test/test-id-worst-group-task-acc,test/test-od-domain-acc,test/test-od-domain-acc-africa,test/test-od-domain-acc-americas,test/test-od-domain-acc-asia,test/test-od-domain-acc-europe,test/test-od-domain-acc-oceania,test/test-od-region-africa-task-acc,test/test-od-region-africa-task-loss,test/test-od-region-americas-task-acc,test/test-od-region-americas-task-loss,test/test-od-region-asia-task-acc,test/test-od-region-asia-task-loss,test/test-od-region-europe-task-acc,test/test-od-region-europe-task-loss,test/test-od-region-oceania-task-acc,test/test-od-region-oceania-task-loss,test/test-od-task-acc,test/test-od-task-ece,test/test-od-task-entropy-correct,test/test-od-task-entropy-incorrect,test/test-od-task-loss,test/test-od-worst-group-task-acc,train/train-domain-acc,train/train-domain-acc-africa,train/train-domain-acc-americas,train/train-domain-acc-asia,train/train-domain-acc-europe,train/train-domain-acc-oceania,train/train-domain-acc-other,train/train-domain-loss,train/train-task-acc,train/train-task-loss,train/train-total-loss,val/val-id-domain-acc,val/val-id-domain-acc-africa,val/val-id-domain-acc-americas,val/val-id-domain-acc-asia,val/val-id-domain-acc-europe,val/val-id-domain-acc-oceania,val/val-id-region-africa-task-acc,val/val-id-region-africa-task-loss,val/val-id-region-americas-task-acc,val/val-id-region-americas-task-loss,val/val-id-region-asia-task-acc,val/val-id-region-asia-task-loss,val/val-id-region-europe-task-acc,val/val-id-region-europe-task-loss,val/val-id-region-oceania-task-acc,val/val-id-region-oceania-task-loss,val/val-id-task-acc,val/val-id-task-ece,val/val-id-task-entropy-correct,val/val-id-task-entropy-incorrect,val/val-id-task-loss,val/val-id-worst-group-task-acc,val/val-od-domain-acc,val/val-od-domain-acc-africa,val/val-od-domain-acc-americas,val/val-od-domain-acc-asia,val/val-od-domain-acc-europe,val/val-od-domain-acc-oceania,val/val-od-region-africa-task-acc,val/val-od-region-africa-task-loss,val/val-od-region-americas-task-acc,val/val-od-region-americas-task-loss,val/val-od-region-asia-task-acc,val/val-od-region-asia-task-loss,val/val-od-region-europe-task-acc,val/val-od-region-europe-task-loss,val/val-od-region-oceania-task-acc,val/val-od-region-oceania-task-loss,val/val-od-task-acc,val/val-od-task-ece,val/val-od-task-entropy-correct,val/val-od-task-entropy-incorrect,val/val-od-task-loss,val/val-od-worst-group-task-acc
,2e-05,1e-05,0,,,,,,,,,,,,,,,,,,,,,,,,,,,,,,,,,,,,,,,,,,,,,,,,,,,,,,,,,,,,,,,,,,,,,,,,,,,,,,,,,,,,,,,,,,,,,,,,,,,
0,,,1200,,,,,,,,,,,,,,,,,,,,,,,,,,,,,,,,,,,,,,,,,,,,,,,,,,,,,,,,0.906122088432312,0.37368419766426086,0.8543562889099121,0.9350166916847229,0.965831458568573,0.39840638637542725,0.5894736647605896,1.684868574142456,0.4648894667625427,1.9937466382980347,0.45525437593460083,2.0109779834747314,0.4293849766254425,2.1088626384735107,0.48207172751426697,1.943955421447754,0.4489245116710663,0.05719412863254547,1.7883721590042114,2.830554246902466,2.046689748764038,0.4293849766254425,0.7755962610244751,0.1432129442691803,0.7007009983062744,0.8357194662094116,0.9244697093963623,0.20346319675445557,0.34744706749916077,2.337265729904175,0.41222187876701355,2.2019364833831787,0.4222276210784912,2.24436616897583,0.47232282161712646,1.9584496021270752,0.39393940567970276,2.0424468517303467,0.43434596061706543,0.05066562816500664,1.8197052478790283,2.8490614891052246,2.118569850921631,0.34744706749916077
0,,,1200,,,,,,,,,,,,,,,,,,,,,,,,,,,,,,,,,,,,,,,,,,,,,0.8309329748153687,0.24083438515663147,0.7590711712837219,0.8556348085403442,0.9244599938392639,0.0871419832110405,0.0,0.6171398162841797,0.2963714599609375,2.834827184677124,2.8965413570404053,,,,,,,,,,,,,,,,,,,,,,,,,,,,,,,,,,,,,,,,,,,,
,3.6e-05,9.600000000000001e-06,1201,,,,,,,,,,,,,,,,,,,,,,,,,,,,,,,,,,,,,,,,,,,,,,,,,,,,,,,,,,,,,,,,,,,,,,,,,,,,,,,,,,,,,,,,,,,,,,,,,,,
1,,,2401,,,,,,,,,,,,,,,,,,,,,,,,,,,,,,,,,,,,,,,,,,,,,,,,,,,,,,,,0.9169206619262695,0.4526315927505493,0.9359557628631592,0.8392127752304077,0.9738041162490845,0.6932271122932434,0.6631578803062439,1.2996776103973389,0.6193107962608337,1.35771644115448,0.5911622643470764,1.4981600046157837,0.5463173985481262,1.6140917539596558,0.6852589845657349,1.337301254272461,0.5814682841300964,0.018681354820728302,1.1417495012283325,2.22670841217041,1.5071632862091064,0.5463173985481262,0.7757469415664673,0.20049813389778137,0.8645229935646057,0.6224217414855957,0.8537247776985168,0.6479076743125916,0.45579078793525696,1.9160233736038208,0.5579091906547546,1.5990437269210815,0.502305269241333,1.8548333644866943,0.5808328986167908,1.5095041990280151,0.6176046133041382,1.5741395950317383,0.553251326084137,0.008695975877344608,1.1525412797927856,2.2296221256256104,1.6312371492385864,0.45579078793525696
1,,,2401,,,,,,,,,,,,,,,,,,,,,,,,,,,,,,,,,,,,,,,,,,,,,0.876227855682373,0.29582807421684265,0.8323082327842712,0.8992082476615906,0.9454560875892639,0.30134063959121704,0.0,0.3165352940559387,0.5322586894035339,1.724007487297058,1.7556613683700562,,,,,,,,,,,,,,,,,,,,,,,,,,,,,,,,,,,,,,,,,,,,
,5.2000000000000004e-05,9.216000000000001e-06,2402,,,,,,,,,,,,,,,,,,,,,,,,,,,,,,,,,,,,,,,,,,,,,,,,,,,,,,,,,,,,,,,,,,,,,,,,,,,,,,,,,,,,,,,,,,,,,,,,,,,
2,,,3602,,,,,,,,,,,,,,,,,,,,,,,,,,,,,,,,,,,,,,,,,,,,,,,,,,,,,,,,0.9339893460273743,0.4894736707210541,0.9135240316390991,0.9870033264160156,0.948177695274353,0.6733067631721497,0.6894736886024475,1.1588594913482666,0.6560468077659607,1.221172571182251,0.6349796056747437,1.2864168882369995,0.5816249251365662,1.53218412399292,0.7410358786582947,1.0583043098449707,0.6194374561309814,0.013759465888142586,0.8944361805915833,1.989434838294983,1.374903917312622,0.5816249251365662,0.8110971450805664,0.1980074793100357,0.7784212231636047,0.902693510055542,0.8803672790527344,0.5180374979972839,0.48567870259284973,1.8140374422073364,0.5833587050437927,1.5098762512207031,0.5617568492889404,1.591118574142456,0.6152353882789612,1.4167845249176025,0.6709956526756287,1.3060232400894165,0.5903590321540833,0.027778737246990204,0.9332429766654968,1.9894750118255615,1.4977350234985352,0.48567870259284973
2,,,3602,,,,,,,,,,,,,,,,,,,,,,,,,,,,,,,,,,,,,,,,,,,,,0.8970939517021179,0.33881163597106934,0.8663201928138733,0.9177943468093872,0.9545994400978088,0.4068657457828522,0.0,0.26077520847320557,0.6452519297599792,1.2713109254837036,1.2973883152008057,,,,,,,,,,,,,,,,,,,,,,,,,,,,,,,,,,,,,,,,,,,,
,6.8e-05,8.847360000000002e-06,3603,,,,,,,,,,,,,,,,,,,,,,,,,,,,,,,,,,,,,,,,,,,,,,,,,,,,,,,,,,,,,,,,,,,,,,,,,,,,,,,,,,,,,,,,,,,,,,,,,,,
3,,,4803,,,,,,,,,,,,,,,,,,,,,,,,,,,,,,,,,,,,,,,,,,,,,,,,,,,,,,,,0.9130889177322388,0.43157893419265747,0.8475292325019836,0.9836613535881042,0.9462794065475464,0.6454183459281921,0.6842105388641357,1.0782051086425781,0.6479193568229675,1.2533663511276245,0.6208689212799072,1.3542819023132324,0.5810554027557373,1.5335159301757812,0.7768924236297607,1.0896484851837158,0.6142123341560364,0.05994667485356331,0.7315338850021362,1.819511890411377,1.4016205072402954,0.5810554027557373,0.7909113764762878,0.2017434686422348,0.7398658990859985,0.8755156397819519,0.8786859512329102,0.47907647490501404,0.47820672392845154,2.035646438598633,0.5705577731132507,1.591430425643921,0.5610288977622986,1.626836895942688,0.6232540011405945,1.402632474899292,0.6623376607894897,1.3448138236999512,0.5885011553764343,0.06522722542285919,0.7982422113418579,1.8536107540130615,1.5376561880111694,0.47820672392845154
3,,,4803,,,,,,,,,,,,,,,,,,,,,,,,,,,,,,,,,,,,,,,,,,,,,0.9094265103340149,0.3759481608867645,0.8854241371154785,0.9282385110855103,0.960205078125,0.47227299213409424,0.0,0.24036966264247894,0.7152596116065979,1.007121205329895,1.031158447265625,,,,,,,,,,,,,,,,,,,,,,,,,,,,,,,,,,,,,,,,,,,,
,8.400000000000001e-05,8.493465600000002e-06,4804,,,,,,,,,,,,,,,,,,,,,,,,,,,,,,,,,,,,,,,,,,,,,,,,,,,,,,,,,,,,,,,,,,,,,,,,,,,,,,,,,,,,,,,,,,,,,,,,,,,
4,,,6004,,,,,,,,,,,,,,,,,,,,,,,,,,,,,,,,,,,,,,,,,,,,,,,,,,,,,,,,0.849690854549408,0.5894736647605896,0.977243185043335,0.9532120227813721,0.7397494316101074,0.6972111463546753,0.7157894968986511,1.1406534910202026,0.6635240316390991,1.2334858179092407,0.6386929154396057,1.341500163078308,0.5802960991859436,1.637864589691162,0.7609561681747437,1.2925111055374146,0.6225724816322327,0.08724184334278107,0.6173691153526306,1.6161284446716309,1.4445054531097412,0.5802960991859436,0.7491840124130249,0.3250311315059662,0.9222797751426697,0.8002911806106567,0.633988618850708,0.5873016119003296,0.5379825830459595,2.0245089530944824,0.5859494209289551,1.5847686529159546,0.5501092076301575,1.6855523586273193,0.6255819797515869,1.4417670965194702,0.6580086350440979,1.5677579641342163,0.5944263339042664,0.09997709095478058,0.6477440595626831,1.6376672983169556,1.568312406539917,0.5379825830459595
4,,,6004,,,,,,,,,,,,,,,,,,,,,,,,,,,,,,,,,,,,,,,,,,,,,0.9173048138618469,0.4094816744327545,0.8974109292030334,0.93443763256073,0.9635512232780457,0.5174893140792847,0.0,0.23159949481487274,0.7637615203857422,0.8218973875045776,0.8450570702552795,,,,,,,,,,,,,,,,,,,,,,,,,,,,,,,,,,,,,,,,,,,,
,0.0001,8.153726976e-06,6005,,,,,,,,,,,,,,,,,,,,,,,,,,,,,,,,,,,,,,,,,,,,,,,,,,,,,,,,,,,,,,,,,,,,,,,,,,,,,,,,,,,,,,,,,,,,,,,,,,,
5,,,7205,,,,,,,,,,,,,,,,,,,,,,,,,,,,,,,,,,,,,,,,,,,,,,,,,,,,,,,,0.8982844352722168,0.6263157725334167,0.9528608322143555,0.9368733763694763,0.8608580231666565,0.824701189994812,0.7105262875556946,1.1611993312835693,0.6375162601470947,1.4508470296859741,0.6063868999481201,1.5577300786972046,0.557706892490387,1.780900001525879,0.7529880404472351,1.225279688835144,0.5974048376083374,0.1316135972738266,0.5153130888938904,1.4855854511260986,1.617074728012085,0.557706892490387,0.7561134696006775,0.36986300349235535,0.9164888858795166,0.7726280093193054,0.6487325429916382,0.789321780204773,0.49813199043273926,2.2465457916259766,0.5707101225852966,1.761475920677185,0.5285124778747559,1.9958477020263672,0.603983461856842,1.5552376508712769,0.6782106757164001,1.4711790084838867,0.5756967067718506,0.13646873831748962,0.5631539821624756,1.5245577096939087,1.7410515546798706,0.49813199043273926
5,,,7205,,,,,,,,,,,,,,,,,,,,,,,,,,,,,,,,,,,,,,,,,,,,,0.923062264919281,0.4326801598072052,0.9056406021118164,0.9390476942062378,0.9663181900978088,0.5508835911750793,0.0,0.2237647920846939,0.7938410043716431,0.7057624459266663,0.7281386852264404,,,,,,,,,,,,,,,,,,,,,,,,,,,,,,,,,,,,,,,,,,,,
,9.98794204878613e-05,7.82757789696e-06,7206,,,,,,,,,,,,,,,,,,,,,,,,,,,,,,,,,,,,,,,,,,,,,,,,,,,,,,,,,,,,,,,,,,,,,,,,,,,,,,,,,,,,,,,,,,,,,,,,,,,
6,,,8406,,,,,,,,,,,,,,,,,,,,,,,,,,,,,,,,,,,,,,,,,,,,,,,,,,,,,,,,0.9116084575653076,0.5736842155456543,0.941157341003418,0.9450427293777466,0.9069855809211731,0.56175297498703,0.7315789461135864,1.2275549173355103,0.6524707674980164,1.389803171157837,0.6316375732421875,1.417499303817749,0.5916856527328491,1.669891357421875,0.737051784992218,1.2751749753952026,0.6230079531669617,0.12032896280288696,0.5062134265899658,1.4346696138381958,1.52229905128479,0.5916856527328491,0.7877981662750244,0.27272728085517883,0.8905821442604065,0.8155787587165833,0.7779358625411987,0.36075034737586975,0.49439600110054016,2.186138868331909,0.5882353186607361,1.7091723680496216,0.5474399328231812,1.8390854597091675,0.6134247183799744,1.5427205562591553,0.6406926512718201,1.6892213821411133,0.5875973105430603,0.1434151828289032,0.5233078598976135,1.4308890104293823,1.6937487125396729,0.49439600110054016
6,,,8406,,,,,,,,,,,,,,,,,,,,,,,,,,,,,,,,,,,,,,,,,,,,,0.9278568029403687,0.45439767837524414,0.9125474095344543,0.9424929618835449,0.9686228036880493,0.5799599289894104,0.0,0.2071813941001892,0.8333268165588379,0.5639642477035522,0.5846831798553467,,,,,,,,,,,,,,,,,,,,,,,,,,,,,,,,,,,,,,,,,,,,
,9.951826940270773e-05,7.5144747810815995e-06,8407,,,,,,,,,,,,,,,,,,,,,,,,,,,,,,,,,,,,,,,,,,,,,,,,,,,,,,,,,,,,,,,,,,,,,,,,,,,,,,,,,,,,,,,,,,,,,,,,,,,
7,,,9607,,,,,,,,,,,,,,,,,,,,,,,,,,,,,,,,,,,,,,,,,,,,,,,,,,,,,,,,0.9417399764060974,0.5052631497383118,0.9216514825820923,0.9550687074661255,0.9726651310920715,0.7450199127197266,0.678947389125824,1.5010877847671509,0.6583225131034851,1.4493080377578735,0.6427775621414185,1.5922105312347412,0.6045937538146973,1.8021516799926758,0.7768924236297607,1.3203458786010742,0.632935643196106,0.1638984978199005,0.35434404015541077,1.156606912612915,1.644409418106079,0.6045937538146973,0.8281697034835815,0.25031134486198425,0.8601036071777344,0.7789371609687805,0.9077858328819275,0.6046175956726074,0.5056039690971375,2.3451321125030518,0.5813776254653931,1.8451019525527954,0.5690366625785828,1.9264180660247803,0.6365752816200256,1.6193428039550781,0.6782106757164001,1.8183479309082031,0.6005523204803467,0.17580217123031616,0.39342358708381653,1.2193944454193115,1.7975695133209229,0.5056039690971375
7,,,9607,,,,,,,,,,,,,,,,,,,,,,,,,,,,,,,,,,,,,,,,,,,,,0.9317129254341125,0.4721871018409729,0.9176917672157288,0.9454910159111023,0.9705235958099365,0.6048141121864319,0.0,0.19959206879138947,0.8646813035011292,0.4536658823490143,0.4736245274543762,,,,,,,,,,,,,,,,,,,,,,,,,,,,,,,,,,,,,,,,,,,,
,9.891830623632339e-05,7.213895789838335e-06,9608,,,,,,,,,,,,,,,,,,,,,,,,,,,,,,,,,,,,,,,,,,,,,,,,,,,,,,,,,,,,,,,,,,,,,,,,,,,,,,,,,,,,,,,,,,,,,,,,,,,
8,,,10808,,,,,,,,,,,,,,,,,,,,,,,,,,,,,,,,,,,,,,,,,,,,,,,,,,,,,,,,0.8660628795623779,0.49473685026168823,0.963589072227478,0.9602673649787903,0.7794229388237,0.7768924236297607,0.7157894968986511,1.2984960079193115,0.6394668221473694,1.6650948524475098,0.6483475565910339,1.6309040784835815,0.5628321766853333,2.025944232940674,0.7609561681747437,1.498931884765625,0.6103805899620056,0.1849072426557541,0.34117037057876587,1.134253740310669,1.8140202760696411,0.5628321766853333,0.7131810188293457,0.280199259519577,0.9108503460884094,0.7718999981880188,0.5688049793243408,0.6089466214179993,0.5155666470527649,2.437422513961792,0.5637000799179077,2.067779541015625,0.5569036602973938,2.097245931625366,0.6055354475975037,1.7868525981903076,0.6551226377487183,1.875069499015808,0.579713761806488,0.2010161280632019,0.36773592233657837,1.1532546281814575,1.9748437404632568,0.5155666470527649
8,,,10808,,,,,,,,,,,,,,,,,,,,,,,,,,,,,,,,,,,,,,,,,,,,,0.9349043965339661,0.4873577654361725,0.9223287105560303,0.947847843170166,0.9719477891921997,0.6246191263198853,0.0,0.1933690756559372,0.8862782120704651,0.37279731035232544,0.39213424921035767,,,,,,,,,,,,,,,,,,,,,,,,,,,,,,,,,,,,,,,,,,,,
,9.808245394894679e-05,6.925339958244802e-06,10809,,,,,,,,,,,,,,,,,,,,,,,,,,,,,,,,,,,,,,,,,,,,,,,,,,,,,,,,,,,,,,,,,,,,,,,,,,,,,,,,,,,,,,,,,,,,,,,,,,,
9,,,12009,,,,,,,,,,,,,,,,,,,,,,,,,,,,,,,,,,,,,,,,,,,,,,,,,,,,,,,,0.7085256576538086,0.6947368383407593,0.9808192253112793,0.7649461627006531,0.5206909775733948,0.7330677509307861,0.7263157963752747,1.4971563816070557,0.6485695838928223,1.566286325454712,0.6108429431915283,1.7984859943389893,0.5861806869506836,1.9756237268447876,0.717131495475769,1.4407658576965332,0.6140381693840027,0.18590933084487915,0.3240797519683838,1.124403953552246,1.8045176267623901,0.5861806869506836,0.5887522101402283,0.4508094787597656,0.9323377013206482,0.42708081007003784,0.3895499110221863,0.682539701461792,0.560398519039154,1.9842358827590942,0.5806156396865845,1.9642561674118042,0.5263285636901855,2.316227912902832,0.6178220510482788,1.823304295539856,0.6479076743125916,1.695634126663208,0.5853878855705261,0.20724746584892273,0.33323803544044495,1.1082539558410645,1.9805222749710083,0.5263285636901855
9,,,12009,,,,,,,,,,,,,,,,,,,,,,,,,,,,,,,,,,,,,,,,,,,,,0.9376292824745178,0.5009481906890869,0.9260621070861816,0.9498848915100098,0.9733111262321472,0.6404021978378296,0.0,0.18194618821144104,0.9036077260971069,0.31088724732398987,0.3290822505950928,,,,,,,,,,,,,,,,,,,,,,,,,,,,,,,,,,,,,,,,,,,,
,9.701478472890248e-05,6.64832635991501e-06,12010,,,,,,,,,,,,,,,,,,,,,,,,,,,,,,,,,,,,,,,,,,,,,,,,,,,,,,,,,,,,,,,,,,,,,,,,,,,,,,,,,,,,,,,,,,,,,,,,,,,
10,,,13210,,,,,,,,,,,,,,,,,,,,,,,,,,,,,,,,,,,,,,,,,,,,,,,,,,,,,,,,0.9305059909820557,0.38947367668151855,0.9177502989768982,0.9506127238273621,0.9734244346618652,0.39840638637542725,0.6894736886024475,1.4168800115585327,0.6586475968360901,1.5448253154754639,0.6565169095993042,1.619824767112732,0.6023158431053162,1.9617830514907837,0.7330677509307861,1.5215319395065308,0.6345902681350708,0.18318408727645874,0.30311521887779236,1.0359927415847778,1.7568374872207642,0.6023158431053162,0.7979914546012878,0.16064757108688354,0.868942379951477,0.7478767037391663,0.8846352696418762,0.20057719945907593,0.5205479264259338,2.4784605503082275,0.5917403101921082,1.9935294389724731,0.5598155856132507,2.127448558807373,0.6324366331100464,1.7117033004760742,0.668109655380249,1.8571058511734009,0.6007531881332397,0.20192408561706543,0.32478800415992737,1.0729233026504517,1.9322669506072998,0.5205479264259338
10,,,13210,,,,,,,,,,,,,,,,,,,,,,,,,,,,,,,,,,,,,,,,,,,,,0.9400337934494019,0.5117228031158447,0.9294461011886597,0.9517251253128052,0.974429190158844,0.655697762966156,0.0,0.1733855903148651,0.9164487719535828,0.2657112777233124,0.28304991126060486,,,,,,,,,,,,,,,,,,,,,,,,,,,,,,,,,,,,,,,,,,,,
,9.572050015330875e-05,6.382393305518409e-06,13211,,,,,,,,,,,,,,,,,,,,,,,,,,,,,,,,,,,,,,,,,,,,,,,,,,,,,,,,,,,,,,,,,,,,,,,,,,,,,,,,,,,,,,,,,,,,,,,,,,,
11,,,14411,,,,,,,,,,,,,,,,,,,,,,,,,,,,,,,,,,,,,,,,,,,,,,,,,,,,,,,,0.9366019368171692,0.5105262994766235,0.9340052008628845,0.9450427293777466,0.9618450999259949,0.6892430186271667,0.6894736886024475,1.3735110759735107,0.6657997369766235,1.603395700454712,0.6401782631874084,1.7527782917022705,0.5804859399795532,2.0727691650390625,0.7609561681747437,1.5128285884857178,0.6230950355529785,0.19323167204856873,0.28579697012901306,1.0481497049331665,1.8497368097305298,0.5804859399795532,0.812553346157074,0.24533000588417053,0.9151173233985901,0.7602523565292358,0.8419554829597473,0.4862914979457855,0.5217932462692261,2.51469349861145,0.584273099899292,2.0790138244628906,0.5498665571212769,2.240044355392456,0.6201500296592712,1.8297293186187744,0.6782106757164001,1.8197742700576782,0.5918152332305908,0.20905111730098724,0.3095012307167053,1.0805981159210205,2.025264263153076,0.5217932462692261
11,,,14411,,,,,,,,,,,,,,,,,,,,,,,,,,,,,,,,,,,,,,,,,,,,,0.9421687722206116,0.5227559804916382,0.9324727058410645,0.9533990025520325,0.9753609299659729,0.668444037437439,0.0,0.16919848322868347,0.928665280342102,0.22862371802330017,0.2455437034368515,,,,,,,,,,,,,,,,,,,,,,,,,,,,,,,,,,,,,,,,,,,,
,9.42059058465169e-05,6.1270975732976725e-06,14412,,,,,,,,,,,,,,,,,,,,,,,,,,,,,,,,,,,,,,,,,,,,,,,,,,,,,,,,,,,,,,,,,,,,,,,,,,,,,,,,,,,,,,,,,,,,,,,,,,,
12,,,15612,,,,,,,,,,,,,,,,,,,,,,,,,,,,,,,,,,,,,,,,,,,,,,,,,,,,,,,,0.9592440724372864,0.5263158082962036,0.958712637424469,0.9595246911048889,0.9827259182929993,0.8167330622673035,0.7263157963752747,1.500840425491333,0.6641742587089539,1.6739133596420288,0.6591162085533142,1.8454324007034302,0.6017463803291321,2.1882433891296387,0.7729083895683289,1.5537927150726318,0.6378995180130005,0.2098616659641266,0.22703760862350464,0.8751654624938965,1.9475641250610352,0.6017463803291321,0.8413256406784058,0.30759650468826294,0.8870770931243896,0.742780864238739,0.9277030229568481,0.6536796689033508,0.5242839455604553,2.3152215480804443,0.5871685743331909,2.1498351097106934,0.5751031041145325,2.2522759437561035,0.6336005926132202,1.9172611236572266,0.6580086350440979,1.919268012046814,0.6026111245155334,0.220216304063797,0.27355533838272095,0.9490910172462463,2.082796096801758,0.5242839455604553
12,,,15612,,,,,,,,,,,,,,,,,,,,,,,,,,,,,,,,,,,,,,,,,,,,,0.9440823197364807,0.5333073735237122,0.9350813627243042,0.9547333717346191,0.976244330406189,0.6813387870788574,0.0,0.1628749817609787,0.9379545450210571,0.19469602406024933,0.21098347008228302,,,,,,,,,,,,,,,,,,,,,,,,,,,,,,,,,,,,,,,,,,,,
,9.247838075974309e-05,5.882013670365765e-06,15613,,,,,,,,,,,,,,,,,,,,,,,,,,,,,,,,,,,,,,,,,,,,,,,,,,,,,,,,,,,,,,,,,,,,,,,,,,,,,,,,,,,,,,,,,,,,,,,,,,,
13,,,16813,,,,,,,,,,,,,,,,,,,,,,,,,,,,,,,,,,,,,,,,,,,,,,,,,,,,,,,,0.9548898339271545,0.5894736647605896,0.9720416069030762,0.9387300610542297,0.9709567427635193,0.8764940500259399,0.7210526466369629,1.453056812286377,0.6638491749763489,1.7083066701889038,0.6349796056747437,1.9621796607971191,0.5987091660499573,2.329859972000122,0.7211155295372009,1.5859956741333008,0.6295393109321594,0.21893538534641266,0.22529113292694092,0.8400654196739197,2.04813814163208,0.5987091660499573,0.8397188186645508,0.35865503549575806,0.8992685079574585,0.7143896818161011,0.9114071130752563,0.7835497856140137,0.5205479264259338,2.700756549835205,0.590673565864563,2.2599964141845703,0.5421014428138733,2.527764081954956,0.6275219917297363,2.033982515335083,0.6479076743125916,2.0150833129882812,0.5941250324249268,0.23764052987098694,0.24757273495197296,0.8799322247505188,2.236109495162964,0.5205479264259338
13,,,16813,,,,,,,,,,,,,,,,,,,,,,,,,,,,,,,,,,,,,,,,,,,,,0.9458582401275635,0.5426223874092102,0.9375830292701721,0.9560053944587708,0.977042555809021,0.6928266882896423,0.0,0.15725889801979065,0.9447328448295593,0.17373530566692352,0.18946132063865662,,,,,,,,,,,,,,,,,,,,,,,,,,,,,,,,,,,,,,,,,,,,
,9.054634122155992e-05,5.646733123551134e-06,16814,,,,,,,,,,,,,,,,,,,,,,,,,,,,,,,,,,,,,,,,,,,,,,,,,,,,,,,,,,,,,,,,,,,,,,,,,,,,,,,,,,,,,,,,,,,,,,,,,,,
14,,,18014,,,,,,,,,,,,,,,,,,,,,,,,,,,,,,,,,,,,,,,,,,,,,,,,,,,,,,,,0.9234520792961121,0.7315789461135864,0.9739921689033508,0.8952840566635132,0.9157175421714783,0.9322709441184998,0.7052631378173828,1.6164442300796509,0.6599479913711548,1.7649224996566772,0.6412922143936157,2.0105302333831787,0.5983295440673828,2.3318264484405518,0.7091633677482605,1.8931224346160889,0.6292780637741089,0.22340062260627747,0.21094055473804474,0.8174247741699219,2.0885913372039795,0.5983295440673828,0.7603816390037537,0.5006226897239685,0.8872295022010803,0.6127153635025024,0.7458613514900208,0.9047619104385376,0.5330012440681458,2.49841570854187,0.5920451283454895,2.3374860286712646,0.5583596229553223,2.3874170780181885,0.6324366331100464,1.991102695465088,0.6103895902633667,2.6652703285217285,0.5989957451820374,0.23700883984565735,0.23971877992153168,0.8621118068695068,2.237337589263916,0.5330012440681458
14,,,18014,,,,,,,,,,,,,,,,,,,,,,,,,,,,,,,,,,,,,,,,,,,,,0.9474354982376099,0.5518330931663513,0.9396970868110657,0.9572051763534546,0.9777497053146362,0.7027828693389893,0.0,0.15062129497528076,0.9496896862983704,0.15732745826244354,0.17238958179950714,,,,,,,,,,,,,,,,,,,,,,,,,,,,,,,,,,,,,,,,,,,,
,8.841919993438942e-05,5.420863798609089e-06,18015,,,,,,,,,,,,,,,,,,,,,,,,,,,,,,,,,,,,,,,,,,,,,,,,,,,,,,,,,,,,,,,,,,,,,,,,,,,,,,,,,,,,,,,,,,,,,,,,,,,
15,,,19215,,,,,,,,,,,,,,,,,,,,,,,,,,,,,,,,,,,,,,,,,,,,,,,,,,,,,,,,0.7865540385246277,0.4368421137332916,0.8218465447425842,0.9985146522521973,0.6721715927124023,0.7609561681747437,0.699999988079071,1.6713097095489502,0.6462938785552979,1.9198365211486816,0.6516895890235901,2.0647494792938232,0.5766894221305847,2.358121871948242,0.7729083895683289,1.6261887550354004,0.6190890669822693,0.22990287840366364,0.21392479538917542,0.8361150622367859,2.1481411457061768,0.5766894221305847,0.6787346005439758,0.20298878848552704,0.7136543989181519,0.9568066000938416,0.5508277416229248,0.6767676472663879,0.5242839455604553,2.3167972564697266,0.5818347930908203,2.34556245803833,0.560300886631012,2.3816263675689697,0.6131660342216492,2.127737283706665,0.6551226377487183,1.915156602859497,0.5898568630218506,0.24130117893218994,0.25428786873817444,0.8652380108833313,2.2545320987701416,0.5242839455604553
15,,,19215,,,,,,,,,,,,,,,,,,,,,,,,,,,,,,,,,,,,,,,,,,,,,0.9488749504089355,0.5604851245880127,0.9415796399116516,0.9581812620162964,0.9784510135650635,0.7123324275016785,0.0,0.14531086385250092,0.9568582773208618,0.13427573442459106,0.14880679547786713,,,,,,,,,,,,,,,,,,,,,,,,,,,,,,,,,,,,,,,,,,,,
,8.610732011676325e-05,5.204029246664725e-06,19216,,,,,,,,,,,,,,,,,,,,,,,,,,,,,,,,,,,,,,,,,,,,,,,,,,,,,,,,,,,,,,,,,,,,,,,,,,,,,,,,,,,,,,,,,,,,,,,,,,,
16,,,20416,,,,,,,,,,,,,,,,,,,,,,,,,,,,,,,,,,,,,,,,,,,,,,,,,,,,,,,,0.9454846382141113,0.5421052575111389,0.9707412123680115,0.9535833597183228,0.9421032667160034,0.9442231059074402,0.7157894968986511,1.6720950603485107,0.6710013151168823,1.9215087890625,0.664314866065979,1.9677963256835938,0.5914958119392395,2.4815051555633545,0.7450199127197266,2.0104000568389893,0.6353740096092224,0.23167304694652557,0.18798582255840302,0.7455846071243286,2.183176040649414,0.5914958119392395,0.8377605080604553,0.30884185433387756,0.8946967124938965,0.7709293961524963,0.8740299940109253,0.9090909361839294,0.5118306279182434,2.783982038497925,0.5803108811378479,2.4633116722106934,0.5700072646141052,2.5391104221343994,0.6343766450881958,2.1337780952453613,0.6262626051902771,2.4793665409088135,0.5980416536331177,0.2487560212612152,0.20525790750980377,0.8175472617149353,2.3640501499176025,0.5118306279182434
16,,,20416,,,,,,,,,,,,,,,,,,,,,,,,,,,,,,,,,,,,,,,,,,,,,0.9502108693122864,0.569271981716156,0.9433361291885376,0.9591349959373474,0.979059636592865,0.7207226753234863,0.0,0.1404787003993988,0.9601758718490601,0.1232934445142746,0.13734136521816254,,,,,,,,,,,,,,,,,,,,,,,,,,,,,,,,,,,,,,,,,,,,
,8.36219650147635e-05,4.995868076798136e-06,20417,,,,,,,,,,,,,,,,,,,,,,,,,,,,,,,,,,,,,,,,,,,,,,,,,,,,,,,,,,,,,,,,,,,,,,,,,,,,,,,,,,,,,,,,,,,,,,,,,,,
17,,,21617,,,,,,,,,,,,,,,,,,,,,,,,,,,,,,,,,,,,,,,,,,,,,,,,,,,,,,,,0.8229556679725647,0.6894736886024475,0.9785435795783997,0.9145933985710144,0.6871678233146667,0.9003984332084656,0.7157894968986511,1.5299346446990967,0.6690506935119629,1.8696835041046143,0.6539175510406494,1.9406447410583496,0.605353057384491,2.3692502975463867,0.6693227291107178,2.105790615081787,0.6371157169342041,0.22547760605812073,0.1925448626279831,0.7725011706352234,2.1209964752197266,0.605353057384491,0.7204619646072388,0.44458281993865967,0.9362999200820923,0.6617326140403748,0.5869115591049194,0.8398268222808838,0.5168119668960571,3.1171045303344727,0.5870161652565002,2.4503955841064453,0.5598155856132507,2.5715932846069336,0.6258406639099121,2.1989805698394775,0.6349206566810608,2.340815544128418,0.5953301787376404,0.2527711093425751,0.2134408950805664,0.7934965491294861,2.404850482940674,0.5168119668960571
17,,,21617,,,,,,,,,,,,,,,,,,,,,,,,,,,,,,,,,,,,,,,,,,,,,0.9514786005020142,0.5779252648353577,0.9449053406715393,0.9599546790122986,0.9797092080116272,0.7290270328521729,0.0,0.13350197672843933,0.9634414315223694,0.11406412720680237,0.127414271235466,,,,,,,,,,,,,,,,,,,,,,,,,,,,,,,,,,,,,,,,,,,,
,8.09752430286201e-05,4.79603335372621e-06,21618,,,,,,,,,,,,,,,,,,,,,,,,,,,,,,,,,,,,,,,,,,,,,,,,,,,,,,,,,,,,,,,,,,,,,,,,,,,,,,,,,,,,,,,,,,,,,,,,,,,
18,,,22818,,,,,,,,,,,,,,,,,,,,,,,,,,,,,,,,,,,,,,,,,,,,,,,,,,,,,,,,0.9386919736862183,0.7315789461135864,0.9759427905082703,0.9298180341720581,0.9293849468231201,0.9482071995735168,0.7473683953285217,2.003369092941284,0.6765279769897461,1.8749361038208008,0.6683995723724365,2.0121116638183594,0.6091495752334595,2.424191951751709,0.6972111463546753,1.8659197092056274,0.6453888416290283,0.22896066308021545,0.17720012366771698,0.7108230590820312,2.170262336730957,0.6091495752334595,0.7992467880249023,0.4271481931209564,0.9181652069091797,0.7073525786399841,0.7758665084838867,0.9163058996200562,0.5740971565246582,2.4022879600524902,0.5950929522514343,2.345710277557373,0.5709779262542725,2.420884132385254,0.6383859515190125,2.088864803314209,0.663780689239502,2.26576828956604,0.608435869216919,0.24454772472381592,0.20764771103858948,0.7896221280097961,2.2649855613708496,0.5709779262542725
18,,,22818,,,,,,,,,,,,,,,,,,,,,,,,,,,,,,,,,,,,,,,,,,,,,0.9526327252388,0.5848692655563354,0.9463344812393188,0.9608122706413269,0.9802888631820679,0.7365213632583618,0.0,0.12966948747634888,0.9678649306297302,0.0993647351861,0.11233165115118027,,,,,,,,,,,,,,,,,,,,,,,,,,,,,,,,,,,,,,,,,,,,
,7.818004872180198e-05,4.604192019577161e-06,22819,,,,,,,,,,,,,,,,,,,,,,,,,,,,,,,,,,,,,,,,,,,,,,,,,,,,,,,,,,,,,,,,,,,,,,,,,,,,,,,,,,,,,,,,,,,,,,,,,,,
19,,,24019,,,,,,,,,,,,,,,,,,,,,,,,,,,,,,,,,,,,,,,,,,,,,,,,,,,,,,,,0.9131760001182556,0.6421052813529968,0.9736670851707458,0.8837727308273315,0.9058465957641602,0.8645418286323547,0.699999988079071,1.7589727640151978,0.6609233021736145,2.0825867652893066,0.6204975843429565,2.330453634262085,0.595292329788208,2.539719820022583,0.717131495475769,1.7849684953689575,0.623356282711029,0.24817243218421936,0.16909463703632355,0.7123063802719116,2.3402187824249268,0.595292329788208,0.756013035774231,0.40473225712776184,0.9352331757545471,0.6044649481773376,0.7238748073577881,0.7301587462425232,0.5080946683883667,2.9995694160461426,0.5723864436149597,2.5468215942382812,0.5445280075073242,2.840790033340454,0.6167873740196228,2.3111162185668945,0.6406926512718201,2.507908821105957,0.5836304426193237,0.2682395577430725,0.20367653667926788,0.7564474940299988,2.5354154109954834,0.5080946683883667
19,,,24019,,,,,,,,,,,,,,,,,,,,,,,,,,,,,,,,,,,,,,,,,,,,,0.9536870718002319,0.5917825698852539,0.9477614164352417,0.9615334868431091,0.9807760715484619,0.7428397536277771,0.0,0.1254032850265503,0.9716248512268066,0.08858325332403183,0.10112360864877701,,,,,,,,,,,,,,,,,,,,,,,,,,,,,,,,,,,,,,,,,,,,
,7.525000000000001e-05,4.420024338794075e-06,24020,,,,,,,,,,,,,,,,,,,,,,,,,,,,,,,,,,,,,,,,,,,,,,,,,,,,,,,,,,,,,,,,,,,,,,,,,,,,,,,,,,,,,,,,,,,,,,,,,,,
20,,,25220,,,,,,,,,,,,,,,,,,,,,,,,,,,,,,,,,,,,,,,,,,,,,,,,,,,,,,,,0.9143081307411194,0.7105262875556946,0.9704161286354065,0.9446713924407959,0.8726271986961365,0.9482071995735168,0.7052631378173828,1.9540481567382812,0.6693758368492126,2.005924940109253,0.6580022573471069,2.0979506969451904,0.6032649874687195,2.5552268028259277,0.6772908568382263,2.2121546268463135,0.637202799320221,0.23954765498638153,0.17030008137226105,0.689880907535553,2.283442258834839,0.6032649874687195,0.7585739493370056,0.3960149586200714,0.9088692665100098,0.7024993896484375,0.6848163604736328,0.9163058996200562,0.5143212676048279,3.338395833969116,0.5923498868942261,2.58811092376709,0.5835962295532227,2.6460211277008057,0.6254526376724243,2.2884013652801514,0.6551226377487183,2.4410250186920166,0.6024102568626404,0.25809454917907715,0.19068117439746857,0.735956072807312,2.5080294609069824,0.5143212676048279
20,,,25220,,,,,,,,,,,,,,,,,,,,,,,,,,,,,,,,,,,,,,,,,,,,,0.9547364115715027,0.5984287261962891,0.9491227865219116,0.9623678922653198,0.9812456369400024,0.7491657137870789,0.0,0.11929290741682053,0.9736804366111755,0.08010422438383102,0.09203355014324188,,,,,,,,,,,,,,,,,,,,,,,,,,,,,,,,,,,,,,,,,,,,
,7.219937176605935e-05,4.243223365242312e-06,25221,,,,,,,,,,,,,,,,,,,,,,,,,,,,,,,,,,,,,,,,,,,,,,,,,,,,,,,,,,,,,,,,,,,,,,,,,,,,,,,,,,,,,,,,,,,,,,,,,,,
21,,,26421,,,,,,,,,,,,,,,,,,,,,,,,,,,,,,,,,,,,,,,,,,,,,,,,,,,,,,,,0.9525385499000549,0.6368421316146851,0.940507173538208,0.9929446578025818,0.9578587412834167,0.8127490282058716,0.7105262875556946,2.0047037601470947,0.6833550333976746,2.0030548572540283,0.6687709093093872,2.1358964443206787,0.6104783415794373,2.7076218128204346,0.7848605513572693,1.871557354927063,0.6492205858230591,0.2407219409942627,0.14051347970962524,0.6330163478851318,2.355708122253418,0.6104783415794373,0.8583479523658752,0.38480696082115173,0.8687900304794312,0.8929871320724487,0.8954992294311523,0.6926407217979431,0.5180572867393494,3.0564167499542236,0.5976836085319519,2.569920301437378,0.6076195240020752,2.475212335586548,0.6427832245826721,2.2559828758239746,0.6984127163887024,2.058138132095337,0.6175245046615601,0.25399208068847656,0.16562311351299286,0.6997873783111572,2.427931547164917,0.5180572867393494
21,,,26421,,,,,,,,,,,,,,,,,,,,,,,,,,,,,,,,,,,,,,,,,,,,,0.9557157754898071,0.6053327322006226,0.9503886103630066,0.9630932211875916,0.9816816449165344,0.7550828456878662,0.0,0.1161712110042572,0.9769850373268127,0.07169140130281448,0.08330856263637543,,,,,,,,,,,,,,,,,,,,,,,,,,,,,,,,,,,,,,,,,,,,
,6.904302637408766e-05,4.073494430632619e-06,26422,,,,,,,,,,,,,,,,,,,,,,,,,,,,,,,,,,,,,,,,,,,,,,,,,,,,,,,,,,,,,,,,,,,,,,,,,,,,,,,,,,,,,,,,,,,,,,,,,,,
22,,,27622,,,,,,,,,,,,,,,,,,,,,,,,,,,,,,,,,,,,,,,,,,,,,,,,,,,,,,,,0.9184011220932007,0.4736842215061188,0.8923926949501038,0.9974006414413452,0.9231207370758057,0.6454183459281921,0.7210526466369629,1.811529517173767,0.6791287660598755,1.9983105659484863,0.6661715507507324,2.198112726211548,0.6116173267364502,2.697073459625244,0.7928286790847778,1.6412307024002075,0.6483497619628906,0.2373981475830078,0.15443867444992065,0.650861918926239,2.3575000762939453,0.6116173267364502,0.8237007260322571,0.2602739632129669,0.8174337148666382,0.9475855231285095,0.850491464138031,0.5050504803657532,0.5093399882316589,3.3102715015411377,0.597531259059906,2.626932382583618,0.5852948427200317,2.5339221954345703,0.6396792531013489,2.312741756439209,0.7027416825294495,2.161261558532715,0.6114486455917358,0.2603745460510254,0.16874681413173676,0.6929238438606262,2.5003559589385986,0.5093399882316589
22,,,27622,,,,,,,,,,,,,,,,,,,,,,,,,,,,,,,,,,,,,,,,,,,,,0.9567174315452576,0.61185622215271,0.9516334533691406,0.9638116359710693,0.9821733832359314,0.7615717053413391,0.0,0.109370157122612,0.9786893725395203,0.06557511538267136,0.0765121579170227,,,,,,,,,,,,,,,,,,,,,,,,,,,,,,,,,,,,,,,,,,,,
,6.579634122155991e-05,3.910554653407314e-06,27623,,,,,,,,,,,,,,,,,,,,,,,,,,,,,,,,,,,,,,,,,,,,,,,,,,,,,,,,,,,,,,,,,,,,,,,,,,,,,,,,,,,,,,,,,,,,,,,,,,,
23,,,28823,,,,,,,,,,,,,,,,,,,,,,,,,,,,,,,,,,,,,,,,,,,,,,,,,,,,,,,,0.9631629586219788,0.6315789222717285,0.9463589191436768,0.9829186797142029,0.9827259182929993,0.8167330622673035,0.7105262875556946,1.8130950927734375,0.6817294955253601,2.067852735519409,0.6632009148597717,2.3813400268554688,0.607061505317688,2.7516822814941406,0.7330677509307861,1.9627280235290527,0.6446921825408936,0.246000736951828,0.13812603056430817,0.6282591819763184,2.452688694000244,0.607061505317688,0.871604323387146,0.31133249402046204,0.8886010646820068,0.8740596771240234,0.9308070540428162,0.6897546648979187,0.5354918837547302,3.2151436805725098,0.5938737988471985,2.6497740745544434,0.5886920690536499,2.7091562747955322,0.6253233551979065,2.3919360637664795,0.6854256987571716,2.215947389602661,0.6058749556541443,0.26577627658843994,0.16074305772781372,0.6838677525520325,2.5729198455810547,0.5354918837547302
23,,,28823,,,,,,,,,,,,,,,,,,,,,,,,,,,,,,,,,,,,,,,,,,,,,0.9576302170753479,0.6180994510650635,0.9527606964111328,0.9645591378211975,0.9825858473777771,0.7670373916625977,0.0,0.10587877780199051,0.9815906286239624,0.05584536865353584,0.06643332540988922,,,,,,,,,,,,,,,,,,,,,,,,,,,,,,,,,,,,,,,,,,,,
,6.247513383218356e-05,3.754132467271021e-06,28824,,,,,,,,,,,,,,,,,,,,,,,,,,,,,,,,,,,,,,,,,,,,,,,,,,,,,,,,,,,,,,,,,,,,,,,,,,,,,,,,,,,,,,,,,,,,,,,,,,,
24,,,30024,,,,,,,,,,,,,,,,,,,,,,,,,,,,,,,,,,,,,,,,,,,,,,,,,,,,,,,,0.9654271602630615,0.6684210300445557,0.9609882831573486,0.9795767068862915,0.9749430418014526,0.912350594997406,0.699999988079071,2.0713582038879395,0.6758777499198914,2.1184849739074707,0.6609728932380676,2.3235151767730713,0.6152240037918091,2.7613542079925537,0.7768924236297607,1.8654743432998657,0.64713054895401,0.24329401552677155,0.1385166496038437,0.6233140230178833,2.457293748855591,0.6152240037918091,0.8595530986785889,0.38231632113456726,0.8634562492370605,0.8388740420341492,0.9243404269218445,0.780663788318634,0.5392279028892517,2.957904100418091,0.5970740914344788,2.6382126808166504,0.5845668315887451,2.7648022174835205,0.6405845880508423,2.3916709423065186,0.728715717792511,2.030893564224243,0.6136078238487244,0.2614535093307495,0.16426970064640045,0.6681680083274841,2.561420202255249,0.5392279028892517
24,,,30024,,,,,,,,,,,,,,,,,,,,,,,,,,,,,,,,,,,,,,,,,,,,,0.9585012197494507,0.6245765089988708,0.9538301825523376,0.9652018547058105,0.9829894304275513,0.7723826766014099,0.0,0.10162241756916046,0.9822931885719299,0.05285611003637314,0.06301838904619217,,,,,,,,,,,,,,,,,,,,,,,,,,,,,,,,,,,,,,,,,,,,
,5.909558479451306e-05,3.60396716858018e-06,30025,,,,,,,,,,,,,,,,,,,,,,,,,,,,,,,,,,,,,,,,,,,,,,,,,,,,,,,,,,,,,,,,,,,,,,,,,,,,,,,,,,,,,,,,,,,,,,,,,,,
25,,,31225,,,,,,,,,,,,,,,,,,,,,,,,,,,,,,,,,,,,,,,,,,,,,,,,,,,,,,,,0.9735260605812073,0.7473683953285217,0.9678153395652771,0.9658373594284058,0.9927866458892822,0.912350594997406,0.7105262875556946,2.037296772003174,0.6849805116653442,2.085491895675659,0.6687709093093872,2.3882055282592773,0.6150341629981995,2.8428053855895996,0.7649402618408203,2.026632308959961,0.6512235403060913,0.24643732607364655,0.12820442020893097,0.5861783027648926,2.5096306800842285,0.6150341629981995,0.873211145401001,0.5392279028892517,0.913441002368927,0.7609803676605225,0.9342989921569824,0.8701298832893372,0.5367372632026672,3.327740430831909,0.6129229068756104,2.6360580921173096,0.5690366625785828,2.9663279056549072,0.6453698873519897,2.4499826431274414,0.682539701461792,2.1930391788482666,0.6157670021057129,0.26631805300712585,0.15332169830799103,0.6285874247550964,2.6467037200927734,0.5367372632026672
25,,,31225,,,,,,,,,,,,,,,,,,,,,,,,,,,,,,,,,,,,,,,,,,,,,0.9593192338943481,0.6304580569267273,0.9548375606536865,0.9658253788948059,0.9833608865737915,0.7775043249130249,0.0,0.09781201928853989,0.9850252866744995,0.044304050505161285,0.05408526584506035,,,,,,,,,,,,,,,,,,,,,,,,,,,,,,,,,,,,,,,,,,,,
,5.5674158931748854e-05,3.459808481836973e-06,31226,,,,,,,,,,,,,,,,,,,,,,,,,,,,,,,,,,,,,,,,,,,,,,,,,,,,,,,,,,,,,,,,,,,,,,,,,,,,,,,,,,,,,,,,,,,,,,,,,,,
26,,,32426,,,,,,,,,,,,,,,,,,,,,,,,,,,,,,,,,,,,,,,,,,,,,,,,,,,,,,,,0.9767482280731201,0.7157894968986511,0.9778933525085449,0.9732640385627747,0.9905087351799011,0.9282868504524231,0.699999988079071,2.2006733417510986,0.6791287660598755,2.1800405979156494,0.6724842190742493,2.3552708625793457,0.6127562522888184,2.8164613246917725,0.7649402618408203,2.034243583679199,0.6493076682090759,0.24845845997333527,0.1350005567073822,0.5743354558944702,2.5138819217681885,0.6127562522888184,0.873863935470581,0.4221668839454651,0.9207558631896973,0.789128839969635,0.9289963841438293,0.8470418453216553,0.5379825830459595,3.346449613571167,0.592959463596344,2.738429069519043,0.5942732095718384,2.732416868209839,0.6447232365608215,2.379229784011841,0.6753246784210205,2.445749282836914,0.6139593124389648,0.2677028179168701,0.15059494972229004,0.6377882361412048,2.613905191421509,0.5379825830459595
26,,,32426,,,,,,,,,,,,,,,,,,,,,,,,,,,,,,,,,,,,,,,,,,,,,0.9601137638092041,0.6362082958221436,0.9557844400405884,0.9664402008056641,0.9837218523025513,0.7827431559562683,0.0,0.0935710221529007,0.9863263368606567,0.041548680514097214,0.050905805081129074,,,,,,,,,,,,,,,,,,,,,,,,,,,,,,,,,,,,,,,,,,,,
,5.222752508677381e-05,3.3214161425634937e-06,32427,,,,,,,,,,,,,,,,,,,,,,,,,,,,,,,,,,,,,,,,,,,,,,,,,,,,,,,,,,,,,,,,,,,,,,,,,,,,,,,,,,,,,,,,,,,,,,,,,,,
27,,,33627,,,,,,,,,,,,,,,,,,,,,,,,,,,,,,,,,,,,,,,,,,,,,,,,,,,,,,,,0.9460942149162292,0.6000000238418579,0.9655396342277527,0.9955440163612366,0.9326120018959045,0.7410358786582947,0.7157894968986511,2.233628749847412,0.6862809062004089,2.16123628616333,0.6717415452003479,2.331183671951294,0.6137053966522217,2.9086408615112305,0.7768924236297607,1.9055652618408203,0.6520944237709045,0.2476939857006073,0.125729039311409,0.5808391571044922,2.542556047439575,0.6137053966522217,0.8519708514213562,0.36986300349235535,0.9106979370117188,0.8946857452392578,0.8503621220588684,0.6233766078948975,0.5242839455604553,3.878899574279785,0.5911307334899902,2.8176355361938477,0.5933026075363159,2.848630666732788,0.6452405452728271,2.5462453365325928,0.6695526838302612,2.5279691219329834,0.6126035451889038,0.2724744975566864,0.13924944400787354,0.618911623954773,2.752338171005249,0.5242839455604553
27,,,33627,,,,,,,,,,,,,,,,,,,,,,,,,,,,,,,,,,,,,,,,,,,,,0.9609012007713318,0.6421347260475159,0.9567437171936035,0.9670692086219788,0.9840631484985352,0.787585973739624,0.0,0.08842183649539948,0.9886811375617981,0.03611218184232712,0.044954363256692886,,,,,,,,,,,,,,,,,,,,,,,,,,,,,,,,,,,,,,,,,,,,
,4.8772474913226224e-05,3.188559496860954e-06,33628,,,,,,,,,,,,,,,,,,,,,,,,,,,,,,,,,,,,,,,,,,,,,,,,,,,,,,,,,,,,,,,,,,,,,,,,,,,,,,,,,,,,,,,,,,,,,,,,,,,
28,,,34828,,,,,,,,,,,,,,,,,,,,,,,,,,,,,,,,,,,,,,,,,,,,,,,,,,,,,,,,0.9561090469360352,0.5789473652839661,0.9463589191436768,0.9944300055503845,0.9610857963562012,0.8645418286323547,0.7105262875556946,2.227236747741699,0.6872561573982239,2.1966960430145264,0.6650575399398804,2.5528533458709717,0.6108580231666565,2.8990869522094727,0.7928286790847778,1.7098853588104248,0.6497430801391602,0.25655171275138855,0.11738893389701843,0.5407866835594177,2.598663568496704,0.6108580231666565,0.8557369112968445,0.28144457936286926,0.8730570077896118,0.9184663891792297,0.879073977470398,0.728715717792511,0.5392279028892517,3.527024745941162,0.5973788499832153,2.832444429397583,0.595001220703125,2.936732292175293,0.6471805572509766,2.46612286567688,0.7301587462425232,2.0670628547668457,0.618478536605835,0.269930362701416,0.1421760618686676,0.5931122899055481,2.715057611465454,0.5392279028892517
28,,,34828,,,,,,,,,,,,,,,,,,,,,,,,,,,,,,,,,,,,,,,,,,,,,0.9616411328315735,0.6482627987861633,0.957628607749939,0.9676103591918945,0.9843868613243103,0.7922839522361755,0.0,0.08528139442205429,0.9902293682098389,0.030153609812259674,0.038681760430336,,,,,,,,,,,,,,,,,,,,,,,,,,,,,,,,,,,,,,,,,,,,
,4.532584106825117e-05,3.0610171169865154e-06,34829,,,,,,,,,,,,,,,,,,,,,,,,,,,,,,,,,,,,,,,,,,,,,,,,,,,,,,,,,,,,,,,,,,,,,,,,,,,,,,,,,,,,,,,,,,,,,,,,,,,
29,,,36029,,,,,,,,,,,,,,,,,,,,,,,,,,,,,,,,,,,,,,,,,,,,,,,,,,,,,,,,0.9757903218269348,0.75789475440979,0.9840702414512634,0.9569253325462341,0.9920273423194885,0.9203187227249146,0.6842105388641357,2.2787208557128906,0.6784785389900208,2.2282631397247314,0.6683995723724365,2.4267988204956055,0.6133257150650024,2.999403715133667,0.7649402618408203,2.142850875854492,0.648262619972229,0.25682127475738525,0.11302031576633453,0.5371118783950806,2.6299331188201904,0.6133257150650024,0.8591011762619019,0.5740971565246582,0.9320329427719116,0.6855131983757019,0.9180030822753906,0.8787878751754761,0.5529265403747559,3.721679210662842,0.6097226738929749,2.8314461708068848,0.6008250713348389,2.831575632095337,0.6462752223014832,2.5996484756469727,0.6839826703071594,2.6030683517456055,0.622344970703125,0.26793235540390015,0.13794881105422974,0.5869377255439758,2.7703487873077393,0.5529265403747559
29,,,36029,,,,,,,,,,,,,,,,,,,,,,,,,,,,,,,,,,,,,,,,,,,,,0.9623689651489258,0.6535398364067078,0.958514928817749,0.968165934085846,0.9847139120101929,0.7969937324523926,0.0,0.08071047812700272,0.9913872480392456,0.027314499020576477,0.03538554534316063,,,,,,,,,,,,,,,,,,,,,,,,,,,,,,,,,,,,,,,,,,,,
,4.190441520548696e-05,2.9385764323070547e-06,36030,,,,,,,,,,,,,,,,,,,,,,,,,,,,,,,,,,,,,,,,,,,,,,,,,,,,,,,,,,,,,,,,,,,,,,,,,,,,,,,,,,,,,,,,,,,,,,,,,,,
30,,,37230,,,,,,,,,,,,,,,,,,,,,,,,,,,,,,,,,,,,,,,,,,,,,,,,,,,,,,,,0.9803187251091003,0.7473683953285217,0.9850454926490784,0.9858893156051636,0.986522376537323,0.9282868504524231,0.7263157963752747,1.9910964965820312,0.6801040172576904,2.1981892585754395,0.6732268929481506,2.478816270828247,0.6163629293441772,2.992218017578125,0.7649402618408203,2.386098623275757,0.6519202589988708,0.2540120780467987,0.11426281183958054,0.5403876900672913,2.634586811065674,0.6163629293441772,0.8782827258110046,0.5006226897239685,0.9305089712142944,0.7993205785751343,0.9134764671325684,0.9033188819885254,0.5379825830459595,3.2512011528015137,0.6042364835739136,2.78434419631958,0.602523684501648,2.7795207500457764,0.646016538143158,2.556396007537842,0.6608946323394775,2.5146446228027344,0.619382381439209,0.2703300416469574,0.1423359364271164,0.584429919719696,2.7060530185699463,0.5379825830459595
30,,,37230,,,,,,,,,,,,,,,,,,,,,,,,,,,,,,,,,,,,,,,,,,,,,0.9630842804908752,0.6589046120643616,0.9594055414199829,0.9687037467956543,0.9850550889968872,0.8008688688278198,0.0,0.07669728994369507,0.9918035864830017,0.025578638538718224,0.03324837610125542,,,,,,,,,,,,,,,,,,,,,,,,,,,,,,,,,,,,,,,,,,,,
,3.852486616781645e-05,2.8210333750147725e-06,37231,,,,,,,,,,,,,,,,,,,,,,,,,,,,,,,,,,,,,,,,,,,,,,,,,,,,,,,,,,,,,,,,,,,,,,,,,,,,,,,,,,,,,,,,,,,,,,,,,,,
31,,,38431,,,,,,,,,,,,,,,,,,,,,,,,,,,,,,,,,,,,,,,,,,,,,,,,,,,,,,,,0.9838892221450806,0.7947368621826172,0.9830949306488037,0.9855180382728577,0.9935459494590759,0.9362549781799316,0.7263157963752747,2.332773447036743,0.6823797225952148,2.3394923210144043,0.686223566532135,2.5661959648132324,0.6184509992599487,3.117957353591919,0.7968127727508545,2.021047592163086,0.657232403755188,0.2568715214729309,0.10009539872407913,0.4979514479637146,2.743070125579834,0.6184509992599487,0.8868190050125122,0.5143212676048279,0.9221274256706238,0.8148507475852966,0.9366270303726196,0.8614718317985535,0.5479452013969421,3.6169629096984863,0.6077415347099304,2.903646469116211,0.5998544096946716,2.973839044570923,0.650931179523468,2.6282262802124023,0.6897546648979187,2.5177149772644043,0.6232990026473999,0.2745305299758911,0.1241273581981659,0.5520694255828857,2.828896999359131,0.5479452013969421
31,,,38431,,,,,,,,,,,,,,,,,,,,,,,,,,,,,,,,,,,,,,,,,,,,,0.9637890458106995,0.6640921235084534,0.9602807760238647,0.969265878200531,0.9853677153587341,0.8049588799476624,0.0,0.07220794260501862,0.9938461780548096,0.01921674609184265,0.02643756940960884,,,,,,,,,,,,,,,,,,,,,,,,,,,,,,,,,,,,,,,,,,,,
,3.520365877844012e-05,2.7081920400141815e-06,38432,,,,,,,,,,,,,,,,,,,,,,,,,,,,,,,,,,,,,,,,,,,,,,,,,,,,,,,,,,,,,,,,,,,,,,,,,,,,,,,,,,,,,,,,,,,,,,,,,,,
32,,,39632,,,,,,,,,,,,,,,,,,,,,,,,,,,,,,,,,,,,,,,,,,,,,,,,,,,,,,,,0.9805799722671509,0.8315789699554443,0.9866710305213928,0.9665800333023071,0.9943052530288696,0.9003984332084656,0.7315789461135864,2.4067842960357666,0.6807542443275452,2.4693236351013184,0.6635722517967224,2.718531847000122,0.6292710900306702,3.126347064971924,0.7689242959022522,2.266859531402588,0.6560132503509521,0.2606242299079895,0.09804516285657883,0.4775089621543884,2.8239691257476807,0.6292710900306702,0.8661812543869019,0.6276463270187378,0.9434623718261719,0.6767774820327759,0.9361096620559692,0.761904776096344,0.5466998815536499,4.230424404144287,0.6155135631561279,3.0047857761383057,0.5983984470367432,3.2032957077026367,0.6548112034797668,2.7159459590911865,0.6854256987571716,2.67989444732666,0.6268641948699951,0.2757994532585144,0.11274082213640213,0.5342735052108765,2.973865270614624,0.5466998815536499
32,,,39632,,,,,,,,,,,,,,,,,,,,,,,,,,,,,,,,,,,,,,,,,,,,,0.964490532875061,0.6696165204048157,0.9611448645591736,0.9698024392127991,0.9856849312782288,0.8088933229446411,0.0,0.06818504631519318,0.9941584467887878,0.018073992803692818,0.024892501533031464,,,,,,,,,,,,,,,,,,,,,,,,,,,,,,,,,,,,,,,,,,,,
,3.1956973625912366e-05,2.599864358413614e-06,39633,,,,,,,,,,,,,,,,,,,,,,,,,,,,,,,,,,,,,,,,,,,,,,,,,,,,,,,,,,,,,,,,,,,,,,,,,,,,,,,,,,,,,,,,,,,,,,,,,,,
33,,,40833,,,,,,,,,,,,,,,,,,,,,,,,,,,,,,,,,,,,,,,,,,,,,,,,,,,,,,,,0.9822345972061157,0.8263157606124878,0.9863458871841431,0.9710360169410706,0.9935459494590759,0.9521912336349487,0.7210526466369629,2.5103867053985596,0.6875813007354736,2.3455469608306885,0.6802822351455688,2.663865327835083,0.6245254278182983,3.0516204833984375,0.7968127727508545,2.1343576908111572,0.6600191593170166,0.2554803192615509,0.09942561388015747,0.4907469153404236,2.7449228763580322,0.6245254278182983,0.8698970675468445,0.5118306279182434,0.9305089712142944,0.7323465347290039,0.9271857142448425,0.8946608901023865,0.5616438388824463,3.6514031887054443,0.6083511114120483,2.968507766723633,0.6047075986862183,3.1345462799072266,0.6545525193214417,2.596604585647583,0.6738816499710083,2.7430479526519775,0.6259101033210754,0.2752300500869751,0.1139843612909317,0.5422239899635315,2.8793652057647705,0.5616438388824463
33,,,40833,,,,,,,,,,,,,,,,,,,,,,,,,,,,,,,,,,,,,,,,,,,,,0.9651476740837097,0.6746300458908081,0.96195387840271,0.9703025221824646,0.985987663269043,0.8126500844955444,0.0,0.06456422060728073,0.9949130415916443,0.015781987458467484,0.02223839797079563,,,,,,,,,,,,,,,,,,,,,,,,,,,,,,,,,,,,,,,,,,,,
,2.8800628233940678e-05,2.4958697840770696e-06,40834,,,,,,,,,,,,,,,,,,,,,,,,,,,,,,,,,,,,,,,,,,,,,,,,,,,,,,,,,,,,,,,,,,,,,,,,,,,,,,,,,,,,,,,,,,,,,,,,,,,
34,,,42034,,,,,,,,,,,,,,,,,,,,,,,,,,,,,,,,,,,,,,,,,,,,,,,,,,,,,,,,0.9807541370391846,0.8263157606124878,0.9645643830299377,0.9896026849746704,0.9963933229446411,0.892430305480957,0.7263157963752747,2.6478168964385986,0.6752275824546814,2.5254743099212646,0.673969566822052,2.741262912750244,0.6218678951263428,3.2256882190704346,0.7968127727508545,2.161572217941284,0.6540102958679199,0.263529509305954,0.09527087211608887,0.4744519889354706,2.8967347145080566,0.6218678951263428,0.8756716251373291,0.5579078197479248,0.8811337947845459,0.7959232926368713,0.9606828689575195,0.7229437232017517,0.5479452013969421,3.64540433883667,0.5992075800895691,3.218700885772705,0.6093181371688843,3.168349027633667,0.6489912271499634,2.8144145011901855,0.6998556852340698,2.698089599609375,0.6220436692237854,0.2804809510707855,0.1133309006690979,0.5273352265357971,3.0518014430999756,0.5479452013969421
34,,,42034,,,,,,,,,,,,,,,,,,,,,,,,,,,,,,,,,,,,,,,,,,,,,0.9658067226409912,0.6800072193145752,0.9627371430397034,0.9708349704742432,0.9862698316574097,0.8165578246116638,0.0,0.06016591936349869,0.9965132474899292,0.010807108134031296,0.016823705285787582,,,,,,,,,,,,,,,,,,,,,,,,,,,,,,,,,,,,,,,,,,,,
,2.5750000000000023e-05,2.396034992713987e-06,42035,,,,,,,,,,,,,,,,,,,,,,,,,,,,,,,,,,,,,,,,,,,,,,,,,,,,,,,,,,,,,,,,,,,,,,,,,,,,,,,,,,,,,,,,,,,,,,,,,,,
35,,,43235,,,,,,,,,,,,,,,,,,,,,,,,,,,,,,,,,,,,,,,,,,,,,,,,,,,,,,,,0.9851084351539612,0.8315789699554443,0.9856957197189331,0.9806906580924988,0.9962034821510315,0.9282868504524231,0.74210524559021,2.5098185539245605,0.6856306791305542,2.4696097373962402,0.6813961863517761,2.764009475708008,0.6315490007400513,3.1451175212860107,0.7848605513572693,2.200077772140503,0.6629800796508789,0.2574862241744995,0.09312915802001953,0.4569679796695709,2.8451602458953857,0.6315490007400513,0.880743145942688,0.5429638624191284,0.9346235990524292,0.7430235147476196,0.9486549496650696,0.8282828330993652,0.5466998815536499,4.281823635101318,0.6150563955307007,2.988882303237915,0.5923319458961487,3.227851152420044,0.6601138114929199,2.7174203395843506,0.7171717286109924,2.5848844051361084,0.6286718845367432,0.2764182686805725,0.11271107941865921,0.5154991745948792,2.9717273712158203,0.5466998815536499
35,,,43235,,,,,,,,,,,,,,,,,,,,,,,,,,,,,,,,,,,,,,,,,,,,,0.9664135575294495,0.6852964162826538,0.9634476900100708,0.9712785482406616,0.9865427613258362,0.8201977014541626,0.0,0.05931869521737099,0.996591329574585,0.01092548668384552,0.016857340931892395,,,,,,,,,,,,,,,,,,,,,,,,,,,,,,,,,,,,,,,,,,,,
,2.281995127819805e-05,2.3001935930054273e-06,43236,,,,,,,,,,,,,,,,,,,,,,,,,,,,,,,,,,,,,,,,,,,,,,,,,,,,,,,,,,,,,,,,,,,,,,,,,,,,,,,,,,,,,,,,,,,,,,,,,,,
36,,,44436,,,,,,,,,,,,,,,,,,,,,,,,,,,,,,,,,,,,,,,,,,,,,,,,,,,,,,,,0.9844117164611816,0.8157894611358643,0.9762678742408752,0.9918306469917297,0.9944950938224792,0.9402390718460083,0.7473683953285217,2.4494457244873047,0.6794538497924805,2.462292194366455,0.6787968873977661,2.680100202560425,0.6302201747894287,3.22123646736145,0.7968127727508545,2.1826164722442627,0.6604545712471008,0.25905606150627136,0.09741605818271637,0.4574473798274994,2.858715772628784,0.6302201747894287,0.8821993470191956,0.5479452013969421,0.9076501131057739,0.826741099357605,0.9282203912734985,0.8499278426170349,0.5616438388824463,3.8435940742492676,0.6024078130722046,3.1515963077545166,0.5867508053779602,3.262086868286133,0.6457579135894775,2.8126113414764404,0.6767676472663879,2.895118236541748,0.6169219017028809,0.28701913356781006,0.10859059542417526,0.5147227048873901,3.0625932216644287,0.5616438388824463
36,,,44436,,,,,,,,,,,,,,,,,,,,,,,,,,,,,,,,,,,,,,,,,,,,,0.9670298099517822,0.6905559301376343,0.9641559720039368,0.9717937707901001,0.9868009090423584,0.823871374130249,0.0,0.05439731106162071,0.99699467420578,0.00965765118598938,0.015097374096512794,,,,,,,,,,,,,,,,,,,,,,,,,,,,,,,,,,,,,,,,,,,,
,2.0024756971379923e-05,2.20818584928521e-06,44437,,,,,,,,,,,,,,,,,,,,,,,,,,,,,,,,,,,,,,,,,,,,,,,,,,,,,,,,,,,,,,,,,,,,,,,,,,,,,,,,,,,,,,,,,,,,,,,,,,,
37,,,45637,,,,,,,,,,,,,,,,,,,,,,,,,,,,,,,,,,,,,,,,,,,,,,,,,,,,,,,,0.9857180118560791,0.8736842274665833,0.9882965087890625,0.9806906580924988,0.9927866458892822,0.9641434550285339,0.7526316046714783,2.704235792160034,0.6963589191436768,2.4816181659698486,0.6899368762969971,2.6860218048095703,0.6361047625541687,3.1561455726623535,0.8087649345397949,2.17507004737854,0.6705564856529236,0.25255265831947327,0.09336133301258087,0.444940984249115,2.842132329940796,0.6361047625541687,0.8911373615264893,0.5902864336967468,0.931270956993103,0.7932540774345398,0.9386963248252869,0.9163058996200562,0.571606457233429,3.7361721992492676,0.6211521029472351,3.0529592037200928,0.6030089855194092,3.2032527923583984,0.6572685241699219,2.702993154525757,0.6753246784210205,2.7121760845184326,0.6312829256057739,0.2765676975250244,0.10750780999660492,0.4999094605445862,2.966378688812256,0.571606457233429
37,,,45637,,,,,,,,,,,,,,,,,,,,,,,,,,,,,,,,,,,,,,,,,,,,,0.9676204323768616,0.6955053806304932,0.9648306965827942,0.9722804427146912,0.9870635867118835,0.8272876143455505,0.0,0.051703907549381256,0.9978793263435364,0.006862794514745474,0.012033184990286827,,,,,,,,,,,,,,,,,,,,,,,,,,,,,,,,,,,,,,,,,,,,
,1.7378034985236525e-05,2.1198584153138014e-06,45638,,,,,,,,,,,,,,,,,,,,,,,,,,,,,,,,,,,,,,,,,,,,,,,,,,,,,,,,,,,,,,,,,,,,,,,,,,,,,,,,,,,,,,,,,,,,,,,,,,,
38,,,46838,,,,,,,,,,,,,,,,,,,,,,,,,,,,,,,,,,,,,,,,,,,,,,,,,,,,,,,,0.9878080487251282,0.8894736766815186,0.9856957197189331,0.9847753643989563,0.9963933229446411,0.9601593613624573,0.7315789461135864,2.615773916244507,0.6895318627357483,2.5072178840637207,0.6917935609817505,2.658231735229492,0.6338268518447876,3.2312309741973877,0.8127490282058716,2.1831231117248535,0.6679438948631287,0.2567046284675598,0.08701089024543762,0.44275617599487305,2.8692474365234375,0.6338268518447876,0.8836053013801575,0.6089663505554199,0.9239560961723328,0.771172046661377,0.9349457025527954,0.920634925365448,0.5691158175468445,3.996525287628174,0.6162755489349365,3.139779806137085,0.6010677218437195,3.234748601913452,0.6595965027809143,2.784085750579834,0.6926407217979431,2.827038049697876,0.6306803822517395,0.27857106924057007,0.10577189922332764,0.4925422668457031,3.047041654586792,0.5691158175468445
38,,,46838,,,,,,,,,,,,,,,,,,,,,,,,,,,,,,,,,,,,,,,,,,,,,0.9681991338729858,0.7003792524337769,0.9654916524887085,0.9727622866630554,0.9873142838478088,0.8307004570960999,0.0,0.048968855291604996,0.9981525540351868,0.005470458418130875,0.010367343202233315,,,,,,,,,,,,,,,,,,,,,,,,,,,,,,,,,,,,,,,,,,,,
,1.4892679883236773e-05,2.0350640787012494e-06,46839,,,,,,,,,,,,,,,,,,,,,,,,,,,,,,,,,,,,,,,,,,,,,,,,,,,,,,,,,,,,,,,,,,,,,,,,,,,,,,,,,,,,,,,,,,,,,,,,,,,
39,,,48039,,,,,,,,,,,,,,,,,,,,,,,,,,,,,,,,,,,,,,,,,,,,,,,,,,,,,,,,0.987372636795044,0.8684210777282715,0.9876462817192078,0.9847753643989563,0.9948747158050537,0.9641434550285339,0.7263157963752747,2.8268585205078125,0.6940832138061523,2.5122628211975098,0.6806535720825195,2.7022905349731445,0.6345861554145813,3.1992931365966797,0.8127490282058716,2.1916112899780273,0.6668118238449097,0.2585426867008209,0.08594898134469986,0.4358481466770172,2.8712618350982666,0.6345861554145813,0.8849108815193176,0.6251556873321533,0.928985059261322,0.771172046661377,0.9342989921569824,0.8989899158477783,0.5541718602180481,4.072896957397461,0.6206949353218079,3.149807929992676,0.5916039943695068,3.427692174911499,0.6557164788246155,2.8749263286590576,0.7085137367248535,2.614149570465088,0.6286718845367432,0.28422990441322327,0.09894857555627823,0.4726310074329376,3.1206018924713135,0.5541718602180481
39,,,48039,,,,,,,,,,,,,,,,,,,,,,,,,,,,,,,,,,,,,,,,,,,,,0.9687681198120117,0.7054361701011658,0.9661481380462646,0.9732368588447571,0.9875552654266357,0.8338208198547363,0.0,0.045729514211416245,0.9985688924789429,0.004199311137199402,0.00877226609736681,,,,,,,,,,,,,,,,,,,,,,,,,,,,,,,,,,,,,,,,,,,,
,1.2580800065610601e-05,1.953661515553199e-06,48040,,,,,,,,,,,,,,,,,,,,,,,,,,,,,,,,,,,,,,,,,,,,,,,,,,,,,,,,,,,,,,,,,,,,,,,,,,,,,,,,,,,,,,,,,,,,,,,,,,,
40,,,49240,,,,,,,,,,,,,,,,,,,,,,,,,,,,,,,,,,,,,,,,,,,,,,,,,,,,,,,,0.9886789321899414,0.8842105269432068,0.9882965087890625,0.9881173372268677,0.9950645565986633,0.9641434550285339,0.7368420958518982,2.8729238510131836,0.6892067790031433,2.597787380218506,0.6895655393600464,2.711275339126587,0.6399012804031372,3.2857446670532227,0.788844645023346,2.1091513633728027,0.6696856021881104,0.25892338156700134,0.08036022633314133,0.4191918969154358,2.9367940425872803,0.6399012804031372,0.895104169845581,0.5790784358978271,0.9309661984443665,0.8022324442863464,0.9490429162979126,0.8773449063301086,0.5392279028892517,4.293918132781982,0.6214568614959717,3.164973258972168,0.6100460886955261,3.2588798999786377,0.6668391227722168,2.791116952896118,0.6984127163887024,2.713233470916748,0.636053204536438,0.2785988748073578,0.09612555056810379,0.4700542092323303,3.0742948055267334,0.5392279028892517
40,,,49240,,,,,,,,,,,,,,,,,,,,,,,,,,,,,,,,,,,,,,,,,,,,,0.9693236351013184,0.7103542685508728,0.9667935371398926,0.9737088084220886,0.9877782464027405,0.8369970917701721,0.0,0.04392802715301514,0.998542845249176,0.004800612106919289,0.009193416684865952,,,,,,,,,,,,,,,,,,,,,,,,,,,,,,,,,,,,,,,,,,,,
,1.0453658778440112e-05,1.8755150549310712e-06,49241,,,,,,,,,,,,,,,,,,,,,,,,,,,,,,,,,,,,,,,,,,,,,,,,,,,,,,,,,,,,,,,,,,,,,,,,,,,,,,,,,,,,,,,,,,,,,,,,,,,
41,,,50441,,,,,,,,,,,,,,,,,,,,,,,,,,,,,,,,,,,,,,,,,,,,,,,,,,,,,,,,0.9889401793479919,0.9052631855010986,0.9921976327896118,0.9844040274620056,0.99411541223526,0.9721115827560425,0.7210526466369629,2.968416929244995,0.6866059899330139,2.5912625789642334,0.686223566532135,2.7930285930633545,0.6372437477111816,3.3359274864196777,0.8007968068122864,2.230198621749878,0.6669859886169434,0.2616930902004242,0.08097643405199051,0.4150260090827942,2.9816884994506836,0.6372437477111816,0.8858649134635925,0.6363636255264282,0.9402621388435364,0.7704440951347351,0.9280910491943359,0.8802309036254883,0.5466998815536499,4.197162628173828,0.6190186142921448,3.1936380863189697,0.6022809743881226,3.4364492893218994,0.6633471250534058,2.875107526779175,0.701298713684082,2.8643507957458496,0.6326889395713806,0.28217536211013794,0.10037300735712051,0.4599553346633911,3.154315948486328,0.5466998815536499
41,,,50441,,,,,,,,,,,,,,,,,,,,,,,,,,,,,,,,,,,,,,,,,,,,,0.969865083694458,0.7152338624000549,0.9673855304718018,0.9741703867912292,0.9880083799362183,0.8401961922645569,0.0,0.040701523423194885,0.9991803765296936,0.0025994121097028255,0.006669564638286829,,,,,,,,,,,,,,,,,,,,,,,,,,,,,,,,,,,,,,,,,,,,
,8.52161924025692e-06,1.8004944527338282e-06,50442,,,,,,,,,,,,,,,,,,,,,,,,,,,,,,,,,,,,,,,,,,,,,,,,,,,,,,,,,,,,,,,,,,,,,,,,,,,,,,,,,,,,,,,,,,,,,,,,,,,
42,,,51642,,,,,,,,,,,,,,,,,,,,,,,,,,,,,,,,,,,,,,,,,,,,,,,,,,,,,,,,0.9893755912780762,0.8999999761581421,0.9899219870567322,0.9840326905250549,0.995823860168457,0.9920318722724915,0.74210524559021,3.0696749687194824,0.6950585246086121,2.697758913040161,0.6925361752510071,2.7730393409729004,0.6408504247665405,3.3631536960601807,0.8087649345397949,2.2007389068603516,0.6729077696800232,0.2574653923511505,0.07532151788473129,0.4150710999965668,3.0175702571868896,0.6408504247665405,0.8942505717277527,0.6189290285110474,0.9355379343032837,0.789128839969635,0.9439989924430847,0.8975468873977661,0.5466998815536499,4.4553117752075195,0.6260286569595337,3.2669837474823,0.6139286756515503,3.4031951427459717,0.6645111441612244,2.8894875049591064,0.7186146974563599,2.7120673656463623,0.6384634971618652,0.279716432094574,0.09434565901756287,0.4479788839817047,3.1807384490966797,0.5466998815536499
42,,,51642,,,,,,,,,,,,,,,,,,,,,,,,,,,,,,,,,,,,,,,,,,,,,0.9703958034515381,0.7197983264923096,0.9680098295211792,0.9746025800704956,0.9882338047027588,0.8432039618492126,0.0,0.038674239069223404,0.9991803765296936,0.0022875152062624693,0.006154938600957394,,,,,,,,,,,,,,,,,,,,,,,,,,,,,,,,,,,,,,,,,,,,
,6.794094153483128e-06,1.728474674624475e-06,51643,,,,,,,,,,,,,,,,,,,,,,,,,,,,,,,,,,,,,,,,,,,,,,,,,,,,,,,,,,,,,,,,,,,,,,,,,,,,,,,,,,,,,,,,,,,,,,,,,,,
43,,,52843,,,,,,,,,,,,,,,,,,,,,,,,,,,,,,,,,,,,,,,,,,,,,,,,,,,,,,,,0.9900723099708557,0.9105263352394104,0.9899219870567322,0.9884886741638184,0.9946848750114441,0.9920318722724915,0.7368420958518982,2.9976489543914795,0.6973342299461365,2.6840004920959473,0.6943928599357605,2.8394641876220703,0.6402809619903564,3.3744266033172607,0.8127490282058716,2.211547613143921,0.6736915707588196,0.25750643014907837,0.07737641036510468,0.40102943778038025,3.0338988304138184,0.6402809619903564,0.8994225263595581,0.6488169431686401,0.9241085052490234,0.8257704377174377,0.9414123296737671,0.9307359457015991,0.5529265403747559,4.289943695068359,0.6225236058235168,3.2798006534576416,0.6192671656608582,3.4520444869995117,0.666063129901886,2.9425156116485596,0.7041847109794617,2.791133165359497,0.6387647390365601,0.2802424728870392,0.09289608150720596,0.44015878438949585,3.211399555206299,0.5529265403747559
43,,,52843,,,,,,,,,,,,,,,,,,,,,,,,,,,,,,,,,,,,,,,,,,,,,0.9709048271179199,0.7243707776069641,0.9686046838760376,0.975010097026825,0.988444447517395,0.8461442589759827,0.0,0.03661709278821945,0.9993755221366882,0.001990905497223139,0.005652610678225756,,,,,,,,,,,,,,,,,,,,,,,,,,,,,,,,,,,,,,,,,,,,
,5.279499846691265e-06,1.6593356876394958e-06,52844,,,,,,,,,,,,,,,,,,,,,,,,,,,,,,,,,,,,,,,,,,,,,,,,,,,,,,,,,,,,,,,,,,,,,,,,,,,,,,,,,,,,,,,,,,,,,,,,,,,
44,,,54044,,,,,,,,,,,,,,,,,,,,,,,,,,,,,,,,,,,,,,,,,,,,,,,,,,,,,,,,0.9903335571289062,0.9052631855010986,0.9915474653244019,0.9847753643989563,0.9965831637382507,0.9880478382110596,0.74210524559021,3.0418763160705566,0.6940832138061523,2.671447992324829,0.6929075121879578,2.8574647903442383,0.637053906917572,3.4362778663635254,0.7968127727508545,2.2512314319610596,0.6707306504249573,0.2616001069545746,0.07338814437389374,0.39801380038261414,3.0662035942077637,0.637053906917572,0.8947526812553406,0.6313822865486145,0.9309661984443665,0.7956806421279907,0.9430936574935913,0.9119769334793091,0.5591531991958618,4.27211332321167,0.6206949353218079,3.292789936065674,0.6071341633796692,3.51226544380188,0.6647697687149048,2.9456498622894287,0.6969696879386902,2.7960214614868164,0.635149359703064,0.2844521999359131,0.08781834691762924,0.438688188791275,3.229100465774536,0.5591531991958618
44,,,54044,,,,,,,,,,,,,,,,,,,,,,,,,,,,,,,,,,,,,,,,,,,,,0.9713958501815796,0.7286978363990784,0.9691751599311829,0.9754144549369812,0.9886521100997925,0.8488861918449402,0.0,0.03592611476778984,0.9994015097618103,0.0017986182356253266,0.0053912256844341755,,,,,,,,,,,,,,,,,,,,,,,,,,,,,,,,,,,,,,,,,,,,
,3.98521527109754e-06,1.5929622601339158e-06,54045,,,,,,,,,,,,,,,,,,,,,,,,,,,,,,,,,,,,,,,,,,,,,,,,,,,,,,,,,,,,,,,,,,,,,,,,,,,,,,,,,,,,,,,,,,,,,,,,,,,
45,,,55245,,,,,,,,,,,,,,,,,,,,,,,,,,,,,,,,,,,,,,,,,,,,,,,,,,,,,,,,0.9907689690589905,0.9157894849777222,0.9889466762542725,0.9892313480377197,0.9969627857208252,0.9760956168174744,0.7368420958518982,3.0253655910491943,0.6979843974113464,2.697842836380005,0.6940215229988098,2.8523736000061035,0.6431283354759216,3.4106860160827637,0.804780900478363,2.2225112915039062,0.6749107241630554,0.2577453851699829,0.07470279932022095,0.39516136050224304,3.057947874069214,0.6431283354759216,0.8994225263595581,0.6176837086677551,0.9227369427680969,0.8201892971992493,0.9505949020385742,0.9105339050292969,0.565379798412323,4.233173847198486,0.6255714893341064,3.3060672283172607,0.6180538535118103,3.4496138095855713,0.667485773563385,2.956347703933716,0.7041847109794617,2.7845959663391113,0.6405724287033081,0.28052225708961487,0.08732123672962189,0.43536117672920227,3.222608804702759,0.565379798412323
45,,,55245,,,,,,,,,,,,,,,,,,,,,,,,,,,,,,,,,,,,,,,,,,,,,0.9718770980834961,0.733001708984375,0.9697489142417908,0.9758073091506958,0.9888438582420349,0.8516148924827576,0.0,0.0345739908516407,0.9995576739311218,0.0014725177315995097,0.004929912742227316,,,,,,,,,,,,,,,,,,,,,,,,,,,,,,,,,,,,,,,,,,,,
,2.9175460510532266e-06,1.529243769728559e-06,55246,,,,,,,,,,,,,,,,,,,,,,,,,,,,,,,,,,,,,,,,,,,,,,,,,,,,,,,,,,,,,,,,,,,,,,,,,,,,,,,,,,,,,,,,,,,,,,,,,,,
46,,,56446,,,,,,,,,,,,,,,,,,,,,,,,,,,,,,,,,,,,,,,,,,,,,,,,,,,,,,,,0.9909431338310242,0.9105263352394104,0.9895969033241272,0.9892313480377197,0.9963933229446411,0.9920318722724915,0.7315789461135864,3.050088882446289,0.6950585246086121,2.6904358863830566,0.6992201805114746,2.8490612506866455,0.6457858681678772,3.431081771850586,0.8127490282058716,2.2333590984344482,0.6766524314880371,0.25742265582084656,0.07561907917261124,0.3854873478412628,3.066437005996704,0.6457858681678772,0.8997238278388977,0.6201743483543396,0.9251752495765686,0.823829174041748,0.9467149376869202,0.9148629307746887,0.560398519039154,4.296135425567627,0.6238951683044434,3.334960460662842,0.6141713261604309,3.498297929763794,0.6696844100952148,2.9645206928253174,0.6955267190933228,2.8977415561676025,0.6395681500434875,0.28166866302490234,0.08966878801584244,0.42823317646980286,3.252687931060791,0.560398519039154
46,,,56446,,,,,,,,,,,,,,,,,,,,,,,,,,,,,,,,,,,,,,,,,,,,,0.9723407030105591,0.7372031211853027,0.9702738523483276,0.9762025475502014,0.9890316724777222,0.8542922735214233,0.0,0.033130306750535965,0.9996617436408997,0.0013128863647580147,0.004625918809324503,,,,,,,,,,,,,,,,,,,,,,,,,,,,,,,,,,,,,,,,,,,,
,2.081693763676619e-06,1.4680740189394167e-06,56447,,,,,,,,,,,,,,,,,,,,,,,,,,,,,,,,,,,,,,,,,,,,,,,,,,,,,,,,,,,,,,,,,,,,,,,,,,,,,,,,,,,,,,,,,,,,,,,,,,,
47,,,57647,,,,,,,,,,,,,,,,,,,,,,,,,,,,,,,,,,,,,,,,,,,,,,,,,,,,,,,,0.9898980855941772,0.9157894849777222,0.9873211979866028,0.9858893156051636,0.9979119300842285,0.9721115827560425,0.7315789461135864,3.0225675106048584,0.6944082975387573,2.7014453411102295,0.6932788491249084,2.8828842639923096,0.6467350125312805,3.415325403213501,0.8007968068122864,2.2354235649108887,0.6752590537071228,0.2584644854068756,0.0733414739370346,0.3900713622570038,3.069410800933838,0.6467350125312805,0.8949033617973328,0.6201743483543396,0.9155744910240173,0.7956806421279907,0.9590015411376953,0.8975468873977661,0.5628891587257385,4.369397163391113,0.623590350151062,3.3356709480285645,0.6127153635025024,3.5210161209106445,0.670977771282196,2.9712941646575928,0.7070707082748413,2.80625057220459,0.6401707530021667,0.2815565764904022,0.08761505782604218,0.42821037769317627,3.260206937789917,0.5628891587257385
47,,,57647,,,,,,,,,,,,,,,,,,,,,,,,,,,,,,,,,,,,,,,,,,,,,0.9727903604507446,0.7412821054458618,0.9707898497581482,0.976577877998352,0.9892159104347229,0.8568454384803772,0.0,0.03274469077587128,0.9996356964111328,0.0011552253272384405,0.004429697059094906,,,,,,,,,,,,,,,,,,,,,,,,,,,,,,,,,,,,,,,,,,,,
,1.4817305972922728e-06,1.40935105818184e-06,57648,,,,,,,,,,,,,,,,,,,,,,,,,,,,,,,,,,,,,,,,,,,,,,,,,,,,,,,,,,,,,,,,,,,,,,,,,,,,,,,,,,,,,,,,,,,,,,,,,,,
48,,,58848,,,,,,,,,,,,,,,,,,,,,,,,,,,,,,,,,,,,,,,,,,,,,,,,,,,,,,,,0.9906818866729736,0.9315789341926575,0.9876462817192078,0.987746000289917,0.9973424673080444,0.9840637445449829,0.7315789461135864,3.034743547439575,0.6963589191436768,2.7157814502716064,0.6962495446205139,2.8640198707580566,0.6454062461853027,3.4085171222686768,0.8087649345397949,2.281472682952881,0.6760428547859192,0.25865983963012695,0.07312784343957901,0.3845864236354828,3.0685300827026367,0.6454062461853027,0.9017825722694397,0.660024881362915,0.9279183149337769,0.8197039365768433,0.9504656195640564,0.8845598697662354,0.5591531991958618,4.369592666625977,0.6226760149002075,3.3364098072052,0.6185392141342163,3.4627301692962646,0.670977771282196,2.94797682762146,0.7027416825294495,2.8503682613372803,0.6407732963562012,0.2814122438430786,0.08725744485855103,0.4282945692539215,3.240863084793091,0.5591531991958618
48,,,58848,,,,,,,,,,,,,,,,,,,,,,,,,,,,,,,,,,,,,,,,,,,,,0.9732202887535095,0.7452720403671265,0.9712925553321838,0.9769160747528076,0.9893949627876282,0.8592445850372314,0.0,0.03199062496423721,0.9996877312660217,0.0010836886940523982,0.004282754380255938,,,,,,,,,,,,,,,,,,,,,,,,,,,,,,,,,,,,,,,,,,,,
,1.1205795121387022e-06,1.3529770158545662e-06,58849,,,,,,,,,,,,,,,,,,,,,,,,,,,,,,,,,,,,,,,,,,,,,,,,,,,,,,,,,,,,,,,,,,,,,,,,,,,,,,,,,,,,,,,,,,,,,,,,,,,
49,,,60049,,,,,,,,,,,,,,,,,,,,,,,,,,,,,,,,,,,,,,,,,,,,,,,,,,,,,,,,0.9915527105331421,0.9263157844543457,0.9886215925216675,0.9918306469917297,0.9963933229446411,0.9920318722724915,0.74210524559021,2.963787078857422,0.6966840028762817,2.696568012237549,0.6947641968727112,2.870332956314087,0.6450265645980835,3.3992114067077637,0.804780900478363,2.2419238090515137,0.6756945252418518,0.25862711668014526,0.07205108553171158,0.38932111859321594,3.0563650131225586,0.6450265645980835,0.9019834399223328,0.6575342416763306,0.9294422268867493,0.8264984488487244,0.9439989924430847,0.9105339050292969,0.560398519039154,4.392021179199219,0.6289241313934326,3.333322048187256,0.61586993932724,3.4905385971069336,0.6721417307853699,2.9483699798583984,0.7085137367248535,2.774890184402466,0.6429826617240906,0.2793194353580475,0.08735581487417221,0.4301293194293976,3.2424821853637695,0.560398519039154
49,,,60049,,,,,,,,,,,,,,,,,,,,,,,,,,,,,,,,,,,,,,,,,,,,,0.9736388325691223,0.748950719833374,0.9717703461647034,0.9772642850875854,0.9895697236061096,0.8617062568664551,0.0,0.031366016715765,0.9996617436408997,0.0012115834979340434,0.004348179791122675,,,,,,,,,,,,,,,,,,,,,,,,,,,,,,,,,,,,,,,,,,,,
50,,,60050,0.9872869849205017,0.8851674795150757,0.9869009852409363,0.9843212366104126,0.9957281351089478,0.9495412707328796,0.7990430593490601,1.2148998975753784,0.6785942316055298,2.7162318229675293,0.656978964805603,2.9861860275268555,0.6337863802909851,3.2303454875946045,0.71100914478302,3.0174994468688965,0.6559547781944275,0.2670949399471283,0.08860024809837341,0.4427696466445923,2.991334915161133,0.6337863802909851,0.8192509412765503,0.46278440952301025,0.8784895539283752,0.7896433472633362,0.9158415794372559,0.869369387626648,0.37408408522605896,5.566101551055908,0.5856181383132935,3.431894302368164,0.576667308807373,3.4697279930114746,0.579378604888916,3.6718838214874268,0.6411411166191101,3.2994658946990967,0.5588927268981934,0.3344678580760956,0.12882757186889648,0.4985562264919281,3.7541890144348145,0.37408408522605896,,,,,,,,,,,,,,,,,,,,,,,,,,,,,,,,,,,,,,,,,,,,,,,,,,,,,,,
