epoch,lr-Adam,lr-Adam-1,lr-Adam-2,step,train/train-hr-domain-acc,train/train-hr-domain-acc-africa,train/train-hr-domain-acc-americas,train/train-hr-domain-acc-europe,train/train-hr-domain-acc-oceania,train/train-hr-domain-acc-other,train/train-hr-domain-loss,train/train-lr-domain-acc,train/train-lr-domain-acc-africa,train/train-lr-domain-acc-americas,train/train-lr-domain-acc-europe,train/train-lr-domain-acc-oceania,train/train-lr-domain-acc-other,train/train-lr-domain-loss,train/train-task-acc,train/train-task-loss,val/val-id-hr-domain-acc,val/val-id-hr-domain-acc-africa,val/val-id-hr-domain-acc-americas,val/val-id-hr-domain-acc-europe,val/val-id-hr-domain-acc-oceania,val/val-id-lr-domain-acc,val/val-id-lr-domain-acc-africa,val/val-id-lr-domain-acc-americas,val/val-id-lr-domain-acc-europe,val/val-id-lr-domain-acc-oceania,val/val-id-region-africa-task-acc,val/val-id-region-africa-task-loss,val/val-id-region-africa-top5-task-acc,val/val-id-region-americas-task-acc,val/val-id-region-americas-task-loss,val/val-id-region-americas-top5-task-acc,val/val-id-region-europe-task-acc,val/val-id-region-europe-task-loss,val/val-id-region-europe-top5-task-acc,val/val-id-region-oceania-task-acc,val/val-id-region-oceania-task-loss,val/val-id-region-oceania-top5-task-acc,val/val-id-task-acc,val/val-id-task-ece,val/val-id-task-entropy-correct,val/val-id-task-entropy-incorrect,val/val-id-task-loss,val/val-id-top5-task-acc,val/val-id-worst-group-task-acc,val/val-id-worst-group-top5-task-acc,val/val-od-hr-domain-acc,val/val-od-hr-domain-acc-africa,val/val-od-hr-domain-acc-americas,val/val-od-hr-domain-acc-europe,val/val-od-hr-domain-acc-oceania,val/val-od-lr-domain-acc,val/val-od-lr-domain-acc-africa,val/val-od-lr-domain-acc-americas,val/val-od-lr-domain-acc-europe,val/val-od-lr-domain-acc-oceania,val/val-od-region-africa-task-acc,val/val-od-region-africa-task-loss,val/val-od-region-africa-top5-task-acc,val/val-od-region-americas-task-acc,val/val-od-region-americas-task-loss,val/val-od-region-americas-top5-task-acc,val/val-od-region-europe-task-acc,val/val-od-region-europe-task-loss,val/val-od-region-europe-top5-task-acc,val/val-od-region-oceania-task-acc,val/val-od-region-oceania-task-loss,val/val-od-region-oceania-top5-task-acc,val/val-od-task-acc,val/val-od-task-ece,val/val-od-task-entropy-correct,val/val-od-task-entropy-incorrect,val/val-od-task-loss,val/val-od-top5-task-acc,val/val-od-worst-group-task-acc,val/val-od-worst-group-top5-task-acc
,2e-05,1e-05,1e-05,0,,,,,,,,,,,,,,,,,,,,,,,,,,,,,,,,,,,,,,,,,,,,,,,,,,,,,,,,,,,,,,,,,,,,,,,,,,,,
0,,,,738,,,,,,,,,,,,,,,,,0.6003413200378418,0.0,0.17847853899002075,0.8974943161010742,0.0,0.9458475708961487,0.6421052813529968,0.922626793384552,0.9903188943862915,0.5458167195320129,0.5789473652839661,1.7336244583129883,0.7684210538864136,0.4951235353946686,1.865932822227478,0.7747074365615845,0.46469247341156006,2.0271801948547363,0.7285497188568115,0.5776892304420471,1.6503360271453857,0.8406374454498291,0.4811148941516876,0.03310420364141464,1.4856407642364502,2.6152091026306152,1.9534159898757935,0.7488054633140564,0.46469247341156006,0.7285497188568115,0.5153222680091858,0.0,0.19094787538051605,0.8905845880508423,0.0,0.8289223909378052,0.41220423579216003,0.8680280447006226,0.8819193243980408,0.3549783527851105,0.37110835313796997,2.4807679653167725,0.6712328791618347,0.44757696986198425,2.079289436340332,0.7381895780563354,0.503491997718811,1.8961690664291382,0.7521986365318298,0.4862914979457855,1.8026567697525024,0.8138527870178223,0.472774475812912,0.023908432573080063,1.47202730178833,2.6315600872039795,1.9980283975601196,0.7449031472206116,0.37110835313796997,0.6712328791618347
0,,,,738,0.49574965238571167,0.041087232530117035,0.2787870168685913,0.670525074005127,0.011578305624425411,0.0,1.1314454078674316,0.8831916451454163,0.4968394339084625,0.8741715550422668,0.9363511204719543,0.2656916379928589,0.0,0.4099704325199127,0.3070918023586273,2.8001034259796143,,,,,,,,,,,,,,,,,,,,,,,,,,,,,,,,,,,,,,,,,,,,,,,,,,,,,,,,,,,,
,2e-05,1e-05,1e-05,739,,,,,,,,,,,,,,,,,,,,,,,,,,,,,,,,,,,,,,,,,,,,,,,,,,,,,,,,,,,,,,,,,,,,,,,,,,,,
1,,,,1477,,,,,,,,,,,,,,,,,0.662571132183075,0.0,0.3289986848831177,0.9134396314620972,0.0,0.9649601578712463,0.7473683953285217,0.9626137614250183,0.9889901280403137,0.6733067631721497,0.6157894730567932,1.4032251834869385,0.8263157606124878,0.5929778814315796,1.4891177415847778,0.8397269248962402,0.5444191098213196,1.6883137226104736,0.7944191098213196,0.6772908568382263,1.2573996782302856,0.8884462118148804,0.5670079588890076,0.012284375727176666,1.0675684213638306,2.2522530555725098,1.5996111631393433,0.8137656450271606,0.5444191098213196,0.7944191098213196,0.5593263506889343,0.0,0.2826882004737854,0.9026125073432922,0.0,0.8283525109291077,0.4881693720817566,0.9135934114456177,0.8124676942825317,0.5974025726318359,0.4458281397819519,2.091878890991211,0.7434620261192322,0.515544056892395,1.7479338645935059,0.8018896579742432,0.5774702429771423,1.5524479150772095,0.8185462951660156,0.5815295577049255,1.5000990629196167,0.8470418453216553,0.5452070236206055,0.020931892096996307,1.0587413311004639,2.2299773693084717,1.6589285135269165,0.8090413808822632,0.4458281397819519,0.7434620261192322
1,,,,1477,0.5603854060173035,0.020543616265058517,0.25036951899528503,0.7984834313392639,0.005789152812212706,0.0,0.8594383597373962,0.918371319770813,0.5714285969734192,0.9151527881622314,0.9597742557525635,0.43906155228614807,0.0,0.15413984656333923,0.5448741912841797,1.6819939613342285,,,,,,,,,,,,,,,,,,,,,,,,,,,,,,,,,,,,,,,,,,,,,,,,,,,,,,,,,,,,
,2e-05,1e-05,1e-05,1478,,,,,,,,,,,,,,,,,,,,,,,,,,,,,,,,,,,,,,,,,,,,,,,,,,,,,,,,,,,,,,,,,,,,,,,,,,,,
2,,,,2216,,,,,,,,,,,,,,,,,0.7155858874320984,0.0,0.4886215925216675,0.9086940288543701,0.0,0.9700796604156494,0.7736842036247253,0.9551365375518799,0.9946848750114441,0.804780900478363,0.6421052813529968,1.3078064918518066,0.8631578683853149,0.6202861070632935,1.3834953308105469,0.8598829507827759,0.5744115710258484,1.582514762878418,0.8190964460372925,0.6812748908996582,1.1517436504364014,0.9003984332084656,0.5951080918312073,0.031166762113571167,0.8602831959724426,2.0367720127105713,1.494313359260559,0.8367462754249573,0.5744115710258484,0.8190964460372925,0.6209953427314758,0.0,0.43264248967170715,0.9013192057609558,0.0,0.8559579849243164,0.5255292654037476,0.8724474310874939,0.8873512744903564,0.7373737096786499,0.44831880927085876,2.0194077491760254,0.7521793246269226,0.5519658923149109,1.653843641281128,0.8212435245513916,0.6011381149291992,1.4474058151245117,0.8362648487091064,0.6248196363449097,1.422708511352539,0.8715728521347046,0.5739521384239197,0.042211875319480896,0.8886169195175171,2.0497963428497314,1.5613256692886353,0.8272761702537537,0.44831880927085876,0.7521793246269226
2,,,,2216,0.6008906960487366,0.01369574386626482,0.29278913140296936,0.842036247253418,0.0038594352081418037,0.0,0.7882717847824097,0.9345118999481201,0.6217867732048035,0.9332157373428345,0.9692957401275635,0.5384927988052368,0.0,0.1122414842247963,0.6280015110969543,1.3344447612762451,,,,,,,,,,,,,,,,,,,,,,,,,,,,,,,,,,,,,,,,,,,,,,,,,,,,,,,,,,,,
,2e-05,1e-05,1e-05,2217,,,,,,,,,,,,,,,,,,,,,,,,,,,,,,,,,,,,,,,,,,,,,,,,,,,,,,,,,,,,,,,,,,,,,,,,,,,,
3,,,,2955,,,,,,,,,,,,,,,,,0.7480090856552124,0.0,0.5763978958129883,0.9115414023399353,0.0,0.9746302366256714,0.7894737124443054,0.9648894667625427,0.9950645565986633,0.824701189994812,0.6631578803062439,1.236183762550354,0.8999999761581421,0.6228868365287781,1.3968511819839478,0.8540312051773071,0.5831435322761536,1.5837384462356567,0.8187167644500732,0.7131474018096924,1.1506123542785645,0.912350594997406,0.6026166081428528,0.05724126473069191,0.7337150573730469,1.8757555484771729,1.4979546070098877,0.8356086611747742,0.5831435322761536,0.8187167644500732,0.6570216417312622,0.0,0.5210301876068115,0.8998965620994568,0.0,0.8620362281799316,0.5155666470527649,0.9088692665100098,0.870926022529602,0.7258297204971313,0.4645080864429474,2.1289150714874268,0.7459526658058167,0.5589759349822998,1.6874372959136963,0.820938766002655,0.6045007705688477,1.4581660032272339,0.8435075283050537,0.6479076743125916,1.4210511445999146,0.8744588494300842,0.5804103016853333,0.07434289157390594,0.7637022137641907,1.8378350734710693,1.586025595664978,0.8305052518844604,0.4645080864429474,0.7459526658058167
3,,,,2955,0.6313120126724243,0.010271808132529259,0.343477338552475,0.8633027672767639,0.002894576406106353,0.0,0.7328088879585266,0.944334864616394,0.6618204712867737,0.9436060786247253,0.9745375514030457,0.6093845367431641,0.0,0.09131288528442383,0.6888779997825623,1.1001752614974976,,,,,,,,,,,,,,,,,,,,,,,,,,,,,,,,,,,,,,,,,,,,,,,,,,,,,,,,,,,,
,2e-05,1e-05,1e-05,2956,,,,,,,,,,,,,,,,,,,,,,,,,,,,,,,,,,,,,,,,,,,,,,,,,,,,,,,,,,,,,,,,,,,,,,,,,,,,
4,,,,3694,,,,,,,,,,,,,,,,,0.7600682377815247,0.0,0.614109218120575,0.9096431136131287,0.0,0.9779294729232788,0.7842105031013489,0.9671651721000671,0.9963933229446411,0.8884462118148804,0.6578947305679321,1.1883116960525513,0.8894736766815186,0.6381664276123047,1.3899134397506714,0.868335485458374,0.5918754935264587,1.5893886089324951,0.8234624266624451,0.7290836572647095,1.1207053661346436,0.8964143395423889,0.6135380864143372,0.0785236582159996,0.637218177318573,1.7076457738876343,1.4971027374267578,0.8427758812904358,0.5918754935264587,0.8234624266624451,0.6733569502830505,0.0,0.5652239918708801,0.8957579135894775,0.0,0.8567177653312683,0.5267745852470398,0.9198415279388428,0.8451887965202332,0.7748917937278748,0.4732254147529602,2.1167709827423096,0.7409713864326477,0.563547670841217,1.69304621219635,0.8308442831039429,0.6117433905601501,1.4487141370773315,0.8498448133468628,0.6522366404533386,1.371524453163147,0.8860028982162476,0.586425244808197,0.08930022269487381,0.6886814832687378,1.7378199100494385,1.580918312072754,0.8379764556884766,0.4732254147529602,0.7409713864326477
4,,,,3694,0.6536288857460022,0.008217446506023407,0.38770800828933716,0.8746323585510254,0.002315661171451211,0.0,0.690873920917511,0.9509296417236328,0.6903918981552124,0.9502312541007996,0.9780617952346802,0.659719705581665,0.0,0.07972553372383118,0.7364445924758911,0.9223636388778687,,,,,,,,,,,,,,,,,,,,,,,,,,,,,,,,,,,,,,,,,,,,,,,,,,,,,,,,,,,,
,2e-05,1e-05,1e-05,3695,,,,,,,,,,,,,,,,,,,,,,,,,,,,,,,,,,,,,,,,,,,,,,,,,,,,,,,,,,,,,,,,,,,,,,,,,,,,
5,,,,4433,,,,,,,,,,,,,,,,,0.7751991152763367,0.10000000149011612,0.6944082975387573,0.8843963742256165,0.0,0.9789533615112305,0.821052610874176,0.9730169177055359,0.9946848750114441,0.8605577945709229,0.678947389125824,1.198323130607605,0.9105263352394104,0.631989598274231,1.4505953788757324,0.8644343018531799,0.5941534042358398,1.6375614404678345,0.8164388537406921,0.7250996232032776,1.2471506595611572,0.9003984332084656,0.6131967902183533,0.10728210210800171,0.5274543166160583,1.5766202211380005,1.5509967803955078,0.8377701640129089,0.5941534042358398,0.8164388537406921,0.6965936422348022,0.0,0.6513258218765259,0.8701500296592712,0.0,0.8685576915740967,0.5417185425758362,0.9352331757545471,0.8579927682876587,0.7388167381286621,0.4607720971107483,2.3697926998138428,0.7459526658058167,0.5672051310539246,1.7544153928756714,0.8244437575340271,0.6143300533294678,1.4922467470169067,0.8458355069160461,0.630591630935669,1.547257661819458,0.8773449063301086,0.587628185749054,0.11884921789169312,0.5824125409126282,1.581795334815979,1.648354411125183,0.833227813243866,0.4607720971107483,0.7459526658058167
5,,,,4433,0.6704005599021912,0.007058575749397278,0.42348894476890564,0.881596565246582,0.0019297176040709019,0.0,0.6624018549919128,0.9558003544807434,0.7126001119613647,0.9552519917488098,0.9805453419685364,0.6967296600341797,0.0,0.07141009718179703,0.7770007252693176,0.7720248699188232,,,,,,,,,,,,,,,,,,,,,,,,,,,,,,,,,,,,,,,,,,,,,,,,,,,,,,,,,,,,
,2e-05,1e-05,1e-05,4434,,,,,,,,,,,,,,,,,,,,,,,,,,,,,,,,,,,,,,,,,,,,,,,,,,,,,,,,,,,,,,,,,,,,,,,,,,,,
6,,,,5172,,,,,,,,,,,,,,,,,0.7850967049598694,0.205263152718544,0.7246423959732056,0.879460871219635,0.0,0.9804323315620422,0.8105263113975525,0.9785435795783997,0.99411541223526,0.8645418286323547,0.6842105388641357,1.1988273859024048,0.9052631855010986,0.6388166546821594,1.5110876560211182,0.8582574725151062,0.5933941006660461,1.6783984899520874,0.8238420486450195,0.7490040063858032,1.2594630718231201,0.892430305480957,0.6159272193908691,0.11934803426265717,0.4912097156047821,1.4833400249481201,1.5970031023025513,0.8397042155265808,0.5933941006660461,0.8238420486450195,0.7105863094329834,0.008717309683561325,0.6879000067710876,0.8667873740196228,0.0,0.8465873003005981,0.5043586492538452,0.9562633633613586,0.8034144043922424,0.6911976933479309,0.46326276659965515,2.4920220375061035,0.7247820496559143,0.5579091906547546,1.8489282131195068,0.8236818313598633,0.6165286898612976,1.5229321718215942,0.8431195020675659,0.6709956526756287,1.4525818824768066,0.8701298832893372,0.5867418050765991,0.1314188838005066,0.5419341325759888,1.5109410285949707,1.7046023607254028,0.8301886916160583,0.46326276659965515,0.7247820496559143
6,,,,5172,0.6843542456626892,0.008668954484164715,0.454046368598938,0.8867967128753662,0.0016540436772629619,0.0,0.6346949934959412,0.9595527648925781,0.7318042516708374,0.9590698480606079,0.982421875,0.7246452569961548,0.0,0.06534775346517563,0.8132725954055786,0.6415900588035583,,,,,,,,,,,,,,,,,,,,,,,,,,,,,,,,,,,,,,,,,,,,,,,,,,,,,,,,,,,,
,2e-05,1e-05,1e-05,5173,,,,,,,,,,,,,,,,,,,,,,,,,,,,,,,,,,,,,,,,,,,,,,,,,,,,,,,,,,,,,,,,,,,,,,,,,,,,
7,,,,5911,,,,,,,,,,,,,,,,,0.7889647483825684,0.2368421107530594,0.6999349594116211,0.8992027044296265,0.0,0.9800910353660583,0.8157894611358643,0.9778933525085449,0.995823860168457,0.8207171559333801,0.6947368383407593,1.2162302732467651,0.8999999761581421,0.6349154710769653,1.579185128211975,0.8595578670501709,0.5947228670120239,1.823383092880249,0.8246013522148132,0.7290836572647095,1.3396192789077759,0.9043824672698975,0.6147895455360413,0.15232440829277039,0.40143799781799316,1.290662169456482,1.710469365119934,0.8408418893814087,0.5947228670120239,0.8246013522148132,0.7105230093002319,0.01120796985924244,0.6630600690841675,0.887480616569519,0.0,0.8657718300819397,0.5043586492538452,0.9539774656295776,0.8437661528587341,0.6998556852340698,0.46326276659965515,2.417048454284668,0.7708593010902405,0.5638524889945984,1.921638011932373,0.8206339478492737,0.6178220510482788,1.6240301132202148,0.8415675163269043,0.6406926512718201,1.5972180366516113,0.8715728521347046,0.5885146260261536,0.15772858262062073,0.4539760947227478,1.3618313074111938,1.7868090867996216,0.8305685520172119,0.46326276659965515,0.7708593010902405
7,,,,5911,0.6957551836967468,0.015881795436143875,0.47936633229255676,0.89056396484375,0.0014472882030531764,0.0,0.6159948706626892,0.9625766277313232,0.748103678226471,0.962100088596344,0.9838615655899048,0.7484765648841858,0.0,0.05989266559481621,0.8466826677322388,0.5277175307273865,,,,,,,,,,,,,,,,,,,,,,,,,,,,,,,,,,,,,,,,,,,,,,,,,,,,,,,,,,,,
,2e-05,1e-05,1e-05,5912,,,,,,,,,,,,,,,,,,,,,,,,,,,,,,,,,,,,,,,,,,,,,,,,,,,,,,,,,,,,,,,,,,,,,,,,,,,,
8,,,,6650,,,,,,,,,,,,,,,,,0.7919226288795471,0.28421053290367126,0.7106631994247437,0.8961655497550964,0.0,0.9807736277580261,0.8421052694320679,0.9733420014381409,0.9960136413574219,0.8764940500259399,0.699999988079071,1.2532421350479126,0.9105263352394104,0.631339430809021,1.657465934753418,0.8624837398529053,0.5907365083694458,1.9073622226715088,0.8185269832611084,0.7450199127197266,1.358062744140625,0.9003984332084656,0.6118316054344177,0.1721230149269104,0.3532402515411377,1.208307147026062,1.789330005645752,0.8383390307426453,0.5907365083694458,0.8185269832611084,0.7191338539123535,0.06475716084241867,0.6810423731803894,0.8842473030090332,0.0,0.8664682507514954,0.565379798412323,0.9535202980041504,0.8383342027664185,0.709956705570221,0.46699875593185425,2.7688190937042236,0.7447073459625244,0.5562328696250916,2.070610523223877,0.8226150274276733,0.6140713691711426,1.7343693971633911,0.8402742147445679,0.6666666865348816,1.6511558294296265,0.8744588494300842,0.584842324256897,0.1881783902645111,0.38459542393684387,1.2027151584625244,1.9229248762130737,0.8295555114746094,0.46699875593185425,0.7447073459625244
8,,,,6650,0.7055218815803528,0.03020087070763111,0.501035749912262,0.8934333920478821,0.0012864784803241491,0.0,0.5984564423561096,0.9651486873626709,0.7623963952064514,0.9647324085235596,0.9850994348526001,0.7673505544662476,0.0,0.05399785563349724,0.8730484247207642,0.4330841600894928,,,,,,,,,,,,,,,,,,,,,,,,,,,,,,,,,,,,,,,,,,,,,,,,,,,,,,,,,,,,
,2e-05,1e-05,1e-05,6651,,,,,,,,,,,,,,,,,,,,,,,,,,,,,,,,,,,,,,,,,,,,,,,,,,,,,,,,,,,,,,,,,,,,,,,,,,,,
9,,,,7389,,,,,,,,,,,,,,,,,0.7980659604072571,0.30000001192092896,0.7366710305213928,0.8906605839729309,0.0,0.9829351305961609,0.8368421196937561,0.981794536113739,0.9952543377876282,0.8685259222984314,0.7052631378173828,1.3470784425735474,0.9052631855010986,0.6264629364013672,1.7577537298202515,0.8585825562477112,0.5882688164710999,1.9947677850723267,0.8192862272262573,0.7609561681747437,1.3579583168029785,0.912350594997406,0.6092150211334229,0.18264353275299072,0.3299039602279663,1.1485235691070557,1.8788750171661377,0.8376564383506775,0.5882688164710999,0.8192862272262573,0.728504478931427,0.0660024881362915,0.707863450050354,0.880496621131897,0.0,0.8551348447799683,0.5479452013969421,0.9582444429397583,0.813502311706543,0.7041847109794617,0.44831880927085876,3.002174139022827,0.7222914099693298,0.5540993809700012,2.169518232345581,0.8162145614624023,0.6065701246261597,1.8098175525665283,0.8327729105949402,0.6421356201171875,1.7030200958251953,0.8715728521347046,0.5782575607299805,0.197083979845047,0.3664127588272095,1.1862967014312744,2.015105962753296,0.8219577074050903,0.44831880927085876,0.7222914099693298
9,,,,7389,0.7139533162117004,0.04494310915470123,0.5197969079017639,0.8957691788673401,0.0011578305857256055,0.0,0.5853370428085327,0.9672757387161255,0.7749052047729492,0.9667810797691345,0.9861500263214111,0.7833638191223145,0.0,0.04993625730276108,0.8959934711456299,0.3536819517612457,,,,,,,,,,,,,,,,,,,,,,,,,,,,,,,,,,,,,,,,,,,,,,,,,,,,,,,,,,,,
,2e-05,1e-05,1e-05,7390,,,,,,,,,,,,,,,,,,,,,,,,,,,,,,,,,,,,,,,,,,,,,,,,,,,,,,,,,,,,,,,,,,,,,,,,,,,,
10,,,,8128,,,,,,,,,,,,,,,,,0.7968145608901978,0.3263157904148102,0.6944082975387573,0.912300705909729,0.0,0.9829351305961609,0.8421052694320679,0.9743173122406006,0.9965831637382507,0.9282868504524231,0.7210526466369629,1.2823964357376099,0.9210526347160339,0.6206111907958984,1.7997307777404785,0.8608582615852356,0.5848519206047058,2.1188814640045166,0.8147304654121399,0.7290836572647095,1.4952354431152344,0.9003984332084656,0.6044368743896484,0.1961711049079895,0.3100661635398865,1.0758287906646729,1.970592975616455,0.8357223868370056,0.5848519206047058,0.8147304654121399,0.7212865352630615,0.07471980154514313,0.6632124185562134,0.9027418494224548,0.0,0.8742560744285583,0.5877957940101624,0.9369094967842102,0.8594154119491577,0.7835497856140137,0.44458281993865967,3.1325082778930664,0.7148194313049316,0.5470892786979675,2.2580742835998535,0.8058518767356873,0.6013967990875244,1.9114607572555542,0.831091582775116,0.6479076743125916,1.8900220394134521,0.841269850730896,0.5728757977485657,0.20991533994674683,0.34768468141555786,1.1251782178878784,2.116612672805786,0.8151196837425232,0.44458281993865967,0.7148194313049316
10,,,,8128,0.7212305068969727,0.059360992163419724,0.5363129377365112,0.8975131511688232,0.001052573206834495,0.0,0.5711710453033447,0.9690852761268616,0.7855993509292603,0.9686480164527893,0.9869548082351685,0.7972411513328552,0.0,0.04769036918878555,0.9144003987312317,0.29030662775039673,,,,,,,,,,,,,,,,,,,,,,,,,,,,,,,,,,,,,,,,,,,,,,,,,,,,,,,,,,,,
,2e-05,1e-05,1e-05,8129,,,,,,,,,,,,,,,,,,,,,,,,,,,,,,,,,,,,,,,,,,,,,,,,,,,,,,,,,,,,,,,,,,,,,,,,,,,,
11,,,,8867,,,,,,,,,,,,,,,,,0.8004550337791443,0.3368421196937561,0.7174902558326721,0.9045178294181824,0.0,0.9823663234710693,0.8684210777282715,0.9704161286354065,0.9981017708778381,0.9043824672698975,0.7473683953285217,1.432122826576233,0.8736842274665833,0.6349154710769653,1.8463377952575684,0.8589076995849609,0.5865603685379028,2.228851079940796,0.8130220174789429,0.7450199127197266,1.5139859914779663,0.9043824672698975,0.6116040945053101,0.2089405506849289,0.2659790515899658,0.9796718955039978,2.056433916091919,0.8331058025360107,0.5865603685379028,0.8130220174789429,0.7249588370323181,0.07596512883901596,0.6862236857414246,0.8905845880508423,0.0,0.8818538784980774,0.5890411138534546,0.934166431427002,0.8794620037078857,0.7575757503509521,0.4508094787597656,3.1943678855895996,0.7160647511482239,0.5515086650848389,2.3616702556610107,0.8093569278717041,0.6052767634391785,2.024991035461426,0.83005690574646,0.6580086350440979,2.056953191757202,0.8542568683624268,0.5773711800575256,0.22350062429904938,0.3054715394973755,1.0215463638305664,2.2255775928497314,0.8167025446891785,0.4508094787597656,0.7160647511482239
11,,,,8867,0.7275121212005615,0.0733775794506073,0.5504259467124939,0.8990334868431091,0.0009648588020354509,0.0,0.5619951486587524,0.9706342220306396,0.7950379252433777,0.970239520072937,0.9876469373703003,0.8088563680648804,0.0,0.04420553147792816,0.9287601113319397,0.23932501673698425,,,,,,,,,,,,,,,,,,,,,,,,,,,,,,,,,,,,,,,,,,,,,,,,,,,,,,,,,,,,
,2e-05,1e-05,1e-05,8868,,,,,,,,,,,,,,,,,,,,,,,,,,,,,,,,,,,,,,,,,,,,,,,,,,,,,,,,,,,,,,,,,,,,,,,,,,,,
12,,,,9606,,,,,,,,,,,,,,,,,0.8002275228500366,0.36315789818763733,0.7213914394378662,0.9009111523628235,0.0,0.9816837310791016,0.8842105269432068,0.9746423959732056,0.9962034821510315,0.8565737009048462,0.6894736886024475,1.5773500204086304,0.8947368264198303,0.6258127689361572,2.0270144939422607,0.8624837398529053,0.5854213833808899,2.354534864425659,0.8166286945343018,0.7609561681747437,1.5109983682632446,0.9003984332084656,0.6069397330284119,0.22206111252307892,0.24748176336288452,0.9156938791275024,2.1981558799743652,0.8368600606918335,0.5854213833808899,0.8166286945343018,0.7325566411018372,0.12453299760818481,0.7028344869613647,0.8869632482528687,0.0,0.867987871170044,0.6251556873321533,0.949253261089325,0.8401448726654053,0.6955267190933228,0.4508094787597656,3.2340986728668213,0.735990047454834,0.5472416877746582,2.5798583030700684,0.80950927734375,0.6061820983886719,2.1056671142578125,0.8299275636672974,0.6608946323394775,1.9690377712249756,0.868686854839325,0.5762314796447754,0.2408653348684311,0.2675246596336365,0.9329686760902405,2.3538787364959717,0.81834876537323,0.4508094787597656,0.735990047454834
12,,,,9606,0.7328468561172485,0.08606437593698502,0.5627748370170593,0.9000702500343323,0.0008906389120966196,0.0,0.55545574426651,0.9720086455345154,0.8038023710250854,0.9716081619262695,0.9882790446281433,0.8189659118652344,0.0,0.04154324159026146,0.9400209784507751,0.19937314093112946,,,,,,,,,,,,,,,,,,,,,,,,,,,,,,,,,,,,,,,,,,,,,,,,,,,,,,,,,,,,
,2e-05,1e-05,1e-05,9607,,,,,,,,,,,,,,,,,,,,,,,,,,,,,,,,,,,,,,,,,,,,,,,,,,,,,,,,,,,,,,,,,,,,,,,,,,,,
13,,,,10345,,,,,,,,,,,,,,,,,0.803526759147644,0.36315789818763733,0.7178153395652771,0.9085041880607605,0.0,0.973720133304596,0.8578947186470032,0.958712637424469,0.9977220892906189,0.7609561681747437,0.6631578803062439,1.8213887214660645,0.8842105269432068,0.6306892037391663,2.1392123699188232,0.8537061214447021,0.5871298313140869,2.4636993408203125,0.8099848031997681,0.737051784992218,1.6144870519638062,0.8884462118148804,0.6084186434745789,0.23124906420707703,0.2292569875717163,0.8656265139579773,2.3108322620391846,0.8292377591133118,0.5871298313140869,0.8099848031997681,0.730847179889679,0.12328767031431198,0.6862236857414246,0.8976978659629822,0.0,0.867354691028595,0.5815691351890564,0.9326424598693848,0.864588737487793,0.6161616444587708,0.4607720971107483,3.6603217124938965,0.7185553908348083,0.5458701848983765,2.688777208328247,0.8069186210632324,0.6117433905601501,2.1695265769958496,0.8344542384147644,0.6479076743125916,1.9953277111053467,0.8585858345031738,0.5783208608627319,0.24810022115707397,0.24741357564926147,0.8936179876327515,2.4533026218414307,0.8181588053703308,0.4607720971107483,0.7185553908348083
13,,,,10345,0.737823486328125,0.09842874854803085,0.5741804242134094,0.9010820388793945,0.0008270218386314809,0.0,0.5462168455123901,0.9732351303100586,0.81172114610672,0.9729039669036865,0.9887859225273132,0.8281535506248474,0.0,0.038664113730192184,0.950519859790802,0.167456716299057,,,,,,,,,,,,,,,,,,,,,,,,,,,,,,,,,,,,,,,,,,,,,,,,,,,,,,,,,,,,
,2e-05,1e-05,1e-05,10346,,,,,,,,,,,,,,,,,,,,,,,,,,,,,,,,,,,,,,,,,,,,,,,,,,,,,,,,,,,,,,,,,,,,,,,,,,,,
14,,,,11084,,,,,,,,,,,,,,,,,0.8068259358406067,0.3684210479259491,0.7613784074783325,0.8883826732635498,0.0,0.9845278859138489,0.8631578683853149,0.9756177067756653,0.9973424673080444,0.9362549781799316,0.699999988079071,1.5722270011901855,0.9052631855010986,0.631664514541626,2.138356924057007,0.8527308106422424,0.5795368552207947,2.5144572257995605,0.814160943031311,0.7410358786582947,1.7011010646820068,0.9003984332084656,0.6051194667816162,0.23624810576438904,0.21194402873516083,0.851245641708374,2.3383185863494873,0.8320819139480591,0.5795368552207947,0.814160943031311,0.7404710650444031,0.13449564576148987,0.7348369359970093,0.8749353289604187,0.0,0.8592503666877747,0.5828144550323486,0.9420908093452454,0.8244956135749817,0.7878788113594055,0.4719800651073456,3.313169002532959,0.7347447276115417,0.5533373951911926,2.6821258068084717,0.8040231466293335,0.602948784828186,2.266394853591919,0.8304449319839478,0.6551226377487183,2.113520383834839,0.8571428656578064,0.5780043005943298,0.24782103300094604,0.24800682067871094,0.8852331638336182,2.485440731048584,0.8157528042793274,0.4719800651073456,0.7347447276115417
14,,,,11084,0.7422878742218018,0.10943952947854996,0.584462583065033,0.9019626975059509,0.0007718870765529573,0.0,0.5380322337150574,0.9743658304214478,0.8189212083816528,0.974052369594574,0.9892846345901489,0.8366443514823914,0.0,0.03501472622156143,0.9557862281799316,0.14347204566001892,,,,,,,,,,,,,,,,,,,,,,,,,,,,,,,,,,,,,,,,,,,,,,,,,,,,,,,,,,,,
,2e-05,1e-05,1e-05,11085,,,,,,,,,,,,,,,,,,,,,,,,,,,,,,,,,,,,,,,,,,,,,,,,,,,,,,,,,,,,,,,,,,,,,,,,,,,,
15,,,,11823,,,,,,,,,,,,,,,,,0.8056882619857788,0.36315789818763733,0.7379713654518127,0.9003416895866394,0.0,0.9832764267921448,0.8842105269432068,0.9717165231704712,0.9979119300842285,0.912350594997406,0.6947368383407593,1.7560601234436035,0.8842105269432068,0.6306892037391663,2.202207088470459,0.850130021572113,0.587699294090271,2.611703872680664,0.8160592317581177,0.7490040063858032,1.784970998764038,0.892430305480957,0.6097838282585144,0.23931825160980225,0.21182718873023987,0.7955778241157532,2.4251091480255127,0.8317406177520752,0.587699294090271,0.8160592317581177,0.7371153831481934,0.13449564576148987,0.714263916015625,0.8855406045913696,0.0,0.8598201870918274,0.603985071182251,0.939957320690155,0.8263062834739685,0.7763347625732422,0.44707345962524414,3.849163293838501,0.7011207938194275,0.5476988554000854,2.849351644515991,0.8017372488975525,0.6099327206611633,2.3537120819091797,0.8282462358474731,0.6479076743125916,2.32728910446167,0.860028862953186,0.5774344801902771,0.2607535123825073,0.22108061611652374,0.8226978778839111,2.634464740753174,0.812143862247467,0.44707345962524414,0.7011207938194275
15,,,,11823,0.7463391423225403,0.11982458829879761,0.5937842726707458,0.9027494788169861,0.0007236441015265882,0.0,0.5303230881690979,0.9753625988960266,0.8258533477783203,0.9750691652297974,0.9896958470344543,0.8441118001937866,0.0,0.034040868282318115,0.9643546342849731,0.11692731827497482,,,,,,,,,,,,,,,,,,,,,,,,,,,,,,,,,,,,,,,,,,,,,,,,,,,,,,,,,,,,
,2e-05,1e-05,1e-05,11824,,,,,,,,,,,,,,,,,,,,,,,,,,,,,,,,,,,,,,,,,,,,,,,,,,,,,,,,,,,,,,,,,,,,,,,,,,,,
16,,,,12562,,,,,,,,,,,,,,,,,0.8097838163375854,0.3684210479259491,0.7633289694786072,0.8921791911125183,0.0,0.986461877822876,0.9157894849777222,0.9785435795783997,0.9981017708778381,0.912350594997406,0.678947389125824,1.8394421339035034,0.8631578683853149,0.6352405548095703,2.3291831016540527,0.8589076995849609,0.5858010649681091,2.6858513355255127,0.8103644847869873,0.7569721341133118,1.8384982347488403,0.892430305480957,0.6100113987922668,0.24970315396785736,0.18337301909923553,0.7609507441520691,2.5174574851989746,0.8309442400932312,0.5858010649681091,0.8103644847869873,0.7436368465423584,0.13698630034923553,0.7345321774482727,0.8812726140022278,0.0014430014416575432,0.8775484561920166,0.6226649880409241,0.9425479769706726,0.8587687611579895,0.7720057964324951,0.45205479860305786,3.821838855743408,0.7247820496559143,0.5522706508636475,2.9313695430755615,0.8056994676589966,0.6046301126480103,2.4556267261505127,0.8259182572364807,0.649350643157959,2.3931937217712402,0.8629148602485657,0.577117919921875,0.2703557014465332,0.20475812256336212,0.7711561918258667,2.7198104858398438,0.813979983329773,0.45205479860305786,0.7247820496559143
16,,,,12562,0.749996542930603,0.12902505695819855,0.6023570895195007,0.9033709764480591,0.000716922979336232,0.0,0.5256981253623962,0.9762998819351196,0.8321558833122253,0.9760083556175232,0.9901025891304016,0.8511309623718262,0.0,0.03158891201019287,0.9690622091293335,0.10030653327703476,,,,,,,,,,,,,,,,,,,,,,,,,,,,,,,,,,,,,,,,,,,,,,,,,,,,,,,,,,,,
,2e-05,1e-05,1e-05,12563,,,,,,,,,,,,,,,,,,,,,,,,,,,,,,,,,,,,,,,,,,,,,,,,,,,,,,,,,,,,,,,,,,,,,,,,,,,,
17,,,,13301,,,,,,,,,,,,,,,,,0.813538134098053,0.3684210479259491,0.7711313366889954,0.8936977982521057,0.0039840638637542725,0.9870307445526123,0.9157894849777222,0.9824447631835938,0.9952543377876282,0.9442231059074402,0.6842105388641357,1.7494864463806152,0.8894736766815186,0.6277633309364319,2.3315396308898926,0.8524057269096375,0.5886484384536743,2.656757116317749,0.8185269832611084,0.7450199127197266,1.846413254737854,0.9043824672698975,0.6089875102043152,0.2492091953754425,0.19102846086025238,0.7571555972099304,2.4991018772125244,0.8344709873199463,0.5886484384536743,0.8185269832611084,0.746802568435669,0.13449564576148987,0.7419993877410889,0.8816606402397156,0.0014430014416575432,0.8698872923851013,0.5952677726745605,0.9431575536727905,0.8393688797950745,0.8398268222808838,0.4582814574241638,3.7518725395202637,0.7484433650970459,0.5486132502555847,2.895458936691284,0.8050898909568787,0.600491464138031,2.450988531112671,0.8295395970344543,0.6594516634941101,2.146637439727783,0.868686854839325,0.5743319988250732,0.26928359270095825,0.21127143502235413,0.7861228585243225,2.6880455017089844,0.8169558048248291,0.4582814574241638,0.7484433650970459
17,,,,13301,0.7533698081970215,0.13758954405784607,0.6101972460746765,0.9039793610572815,0.0007448032847605646,0.0,0.5206906199455261,0.9771734476089478,0.8381795287132263,0.9768935441970825,0.9904817342758179,0.8574039936065674,0.0,0.028809644281864166,0.9709926247596741,0.09491943567991257,,,,,,,,,,,,,,,,,,,,,,,,,,,,,,,,,,,,,,,,,,,,,,,,,,,,,,,,,,,,
,2e-05,1e-05,1e-05,13302,,,,,,,,,,,,,,,,,,,,,,,,,,,,,,,,,,,,,,,,,,,,,,,,,,,,,,,,,,,,,,,,,,,,,,,,,,,,
18,,,,14040,,,,,,,,,,,,,,,,,0.8095563054084778,0.37368419766426086,0.7395969033241272,0.9052771329879761,0.0039840638637542725,0.9846416115760803,0.9052631855010986,0.9743173122406006,0.9984813928604126,0.9003984332084656,0.7105262875556946,1.9301890134811401,0.878947377204895,0.6196358799934387,2.392319917678833,0.8543562889099121,0.5880789756774902,2.885695219039917,0.8058086633682251,0.7529880404472351,1.88742995262146,0.9003984332084656,0.6067121624946594,0.25789424777030945,0.174217090010643,0.7097940444946289,2.662400484085083,0.8271899819374084,0.5880789756774902,0.8058086633682251,0.744016706943512,0.14072228968143463,0.7127400040626526,0.9001551866531372,0.0014430014416575432,0.8857793807983398,0.6002490520477295,0.9430052042007446,0.8782979846000671,0.7633477449417114,0.4620174467563629,4.155949592590332,0.7347447276115417,0.5557757019996643,3.054258108139038,0.8069186210632324,0.6061820983886719,2.586097240447998,0.8266942501068115,0.6421356201171875,2.4473273754119873,0.8787878751754761,0.5795238614082336,0.27836862206459045,0.19101832807064056,0.716198205947876,2.853996992111206,0.8160693645477295,0.4620174467563629,0.7347447276115417
18,,,,14040,0.7564468383789062,0.14518597722053528,0.6174530386924744,0.9044782519340515,0.0008338945917785168,0.0,0.5146588087081909,0.9779488444328308,0.8434360027313232,0.9777081608772278,0.9908103346824646,0.862856388092041,0.0,0.02871762216091156,0.9745656251907349,0.0839436948299408,,,,,,,,,,,,,,,,,,,,,,,,,,,,,,,,,,,,,,,,,,,,,,,,,,,,,,,,,,,,
,2e-05,1e-05,1e-05,14041,,,,,,,,,,,,,,,,,,,,,,,,,,,,,,,,,,,,,,,,,,,,,,,,,,,,,,,,,,,,,,,,,,,,,,,,,,,,
19,,,,14779,,,,,,,,,,,,,,,,,0.8109214901924133,0.378947377204895,0.7041612267494202,0.9276765584945679,0.011952191591262817,0.9860067963600159,0.9105263352394104,0.9746423959732056,0.9984813928604126,0.9402390718460083,0.678947389125824,2.0213348865509033,0.8631578683853149,0.635890781879425,2.471334934234619,0.8563069105148315,0.5840926170349121,2.883528709411621,0.8061882853507996,0.7529880404472351,1.978005051612854,0.912350594997406,0.6092150211334229,0.2606316804885864,0.1661372035741806,0.6983419060707092,2.6935622692108154,0.8281000852584839,0.5840926170349121,0.8061882853507996,0.7347093820571899,0.14196762442588806,0.6731179356575012,0.9146404266357422,0.0014430014416575432,0.8955932855606079,0.6239103078842163,0.9286803007125854,0.9039058685302734,0.8095238208770752,0.449564129114151,4.605045795440674,0.6836861968040466,0.555470883846283,3.201444387435913,0.8093569278717041,0.6030781269073486,2.666173219680786,0.8272115588188171,0.6551226377487183,2.526299476623535,0.8629148602485657,0.5777510404586792,0.2849211096763611,0.18393342196941376,0.6822200417518616,2.9808342456817627,0.8140432834625244,0.449564129114151,0.6836861968040466
19,,,,14779,0.7592567801475525,0.15224400162696838,0.6240976452827454,0.9049043655395508,0.0011882998514920473,0.0,0.51114422082901,0.9786779880523682,0.8484829068183899,0.9784508943557739,0.9911175966262817,0.8681901097297668,0.0011904762359336019,0.026222163811326027,0.9774782657623291,0.07215294241905212,,,,,,,,,,,,,,,,,,,,,,,,,,,,,,,,,,,,,,,,,,,,,,,,,,,,,,,,,,,,
,2e-05,1e-05,1e-05,14780,,,,,,,,,,,,,,,,,,,,,,,,,,,,,,,,,,,,,,,,,,,,,,,,,,,,,,,,,,,,,,,,,,,,,,,,,,,,
20,,,,15518,,,,,,,,,,,,,,,,,0.812741756439209,0.37368419766426086,0.7594278454780579,0.8986332416534424,0.011952191591262817,0.9845278859138489,0.8894736766815186,0.9778933525085449,0.9977220892906189,0.8804780840873718,0.6947368383407593,2.156130075454712,0.8526315689086914,0.6215865015983582,2.4719250202178955,0.8598829507827759,0.5907365083694458,2.877324342727661,0.8177676796913147,0.7529880404472351,1.9206451177597046,0.9043824672698975,0.6085324287414551,0.2613995373249054,0.16914524137973785,0.6786395311355591,2.6911468505859375,0.8358361721038818,0.5907365083694458,0.8177676796913147,0.7502849102020264,0.1357409656047821,0.740780234336853,0.8894205689430237,0.0043290043249726295,0.8870457410812378,0.571606457233429,0.9542822241783142,0.8763579726219177,0.7402597665786743,0.4570361077785492,4.560548305511475,0.7135741114616394,0.5499847531318665,3.14253568649292,0.8064614534378052,0.598034143447876,2.6989235877990723,0.8287636041641235,0.668109655380249,2.555616855621338,0.8585858345031738,0.5740154385566711,0.2867940068244934,0.17701540887355804,0.6930752396583557,2.9711663722991943,0.814929723739624,0.4570361077785492,0.7135741114616394
20,,,,15518,0.7618595957756042,0.15875022113323212,0.6302229762077332,0.905318558216095,0.0015089521184563637,0.0,0.5064430236816406,0.9793393015861511,0.8532297611236572,0.9791001081466675,0.9914024472236633,0.8729868531227112,0.004535147454589605,0.025587240234017372,0.9786297082901001,0.06929604709148407,,,,,,,,,,,,,,,,,,,,,,,,,,,,,,,,,,,,,,,,,,,,,,,,,,,,,,,,,,,,
,2e-05,1e-05,1e-05,15519,,,,,,,,,,,,,,,,,,,,,,,,,,,,,,,,,,,,,,,,,,,,,,,,,,,,,,,,,,,,,,,,,,,,,,,,,,,,
21,,,,16257,,,,,,,,,,,,,,,,,0.8128555417060852,0.378947377204895,0.7109882831573486,0.9265375733375549,0.019920319318771362,0.9879408478736877,0.9578947424888611,0.9749674797058105,0.9984813928604126,0.9681274890899658,0.7210526466369629,2.1346330642700195,0.8894736766815186,0.6355656981468201,2.519414186477661,0.8540312051773071,0.5863705277442932,2.8995490074157715,0.8151100873947144,0.7490040063858032,2.1011130809783936,0.9003984332084656,0.61114901304245,0.2597893178462982,0.16789768636226654,0.6716124415397644,2.7259061336517334,0.8328782916069031,0.5863705277442932,0.8151100873947144,0.7371786832809448,0.14819426834583282,0.677232563495636,0.9148991107940674,0.008658008649945259,0.8836899995803833,0.6413449645042419,0.9326424598693848,0.8737713694572449,0.8167388439178467,0.45579078793525696,4.620816230773926,0.6998754739761353,0.5487655997276306,3.2315170764923096,0.807223379611969,0.59699946641922,2.7218503952026367,0.8234609365463257,0.6652236580848694,2.6047027111053467,0.8556998372077942,0.572749137878418,0.28663843870162964,0.18433304131031036,0.6889380216598511,3.0247132778167725,0.8118273019790649,0.45579078793525696,0.6998754739761353
21,,,,16257,0.7642196416854858,0.16457878053188324,0.6358759999275208,0.9056389927864075,0.0017727549420669675,0.0,0.5024904012680054,0.9799851775169373,0.8578611612319946,0.9797618389129639,0.9916704893112183,0.8774583339691162,0.010822511278092861,0.023803483694791794,0.9797642827033997,0.06482402980327606,,,,,,,,,,,,,,,,,,,,,,,,,,,,,,,,,,,,,,,,,,,,,,,,,,,,,,,,,,,,
,2e-05,1e-05,1e-05,16258,,,,,,,,,,,,,,,,,,,,,,,,,,,,,,,,,,,,,,,,,,,,,,,,,,,,,,,,,,,,,,,,,,,,,,,,,,,,
22,,,,16996,,,,,,,,,,,,,,,,,0.8183162808418274,0.38947367668151855,0.7656046748161316,0.9031890630722046,0.023904383182525635,0.9845278859138489,0.9473684430122375,0.9782184362411499,0.9965831637382507,0.8565737009048462,0.6947368383407593,1.951236605644226,0.8842105269432068,0.6241872310638428,2.5421299934387207,0.8589076995849609,0.5806757807731628,3.023327112197876,0.8132118582725525,0.7450199127197266,1.9103140830993652,0.9083665609359741,0.6030716896057129,0.27173930406570435,0.1551428735256195,0.6548190712928772,2.7991151809692383,0.8334470987319946,0.5806757807731628,0.8132118582725525,0.7519311308860779,0.1394769549369812,0.7435232996940613,0.8892912864685059,0.012987012974917889,0.8789413571357727,0.6475716233253479,0.9495580792427063,0.8599327206611633,0.6955267190933228,0.4694894254207611,4.283273696899414,0.7459526658058167,0.5472416877746582,3.2567670345306396,0.8037183880805969,0.6118727326393127,2.7025299072265625,0.829022228717804,0.6392496228218079,2.63554048538208,0.8383838534355164,0.5789540410041809,0.28691765666007996,0.16973094642162323,0.6772170066833496,3.0101442337036133,0.8146764636039734,0.4694894254207611,0.7459526658058167
22,,,,16996,0.7665084600448608,0.17001044750213623,0.6412634253501892,0.9060015082359314,0.0023580531124025583,0.0,0.4983956217765808,0.9805866479873657,0.8620623350143433,0.980353593826294,0.9919252395629883,0.8819118738174438,0.017598344013094902,0.02312481589615345,0.9807464480400085,0.05906267836689949,,,,,,,,,,,,,,,,,,,,,,,,,,,,,,,,,,,,,,,,,,,,,,,,,,,,,,,,,,,,
,2e-05,1e-05,1e-05,16997,,,,,,,,,,,,,,,,,,,,,,,,,,,,,,,,,,,,,,,,,,,,,,,,,,,,,,,,,,,,,,,,,,,,,,,,,,,,
23,,,,17735,,,,,,,,,,,,,,,,,0.8179749846458435,0.38947367668151855,0.7581274509429932,0.9067957401275635,0.027888447046279907,0.9883959293365479,0.9263157844543457,0.9847204089164734,0.9963933229446411,0.9322709441184998,0.699999988079071,2.2419509887695312,0.8684210777282715,0.63621586561203,2.5512382984161377,0.8543562889099121,0.5850417613983154,3.0757312774658203,0.8158693909645081,0.7529880404472351,2.1487720012664795,0.9043824672698975,0.6102389097213745,0.2682255506515503,0.15468478202819824,0.6404300332069397,2.8465356826782227,0.8329920172691345,0.5850417613983154,0.8158693909645081,0.7481322288513184,0.14819426834583282,0.727979302406311,0.8940765857696533,0.010101010091602802,0.8736861944198608,0.5952677726745605,0.9475769400596619,0.8448008298873901,0.8239538073539734,0.4645080864429474,4.178796291351318,0.7509340047836304,0.5478512644767761,3.3322322368621826,0.8047851324081421,0.6072167754173279,2.813612937927246,0.8246249556541443,0.6406926512718201,2.8616299629211426,0.8499278426170349,0.5768013000488281,0.2959037721157074,0.1637945920228958,0.6327124834060669,3.1002449989318848,0.8137267231941223,0.4645080864429474,0.7509340047836304
23,,,,17735,0.7685719728469849,0.1752791851758957,0.6461184024810791,0.906306266784668,0.003021531505510211,0.0,0.4942592978477478,0.9811415672302246,0.8662821054458618,0.9808980822563171,0.9921528100967407,0.8858673572540283,0.02380952425301075,0.022516580298542976,0.9832864999771118,0.05571802705526352,,,,,,,,,,,,,,,,,,,,,,,,,,,,,,,,,,,,,,,,,,,,,,,,,,,,,,,,,,,,
,2e-05,1e-05,1e-05,17736,,,,,,,,,,,,,,,,,,,,,,,,,,,,,,,,,,,,,,,,,,,,,,,,,,,,,,,,,,,,,,,,,,,,,,,,,,,,
24,,,,18474,,,,,,,,,,,,,,,,,0.8195676803588867,0.38947367668151855,0.750325083732605,0.9140090942382812,0.027888447046279907,0.9869169592857361,0.9368420839309692,0.9765929579734802,0.9979119300842285,0.9402390718460083,0.6842105388641357,2.288644790649414,0.8578947186470032,0.6329649090766907,2.703432559967041,0.8533810377120972,0.5890281200408936,3.1613831520080566,0.8151100873947144,0.7729083895683289,2.022873640060425,0.9003984332084656,0.6118316054344177,0.2719109058380127,0.14562304317951202,0.6143451929092407,2.9483306407928467,0.8319681286811829,0.5890281200408936,0.8151100873947144,0.74775230884552,0.14196762442588806,0.7180737853050232,0.901965856552124,0.014430014416575432,0.8796378374099731,0.6463263034820557,0.934166431427002,0.8643300533294678,0.8095238208770752,0.4732254147529602,4.382308006286621,0.7198007702827454,0.5617190003395081,3.3409767150878906,0.8111855983734131,0.6064407825469971,2.807981252670288,0.8252716064453125,0.6464646458625793,2.7098100185394287,0.8528138399124146,0.5828796029090881,0.28975236415863037,0.16505245864391327,0.6321915984153748,3.104649305343628,0.8153095841407776,0.4732254147529602,0.7198007702827454
24,,,,18474,0.7705090045928955,0.1801769882440567,0.6505182981491089,0.9066831469535828,0.003778184065595269,0.0,0.4931636452674866,0.9816479682922363,0.8700631856918335,0.9814046621322632,0.9923586845397949,0.8893601298332214,0.03333333507180214,0.021739952266216278,0.9822027087211609,0.05591869354248047,,,,,,,,,,,,,,,,,,,,,,,,,,,,,,,,,,,,,,,,,,,,,,,,,,,,,,,,,,,,
,2e-05,1e-05,1e-05,18475,,,,,,,,,,,,,,,,,,,,,,,,,,,,,,,,,,,,,,,,,,,,,,,,,,,,,,,,,,,,,,,,,,,,,,,,,,,,
25,,,,19213,,,,,,,,,,,,,,,,,0.8203640580177307,0.3947368562221527,0.768855631351471,0.9045178294181824,0.023904383182525635,0.9868031740188599,0.9368420839309692,0.9824447631835938,0.9956340193748474,0.912350594997406,0.699999988079071,1.9379302263259888,0.8999999761581421,0.6375162601470947,2.7273826599121094,0.8569570779800415,0.585231602191925,3.2107021808624268,0.8145406246185303,0.7569721341133118,1.9854164123535156,0.9083665609359741,0.6109215021133423,0.27589768171310425,0.1443653255701065,0.5907347798347473,2.9782216548919678,0.8339021801948547,0.585231602191925,0.8145406246185303,0.7554767727851868,0.1469489485025406,0.743066132068634,0.8958871960639954,0.01587301678955555,0.8783082365989685,0.6400996446609497,0.9519963264465332,0.850491464138031,0.7720057964324951,0.4620174467563629,4.46798849105835,0.7247820496559143,0.5481560230255127,3.4302079677581787,0.8047851324081421,0.6043714284896851,2.851848602294922,0.8317382335662842,0.6551226377487183,2.8080952167510986,0.8455988168716431,0.5759782195091248,0.2983880937099457,0.1572376787662506,0.6239997148513794,3.1720364093780518,0.8156895041465759,0.4620174467563629,0.7247820496559143
25,,,,19213,0.772339403629303,0.18472236394882202,0.6549244523048401,0.9068852066993713,0.004664135165512562,0.0,0.4902762174606323,0.9821493029594421,0.873602032661438,0.9819217920303345,0.9925653338432312,0.8927482962608337,0.04304029420018196,0.020017679780721664,0.9845734238624573,0.048451393842697144,,,,,,,,,,,,,,,,,,,,,,,,,,,,,,,,,,,,,,,,,,,,,,,,,,,,,,,,,,,,
,2e-05,1e-05,1e-05,19214,,,,,,,,,,,,,,,,,,,,,,,,,,,,,,,,,,,,,,,,,,,,,,,,,,,,,,,,,,,,,,,,,,,,,,,,,,,,
26,,,,19952,,,,,,,,,,,,,,,,,0.8212741613388062,0.3947368562221527,0.7659297585487366,0.9073652029037476,0.03187251091003418,0.9886234402656555,0.9473684430122375,0.9837450981140137,0.9965831637382507,0.9282868504524231,0.7210526466369629,2.1449921131134033,0.8947368264198303,0.63621586561203,2.748138189315796,0.8605331778526306,0.5933941006660461,3.258718490600586,0.815299928188324,0.7490040063858032,2.2164359092712402,0.9083665609359741,0.6156996488571167,0.27399128675460815,0.1346638947725296,0.5873342156410217,3.0247912406921387,0.8356086611747742,0.5933941006660461,0.815299928188324,0.7502849102020264,0.15691158175468445,0.7328558564186096,0.8923952579498291,0.021645022556185722,0.8879954218864441,0.6077210307121277,0.9542822241783142,0.8675633668899536,0.8181818127632141,0.45952677726745605,5.1013031005859375,0.6874221563339233,0.554861307144165,3.4907233715057373,0.8046327233314514,0.6182100176811218,2.834261178970337,0.8357475399971008,0.649350643157959,2.7696874141693115,0.8542568683624268,0.5851589441299438,0.2945443391799927,0.14696083962917328,0.6063088774681091,3.2191455364227295,0.8161327242851257,0.45952677726745605,0.6874221563339233
26,,,,19952,0.7740705609321594,0.18886078894138336,0.6590254306793213,0.9071148633956909,0.0056875888258218765,0.0,0.4893111288547516,0.9826129078865051,0.8770192265510559,0.9823759198188782,0.9927576780319214,0.8959532380104065,0.05467372015118599,0.01926535740494728,0.9851999878883362,0.04692767187952995,,,,,,,,,,,,,,,,,,,,,,,,,,,,,,,,,,,,,,,,,,,,,,,,,,,,,,,,,,,,
,2e-05,1e-05,1e-05,19953,,,,,,,,,,,,,,,,,,,,,,,,,,,,,,,,,,,,,,,,,,,,,,,,,,,,,,,,,,,,,,,,,,,,,,,,,,,,
27,,,,20691,,,,,,,,,,,,,,,,,0.8196814656257629,0.3947368562221527,0.7597529292106628,0.9090736508369446,0.01593625545501709,0.9891922473907471,0.9368420839309692,0.9866710305213928,0.9954441785812378,0.9402390718460083,0.699999988079071,2.1408259868621826,0.9157894849777222,0.6384915709495544,2.76340651512146,0.8556566834449768,0.5905466675758362,3.2009546756744385,0.8158693909645081,0.7490040063858032,2.2175326347351074,0.8884462118148804,0.6142206788063049,0.2729020118713379,0.14145635068416595,0.5893716216087341,2.9956531524658203,0.8341296911239624,0.5905466675758362,0.8158693909645081,0.7525642514228821,0.15691158175468445,0.7378848195075989,0.8944645524024963,0.0028860028833150864,0.8695074319839478,0.5965130925178528,0.9585492014884949,0.8285049200057983,0.8051947951316833,0.46699875593185425,4.302241325378418,0.7434620261192322,0.5537945628166199,3.4550094604492188,0.8119475841522217,0.6092860698699951,2.84812331199646,0.8357475399971008,0.6565656661987305,2.8157098293304443,0.8528138399124146,0.5811067223548889,0.2973269820213318,0.1481824517250061,0.608113169670105,3.172281265258789,0.8219577074050903,0.46699875593185425,0.7434620261192322
27,,,,20691,0.7756683826446533,0.1930648386478424,0.6627875566482544,0.9073301553726196,0.006485592573881149,0.0,0.48588868975639343,0.9830614924430847,0.8801697492599487,0.9828095436096191,0.9929547905921936,0.899016261100769,0.06717687100172043,0.018058253452181816,0.9870457649230957,0.04158933460712433,,,,,,,,,,,,,,,,,,,,,,,,,,,,,,,,,,,,,,,,,,,,,,,,,,,,,,,,,,,,
,2e-05,1e-05,1e-05,20692,,,,,,,,,,,,,,,,,,,,,,,,,,,,,,,,,,,,,,,,,,,,,,,,,,,,,,,,,,,,,,,,,,,,,,,,,,,,
28,,,,21430,,,,,,,,,,,,,,,,,0.816609799861908,0.410526305437088,0.7412223815917969,0.9136294722557068,0.027888447046279907,0.9890785217285156,0.9473684430122375,0.9782184362411499,0.9984813928604126,0.9681274890899658,0.6947368383407593,2.259361743927002,0.8842105269432068,0.6300390362739563,2.7464053630828857,0.8563069105148315,0.5937737226486206,3.192551851272583,0.8166286945343018,0.737051784992218,2.0198214054107666,0.9043824672698975,0.6127417683601379,0.27459537982940674,0.13895747065544128,0.5922848582267761,2.981480121612549,0.8345847725868225,0.5937737226486206,0.8166286945343018,0.7436368465423584,0.15442092716693878,0.7138067483901978,0.896016538143158,0.012987012974917889,0.8928074240684509,0.6151930093765259,0.9315757155418396,0.8934298753738403,0.8455988168716431,0.4545454680919647,4.538794994354248,0.7422167062759399,0.5466321110725403,3.4479308128356934,0.8015848994255066,0.6090274453163147,2.8708653450012207,0.8305742144584656,0.663780689239502,2.5895116329193115,0.8614718317985535,0.5776877403259277,0.2966793179512024,0.1525248885154724,0.6270521283149719,3.1825928688049316,0.8154362440109253,0.4545454680919647,0.7422167062759399
28,,,,21430,0.7771420478820801,0.19695714116096497,0.6661685109138489,0.9075751900672913,0.007354640867561102,0.0,0.4861675202846527,0.9834850430488586,0.8833645582199097,0.9832280278205872,0.9931244254112244,0.901910126209259,0.07963874936103821,0.017604751512408257,0.9862498641014099,0.04287160933017731,,,,,,,,,,,,,,,,,,,,,,,,,,,,,,,,,,,,,,,,,,,,,,,,,,,,,,,,,,,,
,2e-05,1e-05,1e-05,21431,,,,,,,,,,,,,,,,,,,,,,,,,,,,,,,,,,,,,,,,,,,,,,,,,,,,,,,,,,,,,,,,,,,,,,,,,,,,
29,,,,22169,,,,,,,,,,,,,,,,,0.82161545753479,0.3842105269432068,0.7607282400131226,0.9111617207527161,0.03585657477378845,0.9898748397827148,0.9578947424888611,0.981144368648529,0.9979119300842285,0.9641434550285339,0.7157894968986511,2.0236589908599854,0.8842105269432068,0.631339430809021,2.799022912979126,0.8563069105148315,0.6017463803291321,3.262847661972046,0.8196659088134766,0.7768924236297607,2.2326903343200684,0.9083665609359741,0.6197952032089233,0.27329540252685547,0.1346329301595688,0.5613481998443604,3.0425777435302734,0.8365187644958496,0.6017463803291321,0.8196659088134766,0.7470558285713196,0.14943960309028625,0.7249314188957214,0.8927832245826721,0.027417028322815895,0.8949601054191589,0.6326276659965515,0.9338616132736206,0.8947232365608215,0.8383838534355164,0.4682440757751465,4.716744899749756,0.7247820496559143,0.5585187673568726,3.4593448638916016,0.8084425330162048,0.6121314167976379,2.854140520095825,0.8332902193069458,0.6666666865348816,2.6965866088867188,0.8629148602485657,0.5849056839942932,0.294675350189209,0.14861781895160675,0.6004844903945923,3.1931397914886475,0.8187286257743835,0.4682440757751465,0.7247820496559143
29,,,,22169,0.7785840034484863,0.20077960193157196,0.6696022152900696,0.9077358841896057,0.008267316967248917,0.0,0.48316821455955505,0.9838757514953613,0.8863252997398376,0.9836138486862183,0.9932875633239746,0.9044281840324402,0.0912698432803154,0.017956862226128578,0.986080527305603,0.043058961629867554,,,,,,,,,,,,,,,,,,,,,,,,,,,,,,,,,,,,,,,,,,,,,,,,,,,,,,,,,,,,
,2e-05,1e-05,1e-05,22170,,,,,,,,,,,,,,,,,,,,,,,,,,,,,,,,,,,,,,,,,,,,,,,,,,,,,,,,,,,,,,,,,,,,,,,,,,,,
30,,,,22908,,,,,,,,,,,,,,,,,0.823208212852478,0.40526315569877625,0.7776333093643188,0.9018602967262268,0.06374502182006836,0.9906712174415588,0.9473684430122375,0.9856957197189331,0.9971526265144348,0.9641434550285339,0.7105262875556946,2.145667552947998,0.8947368264198303,0.6449934840202332,2.718846321105957,0.8566319942474365,0.5951024889945984,3.3712315559387207,0.8137813210487366,0.7768924236297607,2.1263420581817627,0.892430305480957,0.6203640699386597,0.27274590730667114,0.13376641273498535,0.5645034909248352,3.079294443130493,0.8328782916069031,0.5951024889945984,0.8137813210487366,0.757059633731842,0.14819426834583282,0.7455044388771057,0.8951112031936646,0.036075036972761154,0.8850829601287842,0.6114570498466492,0.9419384598731995,0.8688567280769348,0.8499278426170349,0.46326276659965515,4.082640647888184,0.7422167062759399,0.5533373951911926,3.4465548992156982,0.803108811378479,0.6156233549118042,2.9132442474365234,0.8332902193069458,0.6666666865348816,2.643508195877075,0.8658008575439453,0.5842092037200928,0.29359614849090576,0.14680756628513336,0.6174251437187195,3.182068347930908,0.8175256252288818,0.46326276659965515,0.7422167062759399
30,,,,22908,0.779988706111908,0.2043350636959076,0.6729235649108887,0.9079103469848633,0.009239055216312408,0.0,0.4787570536136627,0.9842511415481567,0.8892378211021423,0.9839870929718018,0.9934336543083191,0.9069803953170776,0.10215053707361221,0.016386661678552628,0.987960159778595,0.03766225650906563,,,,,,,,,,,,,,,,,,,,,,,,,,,,,,,,,,,,,,,,,,,,,,,,,,,,,,,,,,,,
,2e-05,1e-05,1e-05,22909,,,,,,,,,,,,,,,,,,,,,,,,,,,,,,,,,,,,,,,,,,,,,,,,,,,,,,,,,,,,,,,,,,,,,,,,,,,,
31,,,,23647,,,,,,,,,,,,,,,,,0.8221843242645264,0.42105263471603394,0.7532509565353394,0.9143887758255005,0.05179283022880554,0.9904437065124512,0.9631578922271729,0.9840702414512634,0.9975322484970093,0.9521912336349487,0.6894736886024475,2.2945377826690674,0.8999999761581421,0.6401170492172241,2.774549722671509,0.8621586561203003,0.5932042598724365,3.4063539505004883,0.8171981573104858,0.7689242959022522,2.1905484199523926,0.9083665609359741,0.6167235374450684,0.2798686623573303,0.12552034854888916,0.5473775267601013,3.125528573989868,0.8373151421546936,0.5932042598724365,0.8171981573104858,0.7490819096565247,0.15815691649913788,0.7150259017944336,0.9039058685302734,0.03318903222680092,0.8867924809455872,0.6438356041908264,0.946815013885498,0.8693740367889404,0.7994228005409241,0.45205479860305786,4.626195907592773,0.7173100709915161,0.5566900372505188,3.508134603500366,0.8060042858123779,0.6126487255096436,3.0184364318847656,0.8299275636672974,0.6767676472663879,2.810211181640625,0.8354978561401367,0.5840192437171936,0.29642218351364136,0.14398498833179474,0.5942859649658203,3.294097900390625,0.8145498037338257,0.45205479860305786,0.7173100709915161
31,,,,23647,0.7812764644622803,0.2079053372144699,0.6759196519851685,0.908069372177124,0.010473796166479588,0.0,0.4782227873802185,0.9846268892288208,0.892067015171051,0.9843623638153076,0.9935787320137024,0.9095635414123535,0.1153273805975914,0.014792823232710361,0.9868425726890564,0.04038465768098831,,,,,,,,,,,,,,,,,,,,,,,,,,,,,,,,,,,,,,,,,,,,,,,,,,,,,,,,,,,,
,2e-05,1e-05,1e-05,23648,,,,,,,,,,,,,,,,,,,,,,,,,,,,,,,,,,,,,,,,,,,,,,,,,,,,,,,,,,,,,,,,,,,,,,,,,,,,
32,,,,24386,,,,,,,,,,,,,,,,,0.8276450634002686,0.42105263471603394,0.772756814956665,0.9130600094795227,0.03187251091003418,0.9894198179244995,0.9526315927505493,0.981144368648529,0.998291552066803,0.9521912336349487,0.6947368383407593,2.3574612140655518,0.8999999761581421,0.63621586561203,2.878049373626709,0.8550065159797668,0.5892179012298584,3.396723985671997,0.8149202466011047,0.7649402618408203,2.0906822681427,0.892430305480957,0.6131967902183533,0.28401023149490356,0.11983111500740051,0.5452125668525696,3.1536355018615723,0.8331058025360107,0.5892179012298584,0.8149202466011047,0.7585791945457458,0.15442092716693878,0.7423041462898254,0.900543212890625,0.03318903222680092,0.8919209837913513,0.6650062203407288,0.9437671303749084,0.8789446353912354,0.8138527870178223,0.4582814574241638,5.058532238006592,0.7322540283203125,0.5432794690132141,3.6719343662261963,0.8107284307479858,0.6131660342216492,3.0440433025360107,0.8329022526741028,0.6594516634941101,2.8111445903778076,0.8571428656578064,0.5783208608627319,0.3093932569026947,0.13494011759757996,0.5582916140556335,3.3966801166534424,0.8196150660514832,0.4582814574241638,0.7322540283203125
32,,,,24386,0.7825544476509094,0.21150825917720795,0.678794801235199,0.908302366733551,0.01130131259560585,0.0,0.4746713936328888,0.9849844574928284,0.8947247266769409,0.9847205877304077,0.9937228560447693,0.9118977785110474,0.12842713296413422,0.01441548764705658,0.9882819056510925,0.036068763583898544,,,,,,,,,,,,,,,,,,,,,,,,,,,,,,,,,,,,,,,,,,,,,,,,,,,,,,,,,,,,
,2e-05,1e-05,1e-05,24387,,,,,,,,,,,,,,,,,,,,,,,,,,,,,,,,,,,,,,,,,,,,,,,,,,,,,,,,,,,,,,,,,,,,,,,,,,,,
33,,,,25125,,,,,,,,,,,,,,,,,0.8242321014404297,0.410526305437088,0.7932379841804504,0.8933181762695312,0.08366534113883972,0.9871444702148438,0.9526315927505493,0.9804941415786743,0.9979119300842285,0.8804780840873718,0.6947368383407593,2.4642603397369385,0.8842105269432068,0.6323146820068359,2.9092538356781006,0.8582574725151062,0.5973803997039795,3.4952611923217773,0.8097949624061584,0.7529880404472351,2.387256622314453,0.892430305480957,0.6163822412490845,0.28243696689605713,0.11983795464038849,0.5327828526496887,3.2343437671661377,0.8308305144309998,0.5973803997039795,0.8097949624061584,0.7629479765892029,0.16438356041908264,0.7721731066703796,0.8823072910308838,0.04184704273939133,0.891097903251648,0.6102117300033569,0.9615970849990845,0.8758406639099121,0.7243867516517639,0.4794520437717438,5.070110321044922,0.7247820496559143,0.555470883846283,3.6558263301849365,0.8127095103263855,0.617434024810791,3.0549659729003906,0.8351008892059326,0.6709956526756287,2.8574438095092773,0.8715728521347046,0.5870583653450012,0.30210649967193604,0.13732531666755676,0.5536965727806091,3.3978819847106934,0.8218310475349426,0.4794520437717438,0.7247820496559143
33,,,,25125,0.7837806344032288,0.2148248702287674,0.681613028049469,0.9084844589233398,0.012348998337984085,0.0,0.47243961691856384,0.9853219985961914,0.8972447514533997,0.985052227973938,0.9938660860061646,0.9140409231185913,0.14005602896213531,0.013548674061894417,0.9890439510345459,0.03354400396347046,,,,,,,,,,,,,,,,,,,,,,,,,,,,,,,,,,,,,,,,,,,,,,,,,,,,,,,,,,,,
,2e-05,1e-05,1e-05,25126,,,,,,,,,,,,,,,,,,,,,,,,,,,,,,,,,,,,,,,,,,,,,,,,,,,,,,,,,,,,,,,,,,,,,,,,,,,,
34,,,,25864,,,,,,,,,,,,,,,,,0.8249146938323975,0.410526305437088,0.7591027021408081,0.9149582386016846,0.0717131495475769,0.9875995516777039,0.9684210419654846,0.9791937470436096,0.9954441785812378,0.9521912336349487,0.7210526466369629,2.5232200622558594,0.8736842274665833,0.6284134984016418,2.861954689025879,0.8527308106422424,0.5892179012298584,3.4782400131225586,0.8118830919265747,0.7768924236297607,2.055835485458374,0.912350594997406,0.6112627983093262,0.2843959927558899,0.1239253357052803,0.5472131967544556,3.1996705532073975,0.8304892182350159,0.5892179012298584,0.8118830919265747,0.7512979507446289,0.15691158175468445,0.7168546319007874,0.9063631892204285,0.04040404036641121,0.8829935193061829,0.6537982821464539,0.9472721815109253,0.8587687611579895,0.8152958154678345,0.4682440757751465,4.785199165344238,0.7210460901260376,0.5563852190971375,3.5443081855773926,0.8006705045700073,0.6066994071006775,3.087202310562134,0.8272115588188171,0.6536796689033508,2.887927770614624,0.860028862953186,0.5808534622192383,0.2996615767478943,0.1451137512922287,0.5869226455688477,3.354182720184326,0.81227046251297,0.4682440757751465,0.7210460901260376
34,,,,25864,0.7849276065826416,0.21786165237426758,0.684237539768219,0.9086626768112183,0.013371637091040611,0.0,0.47064125537872314,0.9856257438659668,0.8994220495223999,0.9853416681289673,0.9939970374107361,0.9160964488983154,0.1517006754875183,0.013954770751297474,0.9893995523452759,0.032944563776254654,,,,,,,,,,,,,,,,,,,,,,,,,,,,,,,,,,,,,,,,,,,,,,,,,,,,,,,,,,,,
,2e-05,1e-05,1e-05,25865,,,,,,,,,,,,,,,,,,,,,,,,,,,,,,,,,,,,,,,,,,,,,,,,,,,,,,,,,,,,,,,,,,,,,,,,,,,,
35,,,,26603,,,,,,,,,,,,,,,,,0.8274174928665161,0.42105263471603394,0.7607282400131226,0.9157175421714783,0.1155378520488739,0.9887372255325317,0.9368420839309692,0.981469452381134,0.9973424673080444,0.9482071995735168,0.7210526466369629,2.3977036476135254,0.8894736766815186,0.6342653036117554,2.9471700191497803,0.8494798541069031,0.5804859399795532,3.5224153995513916,0.8097949624061584,0.7649402618408203,2.3733012676239014,0.8964143395423889,0.6077360510826111,0.29265162348747253,0.11592835932970047,0.5262370705604553,3.2623300552368164,0.8279863595962524,0.5804859399795532,0.8097949624061584,0.75224769115448,0.15068493783473969,0.723407506942749,0.9027418494224548,0.0476190485060215,0.8869190812110901,0.6338729858398438,0.948643684387207,0.8667873740196228,0.8253968358039856,0.48567870259284973,4.6845269203186035,0.7384806871414185,0.5534898042678833,3.7116544246673584,0.8052423000335693,0.616011381149292,3.076875925064087,0.8305742144584656,0.6507936716079712,2.940795421600342,0.8614718317985535,0.5849689841270447,0.3034984767436981,0.13682180643081665,0.5513116717338562,3.4158780574798584,0.8167658448219299,0.48567870259284973,0.7384806871414185
35,,,,26603,0.7860696315765381,0.2207648605108261,0.6868089437484741,0.9088733196258545,0.014337463304400444,0.0,0.4686170816421509,0.9859220385551453,0.9015311002731323,0.9856495261192322,0.9941151142120361,0.9180039167404175,0.1626984179019928,0.01348971202969551,0.9884512424468994,0.0368075855076313,,,,,,,,,,,,,,,,,,,,,,,,,,,,,,,,,,,,,,,,,,,,,,,,,,,,,,,,,,,,
,2e-05,1e-05,1e-05,26604,,,,,,,,,,,,,,,,,,,,,,,,,,,,,,,,,,,,,,,,,,,,,,,,,,,,,,,,,,,,,,,,,,,,,,,,,,,,
36,,,,27342,,,,,,,,,,,,,,,,,0.8229806423187256,0.410526305437088,0.7883614897727966,0.8942672610282898,0.07968127727508545,0.9907850027084351,0.9473684430122375,0.9873211979866028,0.9967729449272156,0.9521912336349487,0.6947368383407593,2.549973249435425,0.8947368264198303,0.6443433165550232,2.8399415016174316,0.8608582615852356,0.5971905589103699,3.3684604167938232,0.8177676796913147,0.7808765172958374,2.3036744594573975,0.9043824672698975,0.6210466623306274,0.2779926061630249,0.12494007498025894,0.5350337624549866,3.1338422298431396,0.8370875716209412,0.5971905589103699,0.8177676796913147,0.7591490149497986,0.15068493783473969,0.7662298083305359,0.881531298160553,0.036075036972761154,0.8756489753723145,0.6513075828552246,0.9430052042007446,0.8431195020675659,0.8658008575439453,0.4719800651073456,4.562201023101807,0.7658779621124268,0.560042679309845,3.6773014068603516,0.8110332489013672,0.6105794310569763,3.0807158946990967,0.8313502073287964,0.6796537041664124,2.8436012268066406,0.8715728521347046,0.5856021046638489,0.3023158609867096,0.13592639565467834,0.5546038746833801,3.39290452003479,0.8213878870010376,0.4719800651073456,0.7658779621124268
36,,,,27342,0.7871448993682861,0.22364778816699982,0.6892207860946655,0.9090570211410522,0.015531070530414581,0.0,0.46755945682525635,0.9862127900123596,0.9036970138549805,0.9859446287155151,0.994225263595581,0.9199730157852173,0.17438867688179016,0.012593572959303856,0.9894334077835083,0.032958392053842545,,,,,,,,,,,,,,,,,,,,,,,,,,,,,,,,,,,,,,,,,,,,,,,,,,,,,,,,,,,,
,2e-05,1e-05,1e-05,27343,,,,,,,,,,,,,,,,,,,,,,,,,,,,,,,,,,,,,,,,,,,,,,,,,,,,,,,,,,,,,,,,,,,,,,,,,,,,
37,,,,28081,,,,,,,,,,,,,,,,,0.8284413814544678,0.4263157844543457,0.7665799856185913,0.9149582386016846,0.09163346886634827,0.9910125136375427,0.9526315927505493,0.9869961142539978,0.9971526265144348,0.9521912336349487,0.7052631378173828,2.398498296737671,0.8842105269432068,0.6427178382873535,2.906590223312378,0.8608582615852356,0.5875095129013062,3.514800786972046,0.813591480255127,0.7968127727508545,2.058119773864746,0.9163346886634827,0.6152445673942566,0.2829000949859619,0.12211944907903671,0.5348250269889832,3.2354798316955566,0.8345847725868225,0.5875095129013062,0.813591480255127,0.7542737722396851,0.15317559242248535,0.7354465126991272,0.8967925310134888,0.043290045112371445,0.8779283165931702,0.6699875593185425,0.9547393918037415,0.8371701836585999,0.8513708710670471,0.4757160544395447,4.731574535369873,0.7459526658058167,0.5595855116844177,3.762646436691284,0.8137763142585754,0.6061820983886719,3.2391982078552246,0.8330315351486206,0.6666666865348816,2.693052291870117,0.8643578886985779,0.5828796029090881,0.3080294132232666,0.12995123863220215,0.5365234017372131,3.5079472064971924,0.8220210075378418,0.4757160544395447,0.7459526658058167
37,,,,28081,0.7881278991699219,0.22632910311222076,0.6913864016532898,0.9092507362365723,0.016533564776182175,0.0,0.46802860498428345,0.9864829182624817,0.9057156443595886,0.9862090945243835,0.9943394064903259,0.921645998954773,0.18609023094177246,0.012652918696403503,0.9900938272476196,0.0303154606372118,,,,,,,,,,,,,,,,,,,,,,,,,,,,,,,,,,,,,,,,,,,,,,,,,,,,,,,,,,,,
,2e-05,1e-05,1e-05,28082,,,,,,,,,,,,,,,,,,,,,,,,,,,,,,,,,,,,,,,,,,,,,,,,,,,,,,,,,,,,,,,,,,,,,,,,,,,,
38,,,,28820,,,,,,,,,,,,,,,,,0.8250284194946289,0.43157893419265747,0.7532509565353394,0.914768397808075,0.13545817136764526,0.9882821440696716,0.9473684430122375,0.9762678742408752,0.9984813928604126,0.9641434550285339,0.7105262875556946,2.2790822982788086,0.8894736766815186,0.6410923004150391,2.9259352684020996,0.8657346963882446,0.5937737226486206,3.475085973739624,0.8134016990661621,0.7689242959022522,2.455281972885132,0.8964143395423889,0.6179749965667725,0.28126147389411926,0.12108952552080154,0.5294675230979919,3.226627826690674,0.8358361721038818,0.5937737226486206,0.8134016990661621,0.7517411708831787,0.15940223634243011,0.7206644415855408,0.9027418494224548,0.051948051899671555,0.8950234055519104,0.672478199005127,0.9234989285469055,0.8958871960639954,0.8787878751754761,0.49439600110054016,4.4697980880737305,0.7422167062759399,0.5597378611564636,3.6728851795196533,0.8110332489013672,0.614976704120636,3.0576326847076416,0.8326435685157776,0.6378066539764404,3.232052803039551,0.8614718317985535,0.5869317650794983,0.3029213547706604,0.13203571736812592,0.55439293384552,3.392209529876709,0.8203748464584351,0.49439600110054016,0.7422167062759399
38,,,,28820,0.7890622615814209,0.22926189005374908,0.6934532523155212,0.9094065427780151,0.017609650269150734,0.0,0.46660345792770386,0.9867470264434814,0.907614529132843,0.9864685535430908,0.9944506883621216,0.9233894348144531,0.19597069919109344,0.012067663483321667,0.9907881021499634,0.028913764283061028,,,,,,,,,,,,,,,,,,,,,,,,,,,,,,,,,,,,,,,,,,,,,,,,,,,,,,,,,,,,
,2e-05,1e-05,1e-05,28821,,,,,,,,,,,,,,,,,,,,,,,,,,,,,,,,,,,,,,,,,,,,,,,,,,,,,,,,,,,,,,,,,,,,,,,,,,,,
39,,,,29559,,,,,,,,,,,,,,,,,0.8282138705253601,0.4263157844543457,0.7558517456054688,0.9183750748634338,0.1434262990951538,0.9888509511947632,0.9473684430122375,0.9808192253112793,0.9973424673080444,0.9561753273010254,0.7052631378173828,2.4474079608917236,0.8999999761581421,0.6336150765419006,2.7972991466522217,0.8605331778526306,0.5930144190788269,3.478980779647827,0.8128321766853333,0.7490040063858032,2.372241497039795,0.892430305480957,0.6141069531440735,0.28314465284347534,0.12152157723903656,0.5451973080635071,3.1853315830230713,0.8336746096611023,0.5930144190788269,0.8128321766853333,0.7510446906089783,0.15317559242248535,0.7202072739601135,0.9023538827896118,0.051948051899671555,0.886602520942688,0.6811954975128174,0.9448338747024536,0.862519383430481,0.8470418453216553,0.4844333827495575,5.028961181640625,0.7372353672981262,0.559433102607727,3.629037380218506,0.8088997006416321,0.6158820390701294,3.088787794113159,0.8329022526741028,0.6479076743125916,3.19905948638916,0.8383838534355164,0.5871850252151489,0.3011727035045624,0.1362399011850357,0.5535898804664612,3.4162890911102295,0.81834876537323,0.4844333827495575,0.7372353672981262
39,,,,29559,0.7899460792541504,0.23192161321640015,0.6954823136329651,0.9095070958137512,0.018784277141094208,0.0,0.4636981785297394,0.9869940876960754,0.9094342589378357,0.9867234230041504,0.9945427179336548,0.9250457286834717,0.20654761791229248,0.012256892397999763,0.9908896684646606,0.029379133135080338,,,,,,,,,,,,,,,,,,,,,,,,,,,,,,,,,,,,,,,,,,,,,,,,,,,,,,,,,,,,
,2e-05,1e-05,1e-05,29560,,,,,,,,,,,,,,,,,,,,,,,,,,,,,,,,,,,,,,,,,,,,,,,,,,,,,,,,,,,,,,,,,,,,,,,,,,,,
40,,,,30298,,,,,,,,,,,,,,,,,0.8278725743293762,0.42105263471603394,0.7916125059127808,0.8984434604644775,0.1155378520488739,0.9891922473907471,0.9631578922271729,0.9801690578460693,0.9969627857208252,0.9681274890899658,0.7105262875556946,2.3881583213806152,0.8947368264198303,0.6297138929367065,3.0821824073791504,0.8533810377120972,0.5873196721076965,3.4294254779815674,0.8139711618423462,0.7490040063858032,2.350461006164551,0.8884462118148804,0.6093288064002991,0.28840139508247375,0.11215006560087204,0.5410281419754028,3.2536709308624268,0.831626832485199,0.5873196721076965,0.8139711618423462,0.7616183161735535,0.15068493783473969,0.7619628310203552,0.8892912864685059,0.04617604613304138,0.8790046572685242,0.6811954975128174,0.9443767070770264,0.8453181385993958,0.8701298832893372,0.4682440757751465,5.068059921264648,0.7422167062759399,0.5612618327140808,3.7537126541137695,0.8087473511695862,0.6138127446174622,3.054018974304199,0.833936870098114,0.6724386811256409,2.908639669418335,0.8528138399124146,0.5871850252151489,0.3031075596809387,0.13194739818572998,0.5446475148200989,3.44038987159729,0.8196783661842346,0.4682440757751465,0.7422167062759399
40,,,,30298,0.7908148765563965,0.23452869057655334,0.6973437666893005,0.9096806049346924,0.020065100863575935,0.0,0.46165597438812256,0.9872357249259949,0.9112114906311035,0.9869809150695801,0.994633138179779,0.926606297492981,0.21486642956733704,0.011187034659087658,0.9901953935623169,0.02999545820057392,,,,,,,,,,,,,,,,,,,,,,,,,,,,,,,,,,,,,,,,,,,,,,,,,,,,,,,,,,,,
,2e-05,1e-05,1e-05,30299,,,,,,,,,,,,,,,,,,,,,,,,,,,,,,,,,,,,,,,,,,,,,,,,,,,,,,,,,,,,,,,,,,,,,,,,,,,,
41,,,,31037,,,,,,,,,,,,,,,,,0.8275312781333923,0.43157893419265747,0.7854356169700623,0.9011009931564331,0.1155378520488739,0.989533543586731,0.9526315927505493,0.982119619846344,0.9977220892906189,0.9482071995735168,0.7210526466369629,2.664464235305786,0.8842105269432068,0.6394668221473694,3.0425384044647217,0.8589076995849609,0.597000777721405,3.506261110305786,0.8173879981040955,0.7609561681747437,2.2935194969177246,0.892430305480957,0.619340181350708,0.28213271498680115,0.11852891743183136,0.5195150375366211,3.289649724960327,0.8356086611747742,0.597000777721405,0.8173879981040955,0.7613650560379028,0.15815691649913788,0.7621151804924011,0.8877392411231995,0.0476190485060215,0.8916044235229492,0.6151930093765259,0.9582444429397583,0.8706673383712769,0.8196248412132263,0.4570361077785492,5.666799068450928,0.7210460901260376,0.5580615401268005,3.8642637729644775,0.8168241381645203,0.6112260818481445,3.1982877254486084,0.8301862478256226,0.6479076743125916,3.044114589691162,0.8556998372077942,0.5829429030418396,0.30928030610084534,0.1311672478914261,0.5258196592330933,3.593256711959839,0.8201848864555359,0.4570361077785492,0.7210460901260376
41,,,,31037,0.7917051911354065,0.2369213104248047,0.699337899684906,0.9098231792449951,0.021284930408000946,0.0,0.4597919285297394,0.9874791502952576,0.91294926404953,0.9872193932533264,0.9947362542152405,0.9282087087631226,0.22448979318141937,0.010190681554377079,0.9919565320014954,0.026497889310121536,,,,,,,,,,,,,,,,,,,,,,,,,,,,,,,,,,,,,,,,,,,,,,,,,,,,,,,,,,,,
,2e-05,1e-05,1e-05,31038,,,,,,,,,,,,,,,,,,,,,,,,,,,,,,,,,,,,,,,,,,,,,,,,,,,,,,,,,,,,,,,,,,,,,,,,,,,,
42,,,,31776,,,,,,,,,,,,,,,,,0.8273037672042847,0.43157893419265747,0.8000650405883789,0.891230046749115,0.13545817136764526,0.9898748397827148,0.9526315927505493,0.9827698469161987,0.9975322484970093,0.9561753273010254,0.7157894968986511,2.35201358795166,0.9105263352394104,0.6475942730903625,2.850893497467041,0.8533810377120972,0.6019362211227417,3.4974417686462402,0.8209946751594543,0.7729083895683289,2.2661588191986084,0.8964143395423889,0.625483512878418,0.2741895914077759,0.12083262950181961,0.5351459383964539,3.209531784057617,0.8365187644958496,0.6019362211227417,0.8209946751594543,0.762188196182251,0.16562889516353607,0.7768973112106323,0.8759700059890747,0.04906205087900162,0.8900848627090454,0.660024881362915,0.956110954284668,0.8647180795669556,0.8196248412132263,0.4769614040851593,4.8020477294921875,0.729763388633728,0.5649192333221436,3.595784902572632,0.8101188540458679,0.6242886781692505,3.091493844985962,0.8341955542564392,0.6695526838302612,2.6950793266296387,0.8585858345031738,0.594149649143219,0.295096755027771,0.13375648856163025,0.5614424347877502,3.370163917541504,0.8199949264526367,0.4769614040851593,0.729763388633728
42,,,,31776,0.7925379276275635,0.2393055558204651,0.7012282609939575,0.9099304676055908,0.022518884390592575,0.0,0.45773637294769287,0.9877108931541443,0.9146355986595154,0.9874523282051086,0.9948353171348572,0.9296231865882874,0.23311184346675873,0.01020180806517601,0.9913130402565002,0.02724853716790676,,,,,,,,,,,,,,,,,,,,,,,,,,,,,,,,,,,,,,,,,,,,,,,,,,,,,,,,,,,,
,2e-05,1e-05,1e-05,31777,,,,,,,,,,,,,,,,,,,,,,,,,,,,,,,,,,,,,,,,,,,,,,,,,,,,,,,,,,,,,,,,,,,,,,,,,,,,
43,,,,32515,,,,,,,,,,,,,,,,,0.831626832485199,0.4421052634716034,0.7925877571105957,0.9020501375198364,0.1434262990951538,0.9905574321746826,0.9578947424888611,0.9866710305213928,0.9969627857208252,0.9402390718460083,0.699999988079071,2.252196788787842,0.9157894849777222,0.6375162601470947,2.8575439453125,0.8650845289230347,0.5981397032737732,3.491182804107666,0.8147304654121399,0.7609561681747437,2.5255115032196045,0.8844621777534485,0.6187713146209717,0.28207719326019287,0.11352992057800293,0.5296728610992432,3.214261770248413,0.8365187644958496,0.5981397032737732,0.8147304654121399,0.7627580165863037,0.17559152841567993,0.7630295753479004,0.887480616569519,0.05339105427265167,0.8981258869171143,0.6687422394752502,0.9545870423316956,0.8820486068725586,0.8138527870178223,0.44458281993865967,5.071414470672607,0.7222914099693298,0.5624809265136719,3.6616830825805664,0.8139286637306213,0.6059234142303467,3.1810526847839355,0.8295395970344543,0.6565656661987305,3.1011030673980713,0.8470418453216553,0.5819298624992371,0.30730658769607544,0.128934845328331,0.5483447313308716,3.47296404838562,0.8184120655059814,0.44458281993865967,0.7222914099693298
43,,,,32515,0.7933436036109924,0.24198368191719055,0.70301753282547,0.9100419878959656,0.023696748539805412,0.0,0.45737338066101074,0.987934410572052,0.9163745641708374,0.9876735210418701,0.9949259161949158,0.9309595227241516,0.244047611951828,0.010066663846373558,0.9910759925842285,0.02705693617463112,,,,,,,,,,,,,,,,,,,,,,,,,,,,,,,,,,,,,,,,,,,,,,,,,,,,,,,,,,,,
,2e-05,1e-05,1e-05,32516,,,,,,,,,,,,,,,,,,,,,,,,,,,,,,,,,,,,,,,,,,,,,,,,,,,,,,,,,,,,,,,,,,,,,,,,,,,,
44,,,,33254,,,,,,,,,,,,,,,,,0.8315131068229675,0.4263157844543457,0.7958387732505798,0.9012908339500427,0.12749004364013672,0.9919226169586182,0.9578947424888611,0.9873211979866028,0.9981017708778381,0.9561753273010254,0.7105262875556946,2.505478858947754,0.8842105269432068,0.6433680057525635,2.958648681640625,0.8585825562477112,0.5933941006660461,3.492888927459717,0.8164388537406921,0.7649402618408203,2.522838592529297,0.9003984332084656,0.6182025074958801,0.28188490867614746,0.12037573754787445,0.5167960524559021,3.255988597869873,0.8351535797119141,0.5933941006660461,0.8164388537406921,0.7648473978042603,0.17310087382793427,0.7704967856407166,0.8861872553825378,0.0476190485060215,0.8955299258232117,0.6712328791618347,0.9510819911956787,0.8754526376724243,0.8585858345031738,0.4645080864429474,4.896538734436035,0.7347447276115417,0.564614474773407,3.660219192504883,0.8133190870285034,0.6078634262084961,3.1787753105163574,0.8319969177246094,0.6724386811256409,3.094245672225952,0.8643578886985779,0.585475504398346,0.30264464020729065,0.1382405012845993,0.550961971282959,3.4619534015655518,0.8207547068595886,0.4645080864429474,0.7347447276115417
44,,,,33254,0.7941609025001526,0.24451467394828796,0.7047886848449707,0.9101836681365967,0.025025391951203346,0.0,0.45477554202079773,0.9881528615951538,0.9180081486701965,0.9878891706466675,0.9950195550918579,0.9322499632835388,0.2539682686328888,0.009378725662827492,0.9916855692863464,0.02722335234284401,,,,,,,,,,,,,,,,,,,,,,,,,,,,,,,,,,,,,,,,,,,,,,,,,,,,,,,,,,,,
