epoch,lr-Adam,lr-Adam-1,step,train/train-lr-domain-acc,train/train-lr-domain-acc-africa,train/train-lr-domain-acc-americas,train/train-lr-domain-acc-asia,train/train-lr-domain-acc-europe,train/train-lr-domain-acc-oceania,train/train-lr-domain-acc-other,train/train-lr-domain-loss,train/train-task-acc,train/train-task-loss,val/val-id-lr-domain-acc,val/val-id-lr-domain-acc-africa,val/val-id-lr-domain-acc-americas,val/val-id-lr-domain-acc-asia,val/val-id-lr-domain-acc-europe,val/val-id-lr-domain-acc-oceania,val/val-id-region-africa-task-acc,val/val-id-region-africa-task-loss,val/val-id-region-africa-top5-task-acc,val/val-id-region-americas-task-acc,val/val-id-region-americas-task-loss,val/val-id-region-americas-top5-task-acc,val/val-id-region-asia-task-acc,val/val-id-region-asia-task-loss,val/val-id-region-asia-top5-task-acc,val/val-id-region-europe-task-acc,val/val-id-region-europe-task-loss,val/val-id-region-europe-top5-task-acc,val/val-id-region-oceania-task-acc,val/val-id-region-oceania-task-loss,val/val-id-region-oceania-top5-task-acc,val/val-id-task-acc,val/val-id-task-ece,val/val-id-task-entropy-correct,val/val-id-task-entropy-incorrect,val/val-id-task-loss,val/val-id-top5-task-acc,val/val-id-worst-group-task-acc,val/val-id-worst-group-top5-task-acc,val/val-od-lr-domain-acc,val/val-od-lr-domain-acc-africa,val/val-od-lr-domain-acc-americas,val/val-od-lr-domain-acc-asia,val/val-od-lr-domain-acc-europe,val/val-od-lr-domain-acc-oceania,val/val-od-region-africa-task-acc,val/val-od-region-africa-task-loss,val/val-od-region-africa-top5-task-acc,val/val-od-region-americas-task-acc,val/val-od-region-americas-task-loss,val/val-od-region-americas-top5-task-acc,val/val-od-region-asia-task-acc,val/val-od-region-asia-task-loss,val/val-od-region-asia-top5-task-acc,val/val-od-region-europe-task-acc,val/val-od-region-europe-task-loss,val/val-od-region-europe-top5-task-acc,val/val-od-region-oceania-task-acc,val/val-od-region-oceania-task-loss,val/val-od-region-oceania-top5-task-acc,val/val-od-task-acc,val/val-od-task-ece,val/val-od-task-entropy-correct,val/val-od-task-entropy-incorrect,val/val-od-task-loss,val/val-od-top5-task-acc,val/val-od-worst-group-task-acc,val/val-od-worst-group-top5-task-acc
,2e-05,1e-05,0,,,,,,,,,,,,,,,,,,,,,,,,,,,,,,,,,,,,,,,,,,,,,,,,,,,,,,,,,,,,,,,,,,,,
0,,,600,,,,,,,,,,,0.084908127784729,0.03684210404753685,0.02795838750898838,0.22205717861652374,0.017653757706284523,0.7609561681747437,0.4894736707210541,2.07934308052063,0.678947389125824,0.3624837398529053,2.6079490184783936,0.6436930894851685,0.34905311465263367,2.6154375076293945,0.6632009148597717,0.318526953458786,2.71439266204834,0.5888382792472839,0.4023904502391815,2.3721213340759277,0.7848605513572693,0.3421579599380493,0.08952848613262177,2.5745010375976562,3.4215447902679443,2.644437789916992,0.6268396973609924,0.318526953458786,0.5888382792472839,0.1038915365934372,0.031133249402046204,0.038707710802555084,0.25867506861686707,0.02418520487844944,0.7748917937278748,0.2627646327018738,2.7363641262054443,0.6376089453697205,0.3407497704029083,2.6596596240997314,0.619475781917572,0.3482164442539215,2.6534931659698486,0.6648871898651123,0.3899379074573517,2.4795658588409424,0.6297206282615662,0.39105337858200073,2.422363758087158,0.7070707082748413,0.35997992753982544,0.0909312516450882,2.512531280517578,3.3886120319366455,2.5834946632385254,0.6366055607795715,0.2627646327018738,0.619475781917572
0,,,600,0.07668188959360123,0.007585335057228804,0.01754636876285076,0.19203773140907288,0.021570542827248573,0.8177940249443054,0.02380952425301075,1.9984880685806274,0.23221836984157562,3.185922384262085,,,,,,,,,,,,,,,,,,,,,,,,,,,,,,,,,,,,,,,,,,,,,,,,,,,,,,,,,,
,2e-05,1e-05,601,,,,,,,,,,,,,,,,,,,,,,,,,,,,,,,,,,,,,,,,,,,,,,,,,,,,,,,,,,,,,,,,,,,,
1,,,1201,,,,,,,,,,,0.09178785979747772,0.03684210404753685,0.0360858254134655,0.2305978536605835,0.02619590051472187,0.7051792740821838,0.5368421077728271,1.6977860927581787,0.7947368621826172,0.4691157341003418,2.1023943424224854,0.7431729435920715,0.4404010474681854,2.164116621017456,0.7530634999275208,0.4212224781513214,2.2447147369384766,0.694760799407959,0.5099601745605469,1.7826683521270752,0.8725099563598633,0.44256725907325745,0.08943677693605423,2.078873634338379,3.104621410369873,2.168180227279663,0.7270748019218445,0.4212224781513214,0.694760799407959,0.10715541243553162,0.021170610561966896,0.03977445885539055,0.2700800895690918,0.03259182721376419,0.7085137367248535,0.34371107816696167,2.357370138168335,0.735990047454834,0.4346235990524292,2.208620309829712,0.7224931716918945,0.4309633672237396,2.2195241451263428,0.7410822510719299,0.4893947243690491,2.016845703125,0.7256854772567749,0.48917749524116516,1.876906394958496,0.8253968358039856,0.45332664251327515,0.08465774357318878,2.0334699153900146,3.0611610412597656,2.131117343902588,0.7316595315933228,0.34371107816696167,0.7224931716918945
1,,,1201,0.08213964849710464,0.007901391014456749,0.024722261354327202,0.2116626352071762,0.020909925922751427,0.7818403244018555,0.0476190485060215,1.984384298324585,0.4039655029773712,2.3649964332580566,,,,,,,,,,,,,,,,,,,,,,,,,,,,,,,,,,,,,,,,,,,,,,,,,,,,,,,,,,
,2e-05,1e-05,1202,,,,,,,,,,,,,,,,,,,,,,,,,,,,,,,,,,,,,,,,,,,,,,,,,,,,,,,,,,,,,,,,,,,,
2,,,1802,,,,,,,,,,,0.09344247728586197,0.057894736528396606,0.0386866070330143,0.20646119117736816,0.04176158085465431,0.6573705077171326,0.6157894730567932,1.4371122121810913,0.8631578683853149,0.5403121113777161,1.7965139150619507,0.7968140244483948,0.4942443370819092,1.8988159894943237,0.8080207705497742,0.4851936101913452,1.9813016653060913,0.7490508556365967,0.613545835018158,1.479360818862915,0.8645418286323547,0.5072716474533081,0.08286593854427338,1.7980386018753052,2.8785359859466553,1.8919786214828491,0.7801967859268188,0.4851936101913452,0.7490508556365967,0.11192568391561508,0.038605231791734695,0.04891801252961159,0.240718275308609,0.05354371294379234,0.6796537041664124,0.38978829979896545,2.1026809215545654,0.7696139216423035,0.48948490619659424,1.9448431730270386,0.7723255157470703,0.4792526066303253,1.9713174104690552,0.7881582379341125,0.5412571430206299,1.7697508335113525,0.7811691761016846,0.5670995712280273,1.6131232976913452,0.8571428656578064,0.5061009526252747,0.06991814821958542,1.7484697103500366,2.8395283222198486,1.8773261308670044,0.7818729877471924,0.38978829979896545,0.7696139216423035
2,,,1802,0.08512114733457565,0.008217446506023407,0.029832005500793457,0.2115596979856491,0.02529488317668438,0.7641682028770447,0.0396825410425663,1.985077142715454,0.4917190372943878,1.9748058319091797,,,,,,,,,,,,,,,,,,,,,,,,,,,,,,,,,,,,,,,,,,,,,,,,,,,,,,,,,,
,2e-05,1e-05,1803,,,,,,,,,,,,,,,,,,,,,,,,,,,,,,,,,,,,,,,,,,,,,,,,,,,,,,,,,,,,,,,,,,,,
3,,,2403,,,,,,,,,,,0.08708525449037552,0.057894736528396606,0.0360858254134655,0.17118455469608307,0.04783599078655243,0.6454183459281921,0.6631578803062439,1.31659996509552,0.8999999761581421,0.5708712339401245,1.6142293214797974,0.8325747847557068,0.538804292678833,1.7226409912109375,0.8317860960960388,0.5191723704338074,1.814921259880066,0.7773348689079285,0.6972111463546753,1.2495129108428955,0.8804780840873718,0.5441086888313293,0.05807878077030182,1.5441585779190063,2.6747193336486816,1.7183858156204224,0.8092833161354065,0.5191723704338074,0.7773348689079285,0.10590007901191711,0.03611456975340843,0.04556537792086601,0.19970880448818207,0.06246766820549965,0.6854256987571716,0.4196762144565582,2.012474775314331,0.7596513032913208,0.5295641422271729,1.7737396955490112,0.8023468255996704,0.5061877965927124,1.825911521911621,0.8116961717605591,0.5764355659484863,1.6093547344207764,0.812079668045044,0.6060606241226196,1.4442185163497925,0.8629148602485657,0.5410996675491333,0.046768929809331894,1.5116350650787354,2.6393256187438965,1.7190004587173462,0.80843585729599,0.4196762144565582,0.7596513032913208
3,,,2403,0.0869273915886879,0.009797723963856697,0.03177895396947861,0.20485427975654602,0.032111674547195435,0.75,0.0595238097012043,1.9873822927474976,0.551826000213623,1.712753176689148,,,,,,,,,,,,,,,,,,,,,,,,,,,,,,,,,,,,,,,,,,,,,,,,,,,,,,,,,,
,2e-05,1e-05,2404,,,,,,,,,,,,,,,,,,,,,,,,,,,,,,,,,,,,,,,,,,,,,,,,,,,,,,,,,,,,,,,,,,,,
4,,,3004,,,,,,,,,,,0.08551771938800812,0.07894736528396606,0.028283484280109406,0.1581878960132599,0.053910400718450546,0.6693227291107178,0.6631578803062439,1.2165358066558838,0.9052631855010986,0.5946033596992493,1.4898979663848877,0.8543562889099121,0.5607129335403442,1.6036993265151978,0.849981427192688,0.5432801842689514,1.7038190364837646,0.7966970205307007,0.7091633677482605,1.1199817657470703,0.9163346886634827,0.566925048828125,0.03845091909170151,1.3685857057571411,2.5110440254211426,1.601704478263855,0.8291387557983398,0.5432801842689514,0.7966970205307007,0.09997489303350449,0.04483187943696976,0.03809814155101776,0.18272264301776886,0.05988101288676262,0.7056276798248291,0.44084683060646057,1.9944223165512085,0.7708593010902405,0.550899088382721,1.6665323972702026,0.8215482831001282,0.5362775921821594,1.7438602447509766,0.8231011629104614,0.5909208655357361,1.5188833475112915,0.8275995850563049,0.6406926512718201,1.3290263414382935,0.8759018778800964,0.5620889067649841,0.027623023837804794,1.3554495573043823,2.469999313354492,1.6267400979995728,0.8240522146224976,0.44084683060646057,0.7708593010902405
4,,,3004,0.08797731250524521,0.011125157587230206,0.03288036957383156,0.19736088812351227,0.038039982318878174,0.7395490407943726,0.05238095298409462,1.9890906810760498,0.5968411564826965,1.5186755657196045,,,,,,,,,,,,,,,,,,,,,,,,,,,,,,,,,,,,,,,,,,,,,,,,,,,,,,,,,,
,2e-05,1e-05,3005,,,,,,,,,,,,,,,,,,,,,,,,,,,,,,,,,,,,,,,,,,,,,,,,,,,,,,,,,,,,,,,,,,,,
5,,,3605,,,,,,,,,,,0.08708525449037552,0.06842105090618134,0.026332899928092957,0.1656145602464676,0.05789673328399658,0.613545835018158,0.6842105388641357,1.1636080741882324,0.9052631855010986,0.6040312051773071,1.424862027168274,0.8621586561203003,0.5770516395568848,1.528426170349121,0.8548087477684021,0.5599848031997681,1.6392638683319092,0.8063781261444092,0.7529880404472351,1.0479083061218262,0.9282868504524231,0.582252025604248,0.026898471638560295,1.272010326385498,2.4118571281433105,1.5345091819763184,0.8370634913444519,0.5599848031997681,0.8063781261444092,0.10399196296930313,0.04109589010477066,0.03718378394842148,0.20626062154769897,0.062079668045043945,0.6695526838302612,0.44084683060646057,1.9989436864852905,0.7471979856491089,0.5621761679649353,1.6111640930175781,0.8328253626823425,0.5454986691474915,1.6824148893356323,0.8340208530426025,0.603983461856842,1.464707374572754,0.8409208655357361,0.6623376607894897,1.257348656654358,0.893217921257019,0.5735375285148621,0.014743161387741566,1.2644027471542358,2.3797013759613037,1.5723791122436523,0.8348481059074402,0.44084683060646057,0.7471979856491089
5,,,3605,0.0892193466424942,0.012958280742168427,0.03309016302227974,0.19210323691368103,0.04362936690449715,0.7318708300590515,0.0476190485060215,1.986219048500061,0.6324108839035034,1.3690285682678223,,,,,,,,,,,,,,,,,,,,,,,,,,,,,,,,,,,,,,,,,,,,,,,,,,,,,,,,,,
,2e-05,1e-05,3606,,,,,,,,,,,,,,,,,,,,,,,,,,,,,,,,,,,,,,,,,,,,,,,,,,,,,,,,,,,,,,,,,,,,
6,,,4206,,,,,,,,,,,0.09396499395370483,0.06842105090618134,0.03185955807566643,0.16412922739982605,0.06947608292102814,0.629482090473175,0.6894736886024475,1.12726891040802,0.9052631855010986,0.6193107962608337,1.363876461982727,0.8712613582611084,0.5922762751579285,1.4704251289367676,0.8700334429740906,0.5704252123832703,1.605969786643982,0.8082764148712158,0.7609561681747437,1.0177783966064453,0.9163346886634827,0.594966471195221,0.014488669112324715,1.1620213985443115,2.3140456676483154,1.4880719184875488,0.8436819911003113,0.5704252123832703,0.8082764148712158,0.10469495505094528,0.05230386182665825,0.038860104978084564,0.1773841232061386,0.07695291936397552,0.6666666865348816,0.45579078793525696,1.9242340326309204,0.7895392179489136,0.5711673498153687,1.5710742473602295,0.8415117263793945,0.5539917349815369,1.6411800384521484,0.8398447036743164,0.6151060461997986,1.429067611694336,0.8475168347358704,0.668109655380249,1.2027676105499268,0.8888888955116272,0.5833793878555298,0.013694396242499352,1.159423589706421,2.266228437423706,1.5319372415542603,0.8430328965187073,0.45579078793525696,0.7895392179489136
6,,,4206,0.09056559205055237,0.014267654158174992,0.03335580974817276,0.18776220083236694,0.04893070459365845,0.7250805497169495,0.040816325694322586,1.9851279258728027,0.6647411584854126,1.2470014095306396,,,,,,,,,,,,,,,,,,,,,,,,,,,,,,,,,,,,,,,,,,,,,,,,,,,,,,,,,,
,2e-05,1e-05,4207,,,,,,,,,,,,,,,,,,,,,,,,,,,,,,,,,,,,,,,,,,,,,,,,,,,,,,,,,,,,,,,,,,,,
7,,,4807,,,,,,,,,,,0.08917530626058578,0.05263157933950424,0.035760726779699326,0.13739323616027832,0.07118450850248337,0.6215139627456665,0.6894736886024475,1.1531901359558105,0.8999999761581421,0.6235370635986328,1.3413435220718384,0.8758127689361572,0.598960280418396,1.4582058191299438,0.8685480952262878,0.575930118560791,1.5810747146606445,0.815299928188324,0.7729083895683289,1.004224181175232,0.9322709441184998,0.6004528403282166,0.013901377096772194,1.0601866245269775,2.1767938137054443,1.467923641204834,0.8480362296104431,0.575930118560791,0.815299928188324,0.10193321853876114,0.038605231791734695,0.04297470301389694,0.15093423426151276,0.08147956430912018,0.6695526838302612,0.4694894254207611,1.927475929260254,0.7858032584190369,0.5795488953590393,1.5420420169830322,0.8448643684387207,0.5653967261314392,1.619559645652771,0.8442125916481018,0.6182100176811218,1.4127287864685059,0.8512674570083618,0.6854256987571716,1.1910656690597534,0.8860028982162476,0.5908611416816711,0.02531563676893711,1.0590626001358032,2.138051986694336,1.5112130641937256,0.8462465405464172,0.4694894254207611,0.7858032584190369
7,,,4807,0.0915752723813057,0.015170670114457607,0.033602725714445114,0.1842607706785202,0.05299287661910057,0.7201401591300964,0.0416666679084301,1.9879099130630493,0.6916981935501099,1.142315149307251,,,,,,,,,,,,,,,,,,,,,,,,,,,,,,,,,,,,,,,,,,,,,,,,,,,,,,,,,,
,2e-05,1e-05,4808,,,,,,,,,,,,,,,,,,,,,,,,,,,,,,,,,,,,,,,,,,,,,,,,,,,,,,,,,,,,,,,,,,,,
8,,,5408,,,,,,,,,,,0.10032221674919128,0.06842105090618134,0.03803640976548195,0.1552172303199768,0.08542141318321228,0.6055777072906494,0.6894736886024475,1.117324709892273,0.9210526347160339,0.6329649090766907,1.3357733488082886,0.8745123744010925,0.6082435846328735,1.4399423599243164,0.8696621060371399,0.578777551651001,1.5666261911392212,0.8202353715896606,0.788844645023346,0.9590561985969543,0.9282868504524231,0.6068100929260254,0.021616386249661446,0.9978474378585815,2.1194121837615967,1.453867793083191,0.8504745960235596,0.578777551651001,0.8202353715896606,0.10931459069252014,0.043586552143096924,0.04206034913659096,0.16597913205623627,0.09376616775989532,0.6594516634941101,0.4645080864429474,1.926477074623108,0.7745952606201172,0.57970130443573,1.5421501398086548,0.8466930985450745,0.5646687746047974,1.620126485824585,0.8425139784812927,0.618468701839447,1.408216118812561,0.8523021340370178,0.6926407217979431,1.1717734336853027,0.8946608901023865,0.5909113883972168,0.035658612847328186,0.9977169036865234,2.087829828262329,1.5089119672775269,0.8467487096786499,0.4645080864429474,0.7745952606201172
8,,,5408,0.09248778969049454,0.01622418873012066,0.03410734608769417,0.18012739717960358,0.05703316628932953,0.7144017815589905,0.0476190485060215,1.9865944385528564,0.7160662412643433,1.0487622022628784,,,,,,,,,,,,,,,,,,,,,,,,,,,,,,,,,,,,,,,,,,,,,,,,,,,,,,,,,,
,2e-05,1e-05,5409,,,,,,,,,,,,,,,,,,,,,,,,,,,,,,,,,,,,,,,,,,,,,,,,,,,,,,,,,,,,,,,,,,,,
9,,,6009,,,,,,,,,,,0.09570669382810593,0.06315789371728897,0.04226267710328102,0.14927589893341064,0.07706909626722336,0.5856573581695557,0.6684210300445557,1.135697841644287,0.9105263352394104,0.6420676112174988,1.3171796798706055,0.8722366690635681,0.6141849160194397,1.4158663749694824,0.8718900680541992,0.5791571736335754,1.5669877529144287,0.8175778388977051,0.7968127727508545,0.9371596574783325,0.9203187227249146,0.6106418371200562,0.033090122044086456,0.9385862946510315,2.056318998336792,1.4431551694869995,0.8488199710845947,0.5791571736335754,0.8175778388977051,0.10710519552230835,0.02988792024552822,0.048156049102544785,0.16306722164154053,0.08587687462568283,0.6594516634941101,0.4806973934173584,1.8917443752288818,0.7770859003067017,0.586558997631073,1.5369514226913452,0.846997857093811,0.5586022734642029,1.6208553314208984,0.8420286178588867,0.6248059868812561,1.406558632850647,0.8507501482963562,0.6998556852340698,1.1915197372436523,0.887445867061615,0.5952799320220947,0.04492737352848053,0.9405674338340759,2.0266144275665283,1.5059688091278076,0.8459954857826233,0.4806973934173584,0.7770859003067017
9,,,6009,0.09323341399431229,0.017193425446748734,0.0344967320561409,0.17715761065483093,0.0601189099252224,0.7101767063140869,0.0476190485060215,1.9835680723190308,0.7365572452545166,0.970456063747406,,,,,,,,,,,,,,,,,,,,,,,,,,,,,,,,,,,,,,,,,,,,,,,,,,,,,,,,,,
,2e-05,1e-05,6010,,,,,,,,,,,,,,,,,,,,,,,,,,,,,,,,,,,,,,,,,,,,,,,,,,,,,,,,,,,,,,,,,,,,
10,,,6610,,,,,,,,,,,0.0984063372015953,0.04736842215061188,0.04096229001879692,0.15410323441028595,0.08086560666561127,0.6095617413520813,0.6736842393875122,1.1248199939727783,0.9157894849777222,0.6326397657394409,1.3359917402267456,0.8693107962608337,0.6164129376411438,1.4238433837890625,0.8726327419281006,0.5869399905204773,1.5599192380905151,0.8240318894386292,0.7928286790847778,0.9928167462348938,0.9083665609359741,0.6122093796730042,0.04814373701810837,0.8716483116149902,1.9636675119400024,1.4479693174362183,0.8509971499443054,0.5869399905204773,0.8240318894386292,0.11087120324373245,0.0348692387342453,0.0472416952252388,0.168891042470932,0.0914381816983223,0.6738816499710083,0.48941469192504883,1.8489786386489868,0.7845578789710999,0.5804632902145386,1.5405123233795166,0.8451691269874573,0.5627275109291077,1.6378802061080933,0.8376607894897461,0.6233833432197571,1.413112998008728,0.8523021340370178,0.6767676472663879,1.2136067152023315,0.8787878751754761,0.5931207537651062,0.0622686930000782,0.8745180368423462,1.94878351688385,1.512242317199707,0.8450916409492493,0.48941469192504883,0.7845578789710999
10,,,6610,0.09371810406446457,0.01746925711631775,0.034876007586717606,0.17445725202560425,0.062437333166599274,0.7078832387924194,0.0476190485060215,1.985460877418518,0.7568140625953674,0.894158124923706,,,,,,,,,,,,,,,,,,,,,,,,,,,,,,,,,,,,,,,,,,,,,,,,,,,,,,,,,,
,2e-05,1e-05,6611,,,,,,,,,,,,,,,,,,,,,,,,,,,,,,,,,,,,,,,,,,,,,,,,,,,,,,,,,,,,,,,,,,,,
11,,,7211,,,,,,,,,,,0.10519898682832718,0.04210526496171951,0.04518855735659599,0.1455625742673874,0.09832953661680222,0.5976095795631409,0.7052631378173828,1.1204782724380493,0.9210526347160339,0.635890781879425,1.3424019813537598,0.8732119798660278,0.6123282313346863,1.4452576637268066,0.8722614049911499,0.5897874236106873,1.5657951831817627,0.8280182480812073,0.7968127727508545,0.9614521861076355,0.912350594997406,0.6140381693840027,0.0611606128513813,0.8182721734046936,1.8795088529586792,1.4565789699554443,0.853958010673523,0.5897874236106873,0.8280182480812073,0.11227717995643616,0.02864259108901024,0.050289545208215714,0.15239019691944122,0.10501810908317566,0.6392496228218079,0.4844333827495575,2.017847776412964,0.7646326422691345,0.5867113471031189,1.5630815029144287,0.8441023826599121,0.5726765394210815,1.6496690511703491,0.8364474773406982,0.6251940131187439,1.4266704320907593,0.849068820476532,0.6883116960525513,1.1866979598999023,0.8860028982162476,0.5981420874595642,0.07568272948265076,0.8211824893951416,1.8605314493179321,1.5332461595535278,0.8427315950393677,0.4844333827495575,0.7646326422691345
11,,,7211,0.09440064430236816,0.018015170469880104,0.035223860293626785,0.1718934178352356,0.06519512087106705,0.7041438221931458,0.0496031753718853,1.9837790727615356,0.7772790789604187,0.8218498826026917,,,,,,,,,,,,,,,,,,,,,,,,,,,,,,,,,,,,,,,,,,,,,,,,,,,,,,,,,,
,2e-05,1e-05,7212,,,,,,,,,,,,,,,,,,,,,,,,,,,,,,,,,,,,,,,,,,,,,,,,,,,,,,,,,,,,,,,,,,,,
12,,,7812,,,,,,,,,,,0.09884176403284073,0.06315789371728897,0.04681404307484627,0.1299665868282318,0.09016704559326172,0.6095617413520813,0.6842105388641357,1.1458990573883057,0.8947368264198303,0.6430429220199585,1.3636910915374756,0.8709362745285034,0.6201262474060059,1.4538624286651611,0.8685480952262878,0.587699294090271,1.5725889205932617,0.8234624266624451,0.7928286790847778,0.955932080745697,0.912350594997406,0.6163894534111023,0.06535832583904266,0.7921860814094543,1.850773811340332,1.4676870107650757,0.8499521017074585,0.587699294090271,0.8234624266624451,0.10946522653102875,0.03362391144037247,0.050746724009513855,0.15117689967155457,0.09725815057754517,0.6421356201171875,0.4806973934173584,2.0841550827026367,0.7521793246269226,0.5893020629882812,1.5683881044387817,0.845321536064148,0.5736472010612488,1.6572511196136475,0.8340208530426025,0.6231246590614319,1.4321295022964478,0.8510087728500366,0.6854256987571716,1.2123346328735352,0.8816738724708557,0.5981923341751099,0.08182504028081894,0.8007670044898987,1.8252127170562744,1.5422346591949463,0.8426814079284668,0.4806973934173584,0.7521793246269226
12,,,7812,0.09504322707653046,0.018233979120850563,0.03560255095362663,0.16971540451049805,0.06766340881586075,0.7004640698432922,0.049450550228357315,1.9856139421463013,0.7930994033813477,0.7580718398094177,,,,,,,,,,,,,,,,,,,,,,,,,,,,,,,,,,,,,,,,,,,,,,,,,,,,,,,,,,
,2e-05,1e-05,7813,,,,,,,,,,,,,,,,,,,,,,,,,,,,,,,,,,,,,,,,,,,,,,,,,,,,,,,,,,,,,,,,,,,,
13,,,8413,,,,,,,,,,,0.09884176403284073,0.05263157933950424,0.04973992332816124,0.12105458229780197,0.09510250389575958,0.5737051963806152,0.6842105388641357,1.1472742557525635,0.878947377204895,0.63621586561203,1.3803013563156128,0.8660598397254944,0.6201262474060059,1.4510087966918945,0.8674340844154358,0.5854213833808899,1.6017489433288574,0.8244115710258484,0.8007968068122864,0.9907455444335938,0.912350594997406,0.6136897802352905,0.08176224678754807,0.7403077483177185,1.7764182090759277,1.485656499862671,0.8485587239265442,0.5854213833808899,0.8244115710258484,0.11197590082883835,0.02988792024552822,0.057756781578063965,0.1395292431116104,0.10501810908317566,0.6349206566810608,0.5018680095672607,2.0175957679748535,0.7484433650970459,0.5827491879463196,1.6027581691741943,0.8372447490692139,0.560300886631012,1.7025631666183472,0.8289250135421753,0.6241593360900879,1.460167407989502,0.8495861291885376,0.6868686676025391,1.2188949584960938,0.8816738724708557,0.5945267677307129,0.09454615414142609,0.748658299446106,1.779964804649353,1.5713679790496826,0.8382626175880432,0.5018680095672607,0.7484433650970459
13,,,8413,0.0954945832490921,0.01842152699828148,0.03592033311724663,0.1674073338508606,0.06976266950368881,0.6977887749671936,0.052721086889505386,1.9866935014724731,0.8095963001251221,0.7015981674194336,,,,,,,,,,,,,,,,,,,,,,,,,,,,,,,,,,,,,,,,,,,,,,,,,,,,,,,,,,
,2e-05,1e-05,8414,,,,,,,,,,,,,,,,,,,,,,,,,,,,,,,,,,,,,,,,,,,,,,,,,,,,,,,,,,,,,,,,,,,,
14,,,9014,,,,,,,,,,,0.09892885386943817,0.04210526496171951,0.04843953251838684,0.12848125398159027,0.09130600094795227,0.5976095795631409,0.6578947305679321,1.2037532329559326,0.9052631855010986,0.6384915709495544,1.3733700513839722,0.8693107962608337,0.6160416007041931,1.4531422853469849,0.875603437423706,0.5863705277442932,1.6119576692581177,0.8253606557846069,0.804780900478363,1.001122236251831,0.9003984332084656,0.61342853307724,0.08978371322154999,0.7081121206283569,1.7298640012741089,1.4901739358901978,0.8519550561904907,0.5863705277442932,0.8253606557846069,0.10841074585914612,0.02366127073764801,0.050899114459753036,0.14098519086837769,0.0993274673819542,0.6594516634941101,0.47447073459625244,2.1446304321289062,0.7584059834480286,0.5871685743331909,1.6229785680770874,0.8380067348480225,0.5622421503067017,1.7129426002502441,0.830866277217865,0.6215726733207703,1.471610426902771,0.8482928276062012,0.6810966730117798,1.2558751106262207,0.8903318643569946,0.5941250324249268,0.10462451726198196,0.722420871257782,1.7045236825942993,1.5910046100616455,0.8391162157058716,0.47447073459625244,0.7584059834480286
14,,,9014,0.09595514088869095,0.018499789759516716,0.03628792613744736,0.1653396189212799,0.0716950073838234,0.6960390210151672,0.05238095298409462,1.9877127408981323,0.8265094757080078,0.6416118144989014,,,,,,,,,,,,,,,,,,,,,,,,,,,,,,,,,,,,,,,,,,,,,,,,,,,,,,,,,,
,2e-05,1e-05,9015,,,,,,,,,,,,,,,,,,,,,,,,,,,,,,,,,,,,,,,,,,,,,,,,,,,,,,,,,,,,,,,,,,,,
15,,,9615,,,,,,,,,,,0.10215100646018982,0.057894736528396606,0.048764631152153015,0.13739323616027832,0.0945330262184143,0.5697211027145386,0.6736842393875122,1.191522240638733,0.8999999761581421,0.6384915709495544,1.3961756229400635,0.8696358799934387,0.6119569540023804,1.4771860837936401,0.8674340844154358,0.5913059711456299,1.6342930793762207,0.821753978729248,0.8007968068122864,0.9911307692527771,0.9163346886634827,0.6149089932441711,0.09688150137662888,0.6708455085754395,1.6844627857208252,1.511703372001648,0.8487328886985779,0.5913059711456299,0.821753978729248,0.11087120324373245,0.03362391144037247,0.05409935861825943,0.1455957293510437,0.10178478807210922,0.6334776282310486,0.4919053614139557,2.138038158416748,0.7646326422691345,0.5862541794776917,1.6275783777236938,0.8404449820518494,0.564911425113678,1.7446646690368652,0.8328076004981995,0.6228660345077515,1.4887453317642212,0.8512674570083618,0.6868686676025391,1.2886487245559692,0.8802309036254883,0.5957821011543274,0.11413098871707916,0.6822834014892578,1.6636857986450195,1.6065096855163574,0.8414260745048523,0.4919053614139557,0.7646326422691345
15,,,9615,0.0963573157787323,0.01841023936867714,0.036716848611831665,0.16354791820049286,0.0733247622847557,0.6942413449287415,0.0565476194024086,1.9881234169006348,0.8408336639404297,0.5893124341964722,,,,,,,,,,,,,,,,,,,,,,,,,,,,,,,,,,,,,,,,,,,,,,,,,,,,,,,,,,
,2e-05,1e-05,9616,,,,,,,,,,,,,,,,,,,,,,,,,,,,,,,,,,,,,,,,,,,,,,,,,,,,,,,,,,,,,,,,,,,,
16,,,10216,,,,,,,,,,,0.10815988481044769,0.057894736528396606,0.04778933525085449,0.13108058273792267,0.1108580082654953,0.5816733241081238,0.6684210300445557,1.185205340385437,0.9105263352394104,0.631664514541626,1.4569652080535889,0.8582574725151062,0.6216115951538086,1.495949625968933,0.8652060627937317,0.587699294090271,1.6541125774383545,0.8249810338020325,0.804780900478363,1.0223674774169922,0.912350594997406,0.6136897802352905,0.10686693340539932,0.6354032754898071,1.6430872678756714,1.5420328378677368,0.8467299342155457,0.587699294090271,0.8249810338020325,0.11775043606758118,0.026151930913329124,0.06156659498810768,0.14413976669311523,0.11588204652070999,0.6204906105995178,0.48194271326065063,2.132239818572998,0.7484433650970459,0.5792441368103027,1.6934566497802734,0.8322157859802246,0.5690366625785828,1.7582465410232544,0.830866277217865,0.6182100176811218,1.5203115940093994,0.8460941314697266,0.682539701461792,1.3131115436553955,0.8845598697662354,0.5919658541679382,0.12247690558433533,0.6505078673362732,1.6394799947738647,1.6439560651779175,0.8358021378517151,0.48194271326065063,0.7484433650970459
16,,,10216,0.09677952527999878,0.018145311623811722,0.037151407450437546,0.16234025359153748,0.07469520717859268,0.6926909685134888,0.05882352963089943,1.9882240295410156,0.8539869785308838,0.5423318147659302,,,,,,,,,,,,,,,,,,,,,,,,,,,,,,,,,,,,,,,,,,,,,,,,,,,,,,,,,,
,2e-05,1e-05,10217,,,,,,,,,,,,,,,,,,,,,,,,,,,,,,,,,,,,,,,,,,,,,,,,,,,,,,,,,,,,,,,,,,,,
17,,,10817,,,,,,,,,,,0.0929199680685997,0.04736842215061188,0.05234070122241974,0.1351652443408966,0.07270311564207077,0.5936254858970642,0.6684210300445557,1.2629451751708984,0.878947377204895,0.6388166546821594,1.4582105875015259,0.8624837398529053,0.6119569540023804,1.5359234809875488,0.8696621060371399,0.5837129950523376,1.6826794147491455,0.8213743567466736,0.7928286790847778,1.0334827899932861,0.912350594997406,0.6112514138221741,0.11739826202392578,0.6194555163383484,1.5845608711242676,1.5663915872573853,0.8467299342155457,0.5837129950523376,0.8213743567466736,0.10424303263425827,0.01743461936712265,0.058061566203832626,0.15141956508159637,0.07915157824754715,0.6421356201171875,0.49066001176834106,2.168792724609375,0.7783312797546387,0.5771106481552124,1.7207902669906616,0.8329777717590332,0.5639407634735107,1.790679931640625,0.8291676640510559,0.619503378868103,1.541401743888855,0.8441541790962219,0.6738816499710083,1.3018066883087158,0.8730158805847168,0.5907607078552246,0.13578420877456665,0.6242782473564148,1.5585516691207886,1.6689518690109253,0.8357519507408142,0.49066001176834106,0.7783312797546387
17,,,10817,0.09716422110795975,0.018120521679520607,0.037572115659713745,0.16130109131336212,0.07587667554616928,0.6915498971939087,0.0595238097012043,1.9875203371047974,0.8665417432785034,0.5005922913551331,,,,,,,,,,,,,,,,,,,,,,,,,,,,,,,,,,,,,,,,,,,,,,,,,,,,,,,,,,
,2e-05,1e-05,10818,,,,,,,,,,,,,,,,,,,,,,,,,,,,,,,,,,,,,,,,,,,,,,,,,,,,,,,,,,,,,,,,,,,,
18,,,11418,,,,,,,,,,,0.09666463732719421,0.057894736528396606,0.048114433884620667,0.1299665868282318,0.08599089086055756,0.5856573581695557,0.6736842393875122,1.2149364948272705,0.8842105269432068,0.6284134984016418,1.4828959703445435,0.8585825562477112,0.6197549104690552,1.5356765985488892,0.8674340844154358,0.5873196721076965,1.6995998620986938,0.8236522674560547,0.7928286790847778,1.1026510000228882,0.892430305480957,0.6119480729103088,0.12453902512788773,0.5816643238067627,1.5466035604476929,1.5815644264221191,0.8458591103553772,0.5873196721076965,0.8236522674560547,0.10685413330793381,0.027397260069847107,0.053185004740953445,0.1371026486158371,0.09712881594896317,0.6363636255264282,0.49066001176834106,2.188366174697876,0.773349940776825,0.5784821510314941,1.7330973148345947,0.8320633769035339,0.5680660009384155,1.8162310123443604,0.8279543519020081,0.617046058177948,1.5645455121994019,0.8400155305862427,0.668109655380249,1.3969252109527588,0.8658008575439453,0.5909113883972168,0.14363321661949158,0.5880799293518066,1.5261343717575073,1.6913450956344604,0.8331408500671387,0.49066001176834106,0.773349940776825
18,,,11418,0.09748376905918121,0.017832191661000252,0.037978652864694595,0.16033583879470825,0.0768914446234703,0.6905930042266846,0.057644110172986984,1.9931961297988892,0.8784980773925781,0.4563196003437042,,,,,,,,,,,,,,,,,,,,,,,,,,,,,,,,,,,,,,,,,,,,,,,,,,,,,,,,,,
,2e-05,1e-05,11419,,,,,,,,,,,,,,,,,,,,,,,,,,,,,,,,,,,,,,,,,,,,,,,,,,,,,,,,,,,,,,,,,,,,
19,,,12019,,,,,,,,,,,0.10302186012268066,0.057894736528396606,0.04973992332816124,0.12625324726104736,0.10098709166049957,0.5816733241081238,0.6526315808296204,1.2343233823776245,0.8631578683853149,0.63686603307724,1.4972124099731445,0.8559817671775818,0.6097289323806763,1.592899203300476,0.873375415802002,0.5856112241744995,1.710898518562317,0.8261199593544006,0.7808765172958374,1.1168408393859863,0.9043824672698975,0.6105547547340393,0.13497303426265717,0.5426719784736633,1.5006170272827148,1.6044899225234985,0.8476008176803589,0.5856112241744995,0.8261199593544006,0.10815967619419098,0.019925279542803764,0.05501371622085571,0.13637466728687286,0.10126745700836182,0.6233766078948975,0.4719800651073456,2.1950085163116455,0.760896623134613,0.5749771595001221,1.77605140209198,0.8242913484573364,0.5588449239730835,1.8837792873382568,0.8233438730239868,0.6231246590614319,1.5787361860275269,0.8406621813774109,0.6810966730117798,1.353717565536499,0.8715728521347046,0.5898568630218506,0.1496780812740326,0.5636969804763794,1.491592526435852,1.7237623929977417,0.8295757174491882,0.4719800651073456,0.760896623134613
19,,,12019,0.09772712737321854,0.01750948093831539,0.038330234587192535,0.15951766073703766,0.0777171403169632,0.6891224980354309,0.0595238097012043,1.9951446056365967,0.8891924619674683,0.417258620262146,,,,,,,,,,,,,,,,,,,,,,,,,,,,,,,,,,,,,,,,,,,,,,,,,,,,,,,,,,
,2e-05,1e-05,12020,,,,,,,,,,,,,,,,,,,,,,,,,,,,,,,,,,,,,,,,,,,,,,,,,,,,,,,,,,,,,,,,,,,,
20,,,12620,,,,,,,,,,,0.10215100646018982,0.05263157933950424,0.04843953251838684,0.12365391850471497,0.10174639523029327,0.5737051963806152,0.6684210300445557,1.2859033346176147,0.8947368264198303,0.6284134984016418,1.5536632537841797,0.8582574725151062,0.6019309163093567,1.6502467393875122,0.862235426902771,0.587699294090271,1.7687246799468994,0.815299928188324,0.7768924236297607,1.1384035348892212,0.8964143395423889,0.6075067520141602,0.14104098081588745,0.5445359349250793,1.4637484550476074,1.6609950065612793,0.8409823179244995,0.587699294090271,0.815299928188324,0.10931459069252014,0.01743461936712265,0.059890277683734894,0.12375637143850327,0.10592343658208847,0.6363636255264282,0.4806973934173584,2.2904951572418213,0.7596513032913208,0.5772630572319031,1.8164671659469604,0.8262724876403809,0.5600582361221313,1.8992760181427002,0.8223732113838196,0.6214433312416077,1.6145212650299072,0.8394981622695923,0.668109655380249,1.4229352474212646,0.868686854839325,0.5901581645011902,0.1547044813632965,0.5572529435157776,1.451265811920166,1.760406255722046,0.829425036907196,0.4806973934173584,0.7596513032913208
20,,,12620,0.09792809933423996,0.01718740537762642,0.03872552514076233,0.1586330085992813,0.07846693694591522,0.6874728202819824,0.06009070202708244,1.995519995689392,0.8991842865943909,0.3814963698387146,,,,,,,,,,,,,,,,,,,,,,,,,,,,,,,,,,,,,,,,,,,,,,,,,,,,,,,,,,
,2e-05,1e-05,12621,,,,,,,,,,,,,,,,,,,,,,,,,,,,,,,,,,,,,,,,,,,,,,,,,,,,,,,,,,,,,,,,,,,,
21,,,13221,,,,,,,,,,,0.10929200053215027,0.031578946858644485,0.04778933525085449,0.14407724142074585,0.10668185353279114,0.6055777072906494,0.678947389125824,1.324761986732483,0.8736842274665833,0.6342653036117554,1.55568265914917,0.8585825562477112,0.6134422421455383,1.6306074857711792,0.863349437713623,0.5801063179969788,1.7993605136871338,0.8183371424674988,0.7928286790847778,1.1254723072052002,0.9083665609359741,0.6088130474090576,0.14918601512908936,0.5079708099365234,1.4213764667510986,1.6713101863861084,0.8426369428634644,0.5801063179969788,0.8183371424674988,0.11433592438697815,0.009962639771401882,0.055775679647922516,0.15991264581680298,0.10398344695568085,0.6349206566810608,0.4757160544395447,2.2887821197509766,0.7621419429779053,0.5803108811378479,1.83377206325531,0.8256629109382629,0.5675806999206543,1.9277979135513306,0.8250424861907959,0.6165286898612976,1.666922926902771,0.8371701836585999,0.6738816499710083,1.3659915924072266,0.8730158805847168,0.5908109545707703,0.1657555103302002,0.5190784931182861,1.3912185430526733,1.7903164625167847,0.8291237950325012,0.4757160544395447,0.7621419429779053
21,,,13221,0.09816934913396835,0.016923341900110245,0.039100054651498795,0.15794363617897034,0.07919817417860031,0.686194658279419,0.06060606241226196,2.0003418922424316,0.9089288711547852,0.34652814269065857,,,,,,,,,,,,,,,,,,,,,,,,,,,,,,,,,,,,,,,,,,,,,,,,,,,,,,,,,,
,2e-05,1e-05,13222,,,,,,,,,,,,,,,,,,,,,,,,,,,,,,,,,,,,,,,,,,,,,,,,,,,,,,,,,,,,,,,,,,,,
22,,,13822,,,,,,,,,,,0.0984063372015953,0.031578946858644485,0.05234070122241974,0.13665057718753815,0.08504176139831543,0.5856573581695557,0.6578947305679321,1.4946304559707642,0.8684210777282715,0.6326397657394409,1.5407906770706177,0.8644343018531799,0.6060156226158142,1.6786105632781982,0.8574081063270569,0.5791571736335754,1.8284482955932617,0.8109339475631714,0.7968127727508545,1.1244429349899292,0.9043824672698975,0.606026291847229,0.15535514056682587,0.4880329370498657,1.3991105556488037,1.6946824789047241,0.8392406105995178,0.5791571736335754,0.8109339475631714,0.10986693203449249,0.013698630034923553,0.057756781578063965,0.15263286232948303,0.09531816095113754,0.6233766078948975,0.4719800651073456,2.5672130584716797,0.7185553908348083,0.5816824436187744,1.8646266460418701,0.825053334236145,0.5564183592796326,1.9997670650482178,0.8206745982170105,0.6113554239273071,1.6812262535095215,0.8358768820762634,0.6926407217979431,1.3959729671478271,0.8773449063301086,0.5874466300010681,0.17402838170528412,0.5054464936256409,1.363830804824829,1.833194375038147,0.8259100914001465,0.4719800651073456,0.7185553908348083
22,,,13822,0.09846259653568268,0.01659979112446308,0.0394275039434433,0.15754857659339905,0.07990703731775284,0.685292661190033,0.06107660382986069,2.003049373626709,0.9181270599365234,0.315528005361557,,,,,,,,,,,,,,,,,,,,,,,,,,,,,,,,,,,,,,,,,,,,,,,,,,,,,,,,,,
,2e-05,1e-05,13823,,,,,,,,,,,,,,,,,,,,,,,,,,,,,,,,,,,,,,,,,,,,,,,,,,,,,,,,,,,,,,,,,,,,
23,,,14423,,,,,,,,,,,0.09814508259296417,0.02631578966975212,0.04551365226507187,0.13330857455730438,0.08978739380836487,0.5936254858970642,0.6421052813529968,1.5158387422561646,0.8736842274665833,0.631664514541626,1.586908221244812,0.8546814322471619,0.610100269317627,1.6876637935638428,0.8581507802009583,0.5797266364097595,1.8541897535324097,0.813591480255127,0.7689242959022522,1.1626038551330566,0.8964143395423889,0.606026291847229,0.1646190583705902,0.4557669758796692,1.3428497314453125,1.7221845388412476,0.8379343152046204,0.5797266364097595,0.813591480255127,0.10364047437906265,0.01494396012276411,0.04693691059947014,0.14195583760738373,0.0915675088763237,0.6507936716079712,0.465753436088562,2.557365655899048,0.7098380923271179,0.5685766339302063,1.9385015964508057,0.8206339478492737,0.5634554624557495,2.0244393348693848,0.8138801455497742,0.6134247183799744,1.71652090549469,0.8334195613861084,0.6724386811256409,1.4769785404205322,0.8614718317985535,0.5844338536262512,0.18337315320968628,0.46947234869003296,1.3196901082992554,1.8787325620651245,0.8211900591850281,0.465753436088562,0.7098380923271179
23,,,14423,0.09865496307611465,0.016408555209636688,0.03974355757236481,0.15713262557983398,0.08040963113307953,0.6842880249023438,0.0615079365670681,2.0070550441741943,0.9248793125152588,0.28861457109451294,,,,,,,,,,,,,,,,,,,,,,,,,,,,,,,,,,,,,,,,,,,,,,,,,,,,,,,,,,
,2e-05,1e-05,14424,,,,,,,,,,,,,,,,,,,,,,,,,,,,,,,,,,,,,,,,,,,,,,,,,,,,,,,,,,,,,,,,,,,,
24,,,15024,,,,,,,,,,,0.09962553530931473,0.03684210404753685,0.049414824694395065,0.1255105882883072,0.0930144265294075,0.6215139627456665,0.6473684310913086,1.4816527366638184,0.878947377204895,0.6323146820068359,1.6321978569030762,0.8569570779800415,0.6075009107589722,1.7167763710021973,0.8600074052810669,0.578777551651001,1.9250320196151733,0.8145406246185303,0.7968127727508545,1.1923953294754028,0.8964143395423889,0.6058521270751953,0.17312198877334595,0.4447305500507355,1.2861058712005615,1.7737592458724976,0.8395018577575684,0.578777551651001,0.8145406246185303,0.10635199397802353,0.01120796985924244,0.05181347206234932,0.1368599832057953,0.09868080914020538,0.6378066539764404,0.48194271326065063,2.575680732727051,0.7534246444702148,0.5693386197090149,1.981132984161377,0.8165193796157837,0.5663673877716064,2.019491195678711,0.8231011629104614,0.6130367517471313,1.771493673324585,0.8354888558387756,0.6782106757164001,1.458850622177124,0.8614718317985535,0.5859904885292053,0.19286593794822693,0.45809072256088257,1.2553036212921143,1.913240671157837,0.8243032693862915,0.48194271326065063,0.7534246444702148
24,,,15024,0.09884391725063324,0.016106193885207176,0.039998091757297516,0.1564759463071823,0.08105123788118362,0.6837294101715088,0.05999999865889549,2.0078742504119873,0.9332969188690186,0.26129981875419617,,,,,,,,,,,,,,,,,,,,,,,,,,,,,,,,,,,,,,,,,,,,,,,,,,,,,,,,,,
,2e-05,1e-05,15025,,,,,,,,,,,,,,,,,,,,,,,,,,,,,,,,,,,,,,,,,,,,,,,,,,,,,,,,,,,,,,,,,,,,
25,,,15625,,,,,,,,,,,0.10188975185155869,0.05263157933950424,0.05526658147573471,0.13479390740394592,0.09035687148571014,0.5976095795631409,0.6631578803062439,1.3993840217590332,0.8736842274665833,0.6384915709495544,1.6441547870635986,0.8533810377120972,0.6011882424354553,1.745905876159668,0.8592647314071655,0.5774487257003784,1.9298251867294312,0.8158693909645081,0.7808765172958374,1.2340593338012695,0.8844621777534485,0.6053296327590942,0.17827892303466797,0.43462586402893066,1.2629624605178833,1.7857584953308105,0.8385439515113831,0.5774487257003784,0.8158693909645081,0.10856138914823532,0.01743461936712265,0.06080463156104088,0.1434118002653122,0.09299016743898392,0.6334776282310486,0.4844333827495575,2.594656229019165,0.7546699643135071,0.5729960203170776,1.986993432044983,0.8207863569259644,0.560300886631012,2.073899507522583,0.8182479739189148,0.6148473620414734,1.8045278787612915,0.8281168937683105,0.6796537041664124,1.4868053197860718,0.8715728521347046,0.5867938995361328,0.19600850343704224,0.4445224106311798,1.231960654258728,1.940940260887146,0.8222445249557495,0.4844333827495575,0.7546699643135071
25,,,15625,0.09897379577159882,0.01594865322113037,0.04023488238453865,0.15577474236488342,0.08159931004047394,0.6829559803009033,0.05860805884003639,2.00700306892395,0.9392165541648865,0.23747119307518005,,,,,,,,,,,,,,,,,,,,,,,,,,,,,,,,,,,,,,,,,,,,,,,,,,,,,,,,,,
,2e-05,1e-05,15626,,,,,,,,,,,,,,,,,,,,,,,,,,,,,,,,,,,,,,,,,,,,,,,,,,,,,,,,,,,,,,,,,,,,
26,,,16226,,,,,,,,,,,0.09901593625545502,0.04210526496171951,0.048764631152153015,0.1299665868282318,0.09016704559326172,0.613545835018158,0.6684210300445557,1.4823439121246338,0.8684210777282715,0.6349154710769653,1.6909151077270508,0.8475292325019836,0.6026735901832581,1.7840334177017212,0.8507241010665894,0.5763098001480103,1.964694619178772,0.8097949624061584,0.7968127727508545,1.2146174907684326,0.8884462118148804,0.6046329140663147,0.18496951460838318,0.4154215455055237,1.225867509841919,1.8242073059082031,0.8321866989135742,0.5763098001480103,0.8097949624061584,0.1018327921628952,0.009962639771401882,0.051051508635282516,0.1368599832057953,0.08794619888067245,0.6363636255264282,0.49066001176834106,2.7172749042510986,0.7198007702827454,0.5675098896026611,2.028702974319458,0.811795175075531,0.5539917349815369,2.1342949867248535,0.8097549080848694,0.6090274453163147,1.8306833505630493,0.8292809128761292,0.6868686676025391,1.5202431678771973,0.8629148602485657,0.5819231867790222,0.2028089463710785,0.4258684813976288,1.2211768627166748,1.9834696054458618,0.8162691593170166,0.49066001176834106,0.7198007702827454
26,,,16226,0.09908779710531235,0.015896426513791084,0.04039408639073372,0.15532512962818146,0.08199827373027802,0.682691216468811,0.059964727610349655,2.007514476776123,0.9452922940254211,0.21390433609485626,,,,,,,,,,,,,,,,,,,,,,,,,,,,,,,,,,,,,,,,,,,,,,,,,,,,,,,,,,
,2e-05,1e-05,16227,,,,,,,,,,,,,,,,,,,,,,,,,,,,,,,,,,,,,,,,,,,,,,,,,,,,,,,,,,,,,,,,,,,,
27,,,16827,,,,,,,,,,,0.09753548353910446,0.015789473429322243,0.05331599339842796,0.13145191967487335,0.08390280604362488,0.6254979968070984,0.6736842393875122,1.4471880197525024,0.8631578683853149,0.6290637254714966,1.7244317531585693,0.8550065159797668,0.597846269607544,1.8158477544784546,0.85369473695755,0.5823842287063599,1.9715039730072021,0.8126423954963684,0.7768924236297607,1.2424801588058472,0.892430305480957,0.6043716669082642,0.19018065929412842,0.39208006858825684,1.2092509269714355,1.8435465097427368,0.8362796902656555,0.5823842287063599,0.8126423954963684,0.10138086974620819,0.01494396012276411,0.052727825939655304,0.1414705216884613,0.08109156787395477,0.6507936716079712,0.4719800651073456,2.727393865585327,0.7247820496559143,0.5737580060958862,2.04618501663208,0.8178908824920654,0.5481679439544678,2.147321939468384,0.8121815323829651,0.6175633668899536,1.8134169578552246,0.833936870098114,0.6767676472663879,1.5297410488128662,0.8672438859939575,0.5849862098693848,0.2039400190114975,0.4117051959037781,1.2017595767974854,1.9859700202941895,0.8209390044212341,0.4719800651073456,0.7247820496559143
27,,,16827,0.09916391223669052,0.01575762964785099,0.040545325726270676,0.1548454612493515,0.08233898878097534,0.6823800802230835,0.06207482889294624,2.0079588890075684,0.9516412615776062,0.1950303316116333,,,,,,,,,,,,,,,,,,,,,,,,,,,,,,,,,,,,,,,,,,,,,,,,,,,,,,,,,,
,2e-05,1e-05,16828,,,,,,,,,,,,,,,,,,,,,,,,,,,,,,,,,,,,,,,,,,,,,,,,,,,,,,,,,,,,,,,,,,,,
28,,,17428,,,,,,,,,,,0.09692589193582535,0.031578946858644485,0.044538360089063644,0.13627924025058746,0.0856112390756607,0.6055777072906494,0.6578947305679321,1.513398289680481,0.8684210777282715,0.6189857125282288,1.7459688186645508,0.8485045433044434,0.5937616229057312,1.8663891553878784,0.8451541066169739,0.578777551651001,2.0273842811584473,0.8107441067695618,0.7928286790847778,1.2257180213928223,0.892430305480957,0.5991465449333191,0.19785654544830322,0.3790261149406433,1.1945618391036987,1.887607455253601,0.83175128698349,0.578777551651001,0.8107441067695618,0.1078081876039505,0.016189290210604668,0.04937519133090973,0.1579713672399521,0.09079151600599289,0.6594516634941101,0.4844333827495575,2.6829562187194824,0.7160647511482239,0.573300838470459,2.075336217880249,0.8119475841522217,0.5569036602973938,2.1461613178253174,0.8090269565582275,0.6142007112503052,1.8745262622833252,0.8277289271354675,0.6810966730117798,1.5439287424087524,0.8658008575439453,0.5859904885292053,0.20401230454444885,0.41012340784072876,1.197028636932373,2.0177457332611084,0.81551593542099,0.4844333827495575,0.7160647511482239
28,,,17428,0.0991935059428215,0.015497623942792416,0.04079793766140938,0.1544337272644043,0.08251062035560608,0.6816491484642029,0.06075533479452133,2.0107150077819824,0.9558955430984497,0.1784294843673706,,,,,,,,,,,,,,,,,,,,,,,,,,,,,,,,,,,,,,,,,,,,,,,,,,,,,,,,,,
,2e-05,1e-05,17429,,,,,,,,,,,,,,,,,,,,,,,,,,,,,,,,,,,,,,,,,,,,,,,,,,,,,,,,,,,,,,,,,,,,
29,,,18029,,,,,,,,,,,0.09988678991794586,0.021052632480859756,0.04551365226507187,0.1299665868282318,0.09415338188409805,0.6254979968070984,0.6684210300445557,1.5220866203308105,0.8684210777282715,0.6271131634712219,1.7193880081176758,0.8592327833175659,0.598960280418396,1.9019606113433838,0.8503527641296387,0.575930118560791,2.063575267791748,0.8101746439933777,0.7768924236297607,1.2881420850753784,0.8884462118148804,0.6011494994163513,0.20229779183864594,0.36630335450172424,1.1330482959747314,1.906785011291504,0.8354959487915039,0.575930118560791,0.8101746439933777,0.10951544344425201,0.01120796985924244,0.04754647985100746,0.1455957293510437,0.10269011557102203,0.6724386811256409,0.465753436088562,2.845349073410034,0.7222914099693298,0.5690338015556335,2.1186118125915527,0.8139286637306213,0.548653244972229,2.216872453689575,0.8097549080848694,0.6087687611579895,1.9272236824035645,0.8292809128761292,0.6608946323394775,1.6202937364578247,0.8614718317985535,0.5793622732162476,0.21969737112522125,0.38161635398864746,1.1261107921600342,2.076240062713623,0.8170223236083984,0.465753436088562,0.7222914099693298
29,,,18029,0.09923630207777023,0.015297092497348785,0.04101940616965294,0.15407565236091614,0.08267845958471298,0.681332528591156,0.06111111119389534,2.011549711227417,0.9603189826011658,0.15992818772792816,,,,,,,,,,,,,,,,,,,,,,,,,,,,,,,,,,,,,,,,,,,,,,,,,,,,,,,,,,
,2e-05,1e-05,18030,,,,,,,,,,,,,,,,,,,,,,,,,,,,,,,,,,,,,,,,,,,,,,,,,,,,,,,,,,,,,,,,,,,,
30,,,18630,,,,,,,,,,,0.10450230538845062,0.021052632480859756,0.04486345872282982,0.1355365812778473,0.10212604701519012,0.613545835018158,0.6736842393875122,1.4850382804870605,0.8684210777282715,0.6215865015983582,1.7682353258132935,0.8491547703742981,0.5993316173553467,1.9044675827026367,0.8507241010665894,0.5799164772033691,2.0633175373077393,0.8078967332839966,0.7729083895683289,1.379925012588501,0.8804780840873718,0.6014978885650635,0.20354703068733215,0.3487139344215393,1.1435914039611816,1.9220174551010132,0.8316642045974731,0.5799164772033691,0.8078967332839966,0.1079588234424591,0.013698630034923553,0.04236513376235962,0.13807328045368195,0.10967408120632172,0.6406926512718201,0.4719800651073456,2.620466709136963,0.7434620261192322,0.5708625316619873,2.131915807723999,0.8125571608543396,0.5583596229553223,2.1910862922668457,0.8138801455497742,0.6157526969909668,1.9043840169906616,0.8305742144584656,0.668109655380249,1.696453332901001,0.8614718317985535,0.5851368308067322,0.21653416752815247,0.3646622598171234,1.1354202032089233,2.0600430965423584,0.8187798261642456,0.4719800651073456,0.7434620261192322
30,,,18630,0.09941735118627548,0.015089107677340508,0.04112814739346504,0.15388014912605286,0.08315883576869965,0.6804662942886353,0.06451612710952759,2.0048108100891113,0.9633634090423584,0.14894956350326538,,,,,,,,,,,,,,,,,,,,,,,,,,,,,,,,,,,,,,,,,,,,,,,,,,,,,,,,,,
,2e-05,1e-05,18631,,,,,,,,,,,,,,,,,,,,,,,,,,,,,,,,,,,,,,,,,,,,,,,,,,,,,,,,,,,,,,,,,,,,
31,,,19231,,,,,,,,,,,0.10450230538845062,0.031578946858644485,0.05169050768017769,0.13590790331363678,0.09662111103534698,0.6374502182006836,0.6736842393875122,1.574620246887207,0.8631578683853149,0.63686603307724,1.7519530057907104,0.8537061214447021,0.6041589379310608,1.904678225517273,0.8518381118774414,0.5757403373718262,2.106905221939087,0.8105542659759521,0.7768924236297607,1.3468313217163086,0.8844621777534485,0.6049813032150269,0.20380079746246338,0.35707905888557434,1.1055635213851929,1.9381608963012695,0.8343638181686401,0.5757403373718262,0.8105542659759521,0.10574943572282791,0.013698630034923553,0.05409935861825943,0.13855859637260437,0.09092085063457489,0.6724386811256409,0.465753436088562,2.8227086067199707,0.7322540283203125,0.5694910287857056,2.176440715789795,0.8108808398246765,0.5554476976394653,2.261810541152954,0.8150933980941772,0.6046301126480103,1.9972130060195923,0.8242369294166565,0.6594516634941101,1.6790287494659424,0.8556998372077942,0.5792116522789001,0.2278231382369995,0.36946389079093933,1.0777742862701416,2.132939577102661,0.8153653144836426,0.465753436088562,0.7322540283203125
31,,,19231,0.09956025332212448,0.014992889016866684,0.04127330332994461,0.15359508991241455,0.08354546129703522,0.6803016662597656,0.063988097012043,2.011495351791382,0.967565655708313,0.13256622850894928,,,,,,,,,,,,,,,,,,,,,,,,,,,,,,,,,,,,,,,,,,,,,,,,,,,,,,,,,,
,2e-05,1e-05,19232,,,,,,,,,,,,,,,,,,,,,,,,,,,,,,,,,,,,,,,,,,,,,,,,,,,,,,,,,,,,,,,,,,,,
32,,,19832,,,,,,,,,,,0.10755029320716858,0.031578946858644485,0.05461638420820236,0.14444856345653534,0.09794988483190536,0.6175298690795898,0.6684210300445557,1.667240023612976,0.8736842274665833,0.6271131634712219,1.8214820623397827,0.8491547703742981,0.5956182479858398,1.9651193618774414,0.8481247425079346,0.5744115710258484,2.1825342178344727,0.8039103746414185,0.7848605513572693,1.3628801107406616,0.8764940500259399,0.5998432636260986,0.21631768345832825,0.33105361461639404,1.0627264976501465,2.007455825805664,0.8292258381843567,0.5744115710258484,0.8039103746414185,0.10986693203449249,0.019925279542803764,0.05227065086364746,0.14850763976573944,0.0993274673819542,0.6479076743125916,0.465753436088562,3.123358726501465,0.7085927724838257,0.5702529549598694,2.22902250289917,0.8070710301399231,0.5520504713058472,2.3126375675201416,0.8102402091026306,0.6116140484809875,2.0070509910583496,0.8288928866386414,0.6709956526756287,1.7093933820724487,0.8528138399124146,0.5818729400634766,0.2321062982082367,0.33978235721588135,1.0533896684646606,2.177781820297241,0.8138589262962341,0.465753436088562,0.7085927724838257
32,,,19832,0.0997055396437645,0.014845036901533604,0.04141688719391823,0.15334603190422058,0.08392780274152756,0.6799808144569397,0.06493506580591202,2.009997606277466,0.9703888893127441,0.12220430374145508,,,,,,,,,,,,,,,,,,,,,,,,,,,,,,,,,,,,,,,,,,,,,,,,,,,,,,,,,,
,2e-05,1e-05,19833,,,,,,,,,,,,,,,,,,,,,,,,,,,,,,,,,,,,,,,,,,,,,,,,,,,,,,,,,,,,,,,,,,,,
33,,,20433,,,,,,,,,,,0.10006096214056015,0.021052632480859756,0.05266579985618591,0.1455625742673874,0.08143507689237595,0.6414342522621155,0.6578947305679321,1.647633671760559,0.8526315689086914,0.631339430809021,1.7991094589233398,0.8563069105148315,0.5985889434814453,1.9424159526824951,0.8477534055709839,0.5783978700637817,2.140350580215454,0.8105542659759521,0.7808765172958374,1.3452467918395996,0.8764940500259399,0.6031525135040283,0.21338164806365967,0.33209288120269775,1.064124584197998,1.9766384363174438,0.8336671590805054,0.5783978700637817,0.8105542659759521,0.10218428075313568,0.01120796985924244,0.05211825668811798,0.15991264581680298,0.07643559575080872,0.6262626051902771,0.4769614040851593,3.0814974308013916,0.7011207938194275,0.5734531879425049,2.2317862510681152,0.8078329563140869,0.5520504713058472,2.3481600284576416,0.8029604554176331,0.6045007705688477,2.013629913330078,0.8266942501068115,0.6897546648979187,1.638280987739563,0.8658008575439453,0.581320583820343,0.23288989067077637,0.3477437496185303,1.0401283502578735,2.1843583583831787,0.8119005560874939,0.4769614040851593,0.7011207938194275
33,,,20433,0.09977032989263535,0.014668699353933334,0.041483309119939804,0.15324373543262482,0.08411446958780289,0.6795175075531006,0.06372549384832382,2.005429267883301,0.9737324714660645,0.11072912067174911,,,,,,,,,,,,,,,,,,,,,,,,,,,,,,,,,,,,,,,,,,,,,,,,,,,,,,,,,,
,2e-05,1e-05,20434,,,,,,,,,,,,,,,,,,,,,,,,,,,,,,,,,,,,,,,,,,,,,,,,,,,,,,,,,,,,,,,,,,,,
34,,,21034,,,,,,,,,,,0.09501001238822937,0.021052632480859756,0.04616384953260422,0.137764573097229,0.07972665131092072,0.6095617413520813,0.6473684310913086,1.743415117263794,0.8421052694320679,0.6232119798660278,1.8455616235733032,0.8514304161071777,0.5971035957336426,1.9879413843154907,0.8466394543647766,0.5719438195228577,2.1924774646759033,0.8075171113014221,0.7569721341133118,1.4246420860290527,0.8844621777534485,0.5969694256782532,0.22124691307544708,0.31253647804260254,1.0529531240463257,2.0266096591949463,0.8307933211326599,0.5719438195228577,0.8075171113014221,0.09977404028177261,0.012453299947082996,0.046022552996873856,0.1412278562784195,0.08406621962785721,0.6392496228218079,0.46699875593185425,2.977260112762451,0.7185553908348083,0.5716245174407959,2.227914810180664,0.8127095103263855,0.5552050471305847,2.309088706970215,0.8097549080848694,0.6066994071006775,2.0478196144104004,0.8229436278343201,0.6695526838302612,1.7363942861557007,0.8643578886985779,0.5811197757720947,0.23525017499923706,0.32884296774864197,1.0317565202713013,2.1875052452087402,0.8141099810600281,0.46699875593185425,0.7185553908348083
34,,,21034,0.09987752139568329,0.014574679546058178,0.04155546799302101,0.15322428941726685,0.08431509137153625,0.6796726584434509,0.06326530873775482,2.0077743530273438,0.976893961429596,0.09939219802618027,,,,,,,,,,,,,,,,,,,,,,,,,,,,,,,,,,,,,,,,,,,,,,,,,,,,,,,,,,
,2e-05,1e-05,21035,,,,,,,,,,,,,,,,,,,,,,,,,,,,,,,,,,,,,,,,,,,,,,,,,,,,,,,,,,,,,,,,,,,,
35,,,21635,,,,,,,,,,,0.09649046510457993,0.021052632480859756,0.051365409046411514,0.12105458229780197,0.08712983876466751,0.6374502182006836,0.6631578803062439,1.6977697610855103,0.8684210777282715,0.6290637254714966,1.8301442861557007,0.8546814322471619,0.5926476120948792,2.0608253479003906,0.838841438293457,0.5696659088134766,2.234640121459961,0.8033409118652344,0.7529880404472351,1.4752697944641113,0.8764940500259399,0.5966210961341858,0.22630997002124786,0.3069971799850464,1.0196882486343384,2.0592715740203857,0.8281807899475098,0.5696659088134766,0.8033409118652344,0.10348983108997345,0.012453299947082996,0.05242304131388664,0.13370540738105774,0.09053285419940948,0.6580086350440979,0.47447073459625244,3.0578713417053223,0.7285180687904358,0.5726912617683411,2.2281479835510254,0.8124047517776489,0.5581169724464417,2.3507955074310303,0.8075709939002991,0.6082514524459839,2.064491033554077,0.8260475993156433,0.663780689239502,1.7783559560775757,0.8542568683624268,0.5827265977859497,0.23571929335594177,0.32452526688575745,1.0189661979675293,2.207421064376831,0.814812958240509,0.47447073459625244,0.7285180687904358
35,,,21635,0.09996465593576431,0.014415647834539413,0.04157726466655731,0.1530967503786087,0.08458993583917618,0.6791929006576538,0.06283068656921387,2.007620334625244,0.9780778884887695,0.09164119511842728,,,,,,,,,,,,,,,,,,,,,,,,,,,,,,,,,,,,,,,,,,,,,,,,,,,,,,,,,,
,2e-05,1e-05,21636,,,,,,,,,,,,,,,,,,,,,,,,,,,,,,,,,,,,,,,,,,,,,,,,,,,,,,,,,,,,,,,,,,,,
36,,,22236,,,,,,,,,,,0.09657754749059677,0.031578946858644485,0.04616384953260422,0.1351652443408966,0.08371298760175705,0.6175298690795898,0.6684210300445557,1.7554378509521484,0.8526315689086914,0.63621586561203,1.8332743644714355,0.8533810377120972,0.5967322587966919,2.0167577266693115,0.8418121337890625,0.5740318894386292,2.2570114135742188,0.8044798970222473,0.7569721341133118,1.3631070852279663,0.8844621777534485,0.601759135723114,0.22260360419750214,0.30823150277137756,1.0075702667236328,2.058403730392456,0.8289645314216614,0.5740318894386292,0.8044798970222473,0.10348983108997345,0.009962639771401882,0.04998476058244705,0.14511041343212128,0.08923952281475067,0.630591630935669,0.47073474526405334,2.8814003467559814,0.7459526658058167,0.5705577731132507,2.2767183780670166,0.8114904165267944,0.5501092076301575,2.3669075965881348,0.8087842464447021,0.6072167754173279,2.094057321548462,0.8246249556541443,0.663780689239502,1.7414004802703857,0.8629148602485657,0.5798141956329346,0.24287325143814087,0.30859559774398804,0.999238133430481,2.2298684120178223,0.8152146339416504,0.47073474526405334,0.7459526658058167
36,,,22236,0.1000266894698143,0.01421396154910326,0.04172288253903389,0.15290628373622894,0.0847490131855011,0.6791014075279236,0.06370656192302704,2.0097296237945557,0.9796000719070435,0.08655166625976562,,,,,,,,,,,,,,,,,,,,,,,,,,,,,,,,,,,,,,,,,,,,,,,,,,,,,,,,,,
,2e-05,1e-05,22237,,,,,,,,,,,,,,,,,,,,,,,,,,,,,,,,,,,,,,,,,,,,,,,,,,,,,,,,,,,,,,,,,,,,
37,,,22837,,,,,,,,,,,0.09596795588731766,0.015789473429322243,0.05429128557443619,0.12216858565807343,0.0840926319360733,0.6334661245346069,0.6421052813529968,1.8483301401138306,0.8473684191703796,0.6290637254714966,1.8656774759292603,0.8504551649093628,0.5937616229057312,2.074368953704834,0.849981427192688,0.5721336603164673,2.254619598388672,0.7999240756034851,0.7689242959022522,1.3796836137771606,0.892430305480957,0.5981015563011169,0.22706632316112518,0.3001856803894043,1.0063351392745972,2.0813581943511963,0.8280937075614929,0.5721336603164673,0.7999240756034851,0.10123022645711899,0.008717309683561325,0.05409935861825943,0.13346275687217712,0.08471287786960602,0.6479076743125916,0.4620174467563629,3.073955535888672,0.7061021327972412,0.5699481964111328,2.3274483680725098,0.8034135699272156,0.548653244972229,2.4161360263824463,0.8005338311195374,0.6050180792808533,2.1115500926971436,0.8235902786254883,0.6782106757164001,1.7246156930923462,0.8643578886985779,0.5786592960357666,0.24455612897872925,0.30812641978263855,0.9975497722625732,2.270684003829956,0.808887779712677,0.4620174467563629,0.7061021327972412
37,,,22837,0.10009606927633286,0.01407279260456562,0.04176924377679825,0.15283076465129852,0.08493448048830032,0.6787741780281067,0.06390977650880814,2.0091471672058105,0.9816296696662903,0.0784391388297081,,,,,,,,,,,,,,,,,,,,,,,,,,,,,,,,,,,,,,,,,,,,,,,,,,,,,,,,,,
,2e-05,1e-05,22838,,,,,,,,,,,,,,,,,,,,,,,,,,,,,,,,,,,,,,,,,,,,,,,,,,,,,,,,,,,,,,,,,,,,
38,,,23438,,,,,,,,,,,0.09178785979747772,0.015789473429322243,0.041937582194805145,0.1281099170446396,0.07991647720336914,0.6175298690795898,0.6736842393875122,1.73785400390625,0.8684210777282715,0.6423926949501038,1.9197232723236084,0.8491547703742981,0.5859636068344116,2.1492061614990234,0.8492387533187866,0.572892963886261,2.3307697772979736,0.8059985041618347,0.7808765172958374,1.4063664674758911,0.8804780840873718,0.6008882522583008,0.2351333498954773,0.2741863429546356,0.9438303709030151,2.147181272506714,0.8304449915885925,0.572892963886261,0.8059985041618347,0.10273662954568863,0.01120796985924244,0.04434623569250107,0.14705169200897217,0.0918261781334877,0.6204906105995178,0.4769614040851593,3.214261054992676,0.7285180687904358,0.576805830001831,2.326941967010498,0.8087473511695862,0.5488958954811096,2.4720566272735596,0.8010191917419434,0.6028194427490234,2.156820297241211,0.8232022523880005,0.6695526838302612,1.9142088890075684,0.8470418453216553,0.5803665518760681,0.24911130964756012,0.29786616563796997,0.9387871623039246,2.311964511871338,0.8108963370323181,0.4769614040851593,0.7285180687904358
38,,,23438,0.10015388578176498,0.013938863761723042,0.041863348335027695,0.15263818204402924,0.08511633425951004,0.6786199808120728,0.06471306830644608,2.011643886566162,0.9828005433082581,0.0736469179391861,,,,,,,,,,,,,,,,,,,,,,,,,,,,,,,,,,,,,,,,,,,,,,,,,,,,,,,,,,
