epoch,lr-Adam,step,test/test-id-region-africa-task-acc,test/test-id-region-africa-task-loss,test/test-id-region-americas-task-acc,test/test-id-region-americas-task-loss,test/test-id-region-asia-task-acc,test/test-id-region-asia-task-loss,test/test-id-region-europe-task-acc,test/test-id-region-europe-task-loss,test/test-id-region-oceania-task-acc,test/test-id-region-oceania-task-loss,test/test-id-task-acc,test/test-id-task-ece,test/test-id-task-entropy-correct,test/test-id-task-entropy-incorrect,test/test-id-task-loss,test/test-id-worst-group-task-acc,test/test-od-region-africa-task-acc,test/test-od-region-africa-task-loss,test/test-od-region-americas-task-acc,test/test-od-region-americas-task-loss,test/test-od-region-asia-task-acc,test/test-od-region-asia-task-loss,test/test-od-region-europe-task-acc,test/test-od-region-europe-task-loss,test/test-od-region-oceania-task-acc,test/test-od-region-oceania-task-loss,test/test-od-task-acc,test/test-od-task-ece,test/test-od-task-entropy-correct,test/test-od-task-entropy-incorrect,test/test-od-task-loss,test/test-od-worst-group-task-acc,train/train-task-acc,train/train-task-loss,train/train-total-loss,val/val-id-region-africa-task-acc,val/val-id-region-africa-task-loss,val/val-id-region-americas-task-acc,val/val-id-region-americas-task-loss,val/val-id-region-asia-task-acc,val/val-id-region-asia-task-loss,val/val-id-region-europe-task-acc,val/val-id-region-europe-task-loss,val/val-id-region-oceania-task-acc,val/val-id-region-oceania-task-loss,val/val-id-task-acc,val/val-id-task-ece,val/val-id-task-entropy-correct,val/val-id-task-entropy-incorrect,val/val-id-task-loss,val/val-id-worst-group-task-acc,val/val-od-region-africa-task-acc,val/val-od-region-africa-task-loss,val/val-od-region-americas-task-acc,val/val-od-region-americas-task-loss,val/val-od-region-asia-task-acc,val/val-od-region-asia-task-loss,val/val-od-region-europe-task-acc,val/val-od-region-europe-task-loss,val/val-od-region-oceania-task-acc,val/val-od-region-oceania-task-loss,val/val-od-task-acc,val/val-od-task-ece,val/val-od-task-entropy-correct,val/val-od-task-entropy-incorrect,val/val-od-task-loss,val/val-od-worst-group-task-acc
,2e-05,0,,,,,,,,,,,,,,,,,,,,,,,,,,,,,,,,,,,,,,,,,,,,,,,,,,,,,,,,,,,,,,,,,,,
0,,600,,,,,,,,,,,,,,,,,,,,,,,,,,,,,,,,,,,,0.47894737124443054,2.017092227935791,0.3569570779800415,2.6163463592529297,0.33717045187950134,2.6545119285583496,0.31966590881347656,2.702326536178589,0.29482072591781616,2.492647409439087,0.33597493171691895,0.08369441330432892,2.5453543663024902,3.4018471240997314,2.6551971435546875,0.29482072591781616,0.2839352488517761,2.6921029090881348,0.3380067050457001,2.667569398880005,0.3457898497581482,2.6954855918884277,0.3829539716243744,2.4928464889526367,0.33044731616973877,2.5046825408935547,0.35460707545280457,0.08630858361721039,2.496507406234741,3.370985746383667,2.6034951210021973,0.2839352488517761
0,,600,,,,,,,,,,,,,,,,,,,,,,,,,,,,,,,,,0.23065714538097382,3.1867990493774414,3.1867990493774414,,,,,,,,,,,,,,,,,,,,,,,,,,,,,,,,
,3.6e-05,601,,,,,,,,,,,,,,,,,,,,,,,,,,,,,,,,,,,,,,,,,,,,,,,,,,,,,,,,,,,,,,,,,,,
1,,1201,,,,,,,,,,,,,,,,,,,,,,,,,,,,,,,,,,,,0.6052631735801697,1.5162076950073242,0.5143042802810669,1.8703250885009766,0.4663943648338318,1.973401665687561,0.4738040864467621,2.0429279804229736,0.5338645577430725,1.6942212581634521,0.4865453243255615,0.08388710767030716,1.8801217079162598,2.942920684814453,1.9668786525726318,0.4663943648338318,0.3985055983066559,2.1355221271514893,0.47516000270843506,1.9894496202468872,0.4603251516819,2.0236759185791016,0.5267718434333801,1.8128325939178467,0.5497835278511047,1.6851533651351929,0.4915892481803894,0.07158131152391434,1.8046549558639526,2.899531841278076,1.9257686138153076,0.3985055983066559
1,,1201,,,,,,,,,,,,,,,,,,,,,,,,,,,,,,,,,0.4306493401527405,2.2402596473693848,2.2402596473693848,,,,,,,,,,,,,,,,,,,,,,,,,,,,,,,,
,5.2000000000000004e-05,1202,,,,,,,,,,,,,,,,,,,,,,,,,,,,,,,,,,,,,,,,,,,,,,,,,,,,,,,,,,,,,,,,,,,
2,,1802,,,,,,,,,,,,,,,,,,,,,,,,,,,,,,,,,,,,0.6631578803062439,1.2291178703308105,0.6024057269096375,1.4609487056732178,0.5592276453971863,1.60989248752594,0.5444191098213196,1.696508765220642,0.6812748908996582,1.2264137268066406,0.5684925317764282,0.03777402266860008,1.350652813911438,2.4854936599731445,1.5962257385253906,0.5444191098213196,0.4682440757751465,1.876549482345581,0.557147204875946,1.6450190544128418,0.5311817526817322,1.695550799369812,0.6001034379005432,1.5004246234893799,0.62193363904953,1.3630958795547485,0.5671102404594421,0.03076288104057312,1.3407689332962036,2.451960563659668,1.5999171733856201,0.4682440757751465
2,,1802,,,,,,,,,,,,,,,,,,,,,,,,,,,,,,,,,0.557303249835968,1.6768630743026733,1.6768630743026733,,,,,,,,,,,,,,,,,,,,,,,,,,,,,,,,
,6.8e-05,1803,,,,,,,,,,,,,,,,,,,,,,,,,,,,,,,,,,,,,,,,,,,,,,,,,,,,,,,,,,,,,,,,,,,
3,,2403,,,,,,,,,,,,,,,,,,,,,,,,,,,,,,,,,,,,0.6473684310913086,1.1909018754959106,0.6280884146690369,1.3380637168884277,0.6019309163093567,1.4817705154418945,0.5709946751594543,1.5852344036102295,0.7051792740821838,1.148310661315918,0.5977532267570496,0.008660709485411644,1.104104995727539,2.222994804382324,1.4791474342346191,0.5709946751594543,0.4682440757751465,1.8894121646881104,0.5725388526916504,1.5712358951568604,0.5554476976394653,1.6088230609893799,0.614588737487793,1.426220178604126,0.6507936716079712,1.2433249950408936,0.5838814973831177,0.011409621685743332,1.10201096534729,2.201965093612671,1.5253276824951172,0.4682440757751465
3,,2403,,,,,,,,,,,,,,,,,,,,,,,,,,,,,,,,,0.6376410126686096,1.3432729244232178,1.3432729244232178,,,,,,,,,,,,,,,,,,,,,,,,,,,,,,,,
,8.400000000000001e-05,2404,,,,,,,,,,,,,,,,,,,,,,,,,,,,,,,,,,,,,,,,,,,,,,,,,,,,,,,,,,,,,,,,,,,
4,,3004,,,,,,,,,,,,,,,,,,,,,,,,,,,,,,,,,,,,0.7052631378173828,1.1375538110733032,0.6427178382873535,1.282171607017517,0.6141849160194397,1.3882559537887573,0.5820045471191406,1.5515340566635132,0.7330677509307861,1.0708372592926025,0.6111643314361572,0.02612048201262951,0.9304333329200745,2.077025890350342,1.4255465269088745,0.5820045471191406,0.5006226897239685,1.8440492153167725,0.5943310260772705,1.5161339044570923,0.5615141987800598,1.574059009552002,0.6202793717384338,1.3985861539840698,0.6883116960525513,1.1864287853240967,0.5971378087997437,0.03254768252372742,0.9473215937614441,2.073768138885498,1.4853113889694214,0.5006226897239685
4,,3004,,,,,,,,,,,,,,,,,,,,,,,,,,,,,,,,,0.6933114528656006,1.120771050453186,1.120771050453186,,,,,,,,,,,,,,,,,,,,,,,,,,,,,,,,
,0.0001,3005,,,,,,,,,,,,,,,,,,,,,,,,,,,,,,,,,,,,,,,,,,,,,,,,,,,,,,,,,,,,,,,,,,,
5,,3605,,,,,,,,,,,,,,,,,,,,,,,,,,,,,,,,,,,,0.678947389125824,1.3221752643585205,0.636540949344635,1.3149726390838623,0.612699568271637,1.418544054031372,0.5888382792472839,1.5596891641616821,0.7410358786582947,1.0112751722335815,0.611860990524292,0.05322989448904991,0.8154888153076172,1.891992449760437,1.4485349655151367,0.5888382792472839,0.4757160544395447,2.020066738128662,0.5806156396865845,1.5556200742721558,0.5518078207969666,1.6225454807281494,0.6241593360900879,1.4251445531845093,0.6868686676025391,1.1474417448043823,0.5910620093345642,0.06623135507106781,0.826378583908081,1.89288330078125,1.5248934030532837,0.4757160544395447
5,,3605,,,,,,,,,,,,,,,,,,,,,,,,,,,,,,,,,0.7359587550163269,0.9485851526260376,0.9485851526260376,,,,,,,,,,,,,,,,,,,,,,,,,,,,,,,,
,9.98794204878613e-05,3606,,,,,,,,,,,,,,,,,,,,,,,,,,,,,,,,,,,,,,,,,,,,,,,,,,,,,,,,,,,,,,,,,,,
6,,4206,,,,,,,,,,,,,,,,,,,,,,,,,,,,,,,,,,,,0.699999988079071,1.2416218519210815,0.6628738641738892,1.2798171043395996,0.6323802471160889,1.3873366117477417,0.5945330262184143,1.5216246843338013,0.7051792740821838,1.0730311870574951,0.6259688138961792,0.07212357223033905,0.6936655044555664,1.784553050994873,1.4125078916549683,0.5945330262184143,0.503113329410553,1.945068597793579,0.5978360176086426,1.5472365617752075,0.5780150294303894,1.5869872570037842,0.6320486068725586,1.418318271636963,0.6955267190933228,1.1513346433639526,0.6065779328346252,0.08675083518028259,0.7204169034957886,1.736620545387268,1.5083585977554321,0.503113329410553
6,,4206,,,,,,,,,,,,,,,,,,,,,,,,,,,,,,,,,0.7843305468559265,0.7762190103530884,0.7762190103530884,,,,,,,,,,,,,,,,,,,,,,,,,,,,,,,,
,9.951826940270773e-05,4207,,,,,,,,,,,,,,,,,,,,,,,,,,,,,,,,,,,,,,,,,,,,,,,,,,,,,,,,,,,,,,,,,,,
7,,4807,,,,,,,,,,,,,,,,,,,,,,,,,,,,,,,,,,,,0.6947368383407593,1.347679615020752,0.6563718914985657,1.3399639129638672,0.6149275898933411,1.5018905401229858,0.591116189956665,1.6126749515533447,0.7211155295372009,1.0434778928756714,0.6189149022102356,0.10143843293190002,0.6151689887046814,1.6469082832336426,1.4967104196548462,0.591116189956665,0.4732254147529602,1.8783622980117798,0.5894544124603271,1.6071964502334595,0.5581169724464417,1.6608402729034424,0.6264873147010803,1.4646859169006348,0.6796537041664124,1.2274187803268433,0.5957821011543274,0.11489371210336685,0.6332994699478149,1.639909029006958,1.5604338645935059,0.4732254147529602
7,,4807,,,,,,,,,,,,,,,,,,,,,,,,,,,,,,,,,0.8209021091461182,0.6381364464759827,0.6381364464759827,,,,,,,,,,,,,,,,,,,,,,,,,,,,,,,,
,9.891830623632339e-05,4808,,,,,,,,,,,,,,,,,,,,,,,,,,,,,,,,,,,,,,,,,,,,,,,,,,,,,,,,,,,,,,,,,,,
8,,5408,,,,,,,,,,,,,,,,,,,,,,,,,,,,,,,,,,,,0.6684210300445557,1.4292528629302979,0.6566970348358154,1.3767133951187134,0.6305235624313354,1.4700411558151245,0.5990888476371765,1.619703769683838,0.7490040063858032,1.0104260444641113,0.6264042258262634,0.11091749370098114,0.5672503709793091,1.5492137670516968,1.5050877332687378,0.5990888476371765,0.4844333827495575,2.214512586593628,0.5960072875022888,1.656671166419983,0.5729191899299622,1.685849666595459,0.6330832839012146,1.4966472387313843,0.6753246784210205,1.1990339756011963,0.6039166450500488,0.12784259021282196,0.5809258818626404,1.529687762260437,1.6089069843292236,0.4844333827495575
8,,5408,,,,,,,,,,,,,,,,,,,,,,,,,,,,,,,,,0.852425754070282,0.5261712670326233,0.5261712670326233,,,,,,,,,,,,,,,,,,,,,,,,,,,,,,,,
,9.808245394894679e-05,5409,,,,,,,,,,,,,,,,,,,,,,,,,,,,,,,,,,,,,,,,,,,,,,,,,,,,,,,,,,,,,,,,,,,
9,,6009,,,,,,,,,,,,,,,,,,,,,,,,,,,,,,,,,,,,0.699999988079071,1.3374210596084595,0.6514954566955566,1.4690362215042114,0.6190122365951538,1.5842000246047974,0.597000777721405,1.6900341510772705,0.7649402618408203,1.0209778547286987,0.6222241520881653,0.14132794737815857,0.47267618775367737,1.3931037187576294,1.5877258777618408,0.597000777721405,0.49813199043273926,2.133371114730835,0.5973788499832153,1.7536420822143555,0.5690366625785828,1.7952977418899536,0.6326953172683716,1.5404473543167114,0.6796537041664124,1.3179043531417847,0.6040672659873962,0.15339215099811554,0.4908756613731384,1.3845417499542236,1.6812636852264404,0.49813199043273926
9,,6009,,,,,,,,,,,,,,,,,,,,,,,,,,,,,,,,,0.879460871219635,0.4268319606781006,0.4268319606781006,,,,,,,,,,,,,,,,,,,,,,,,,,,,,,,,
,9.701478472890248e-05,6010,,,,,,,,,,,,,,,,,,,,,,,,,,,,,,,,,,,,,,,,,,,,,,,,,,,,,,,,,,,,,,,,,,,
10,,6610,,,,,,,,,,,,,,,,,,,,,,,,,,,,,,,,,,,,0.7105262875556946,1.53091561794281,0.6407672166824341,1.4992799758911133,0.6245822310447693,1.6394658088684082,0.5983295440673828,1.7238603830337524,0.7768924236297607,1.0257290601730347,0.621788740158081,0.15174520015716553,0.4402257800102234,1.3509235382080078,1.627362608909607,0.5983295440673828,0.4956413507461548,2.2109274864196777,0.5938737988471985,1.7800341844558716,0.5653967261314392,1.8500111103057861,0.6211847066879272,1.6170248985290527,0.6969696879386902,1.2887027263641357,0.5982425212860107,0.16586248576641083,0.4559754729270935,1.3548179864883423,1.7321721315383911,0.4956413507461548
10,,6610,,,,,,,,,,,,,,,,,,,,,,,,,,,,,,,,,0.9005633592605591,0.35097604990005493,0.35097604990005493,,,,,,,,,,,,,,,,,,,,,,,,,,,,,,,,
,9.572050015330875e-05,6611,,,,,,,,,,,,,,,,,,,,,,,,,,,,,,,,,,,,,,,,,,,,,,,,,,,,,,,,,,,,,,,,,,,
11,,7211,,,,,,,,,,,,,,,,,,,,,,,,,,,,,,,,,,,,0.7052631378173828,1.4946750402450562,0.6495448350906372,1.4989433288574219,0.612699568271637,1.652942419052124,0.597000777721405,1.7998937368392944,0.7450199127197266,1.14665949344635,0.6198728680610657,0.16755686700344086,0.398801326751709,1.247070074081421,1.6671768426895142,0.597000777721405,0.49813199043273926,2.235656976699829,0.597531259059906,1.8510185480117798,0.5590875744819641,1.8846206665039062,0.6367046236991882,1.6113065481185913,0.6810966730117798,1.2884700298309326,0.6036655902862549,0.17961806058883667,0.4062139689922333,1.2439496517181396,1.761579155921936,0.49813199043273926
11,,7211,,,,,,,,,,,,,,,,,,,,,,,,,,,,,,,,,0.9196231961250305,0.28562724590301514,0.28562724590301514,,,,,,,,,,,,,,,,,,,,,,,,,,,,,,,,
,9.42059058465169e-05,7212,,,,,,,,,,,,,,,,,,,,,,,,,,,,,,,,,,,,,,,,,,,,,,,,,,,,,,,,,,,,,,,,,,,
12,,7812,,,,,,,,,,,,,,,,,,,,,,,,,,,,,,,,,,,,0.7157894968986511,1.48647940158844,0.6407672166824341,1.6039388179779053,0.6253249049186707,1.6918225288391113,0.5878891348838806,1.8576287031173706,0.7569721341133118,1.0430134534835815,0.6168248653411865,0.1684664785861969,0.4004271924495697,1.257115125656128,1.7279033660888672,0.5878891348838806,0.48941469192504883,2.3339006900787354,0.5763486623764038,1.9596823453903198,0.5731618404388428,1.9102156162261963,0.6201500296592712,1.7179254293441772,0.6998556852340698,1.258124589920044,0.5934220552444458,0.18999561667442322,0.4099884629249573,1.2255008220672607,1.8462773561477661,0.48941469192504883
12,,7812,,,,,,,,,,,,,,,,,,,,,,,,,,,,,,,,,0.9332058429718018,0.2375342845916748,0.2375342845916748,,,,,,,,,,,,,,,,,,,,,,,,,,,,,,,,
,9.247838075974309e-05,7813,,,,,,,,,,,,,,,,,,,,,,,,,,,,,,,,,,,,,,,,,,,,,,,,,,,,,,,,,,,,,,,,,,,
13,,8413,,,,,,,,,,,,,,,,,,,,,,,,,,,,,,,,,,,,0.7105262875556946,1.5859620571136475,0.6573472023010254,1.5756688117980957,0.623468279838562,1.6845782995224,0.5895975828170776,1.9167721271514893,0.7529880404472351,1.2861967086791992,0.6213533282279968,0.17676523327827454,0.3702777326107025,1.1901164054870605,1.7562220096588135,0.5895975828170776,0.49813199043273926,2.2671687602996826,0.5914355516433716,1.9584240913391113,0.5772870779037476,1.9069015979766846,0.6259700059890747,1.7264622449874878,0.682539701461792,1.3703577518463135,0.601355791091919,0.18766474723815918,0.40238043665885925,1.1838918924331665,1.851609230041504,0.49813199043273926
13,,8413,,,,,,,,,,,,,,,,,,,,,,,,,,,,,,,,,0.9445767402648926,0.19488374888896942,0.19488374888896942,,,,,,,,,,,,,,,,,,,,,,,,,,,,,,,,
,9.054634122155992e-05,8414,,,,,,,,,,,,,,,,,,,,,,,,,,,,,,,,,,,,,,,,,,,,,,,,,,,,,,,,,,,,,,,,,,,
14,,9014,,,,,,,,,,,,,,,,,,,,,,,,,,,,,,,,,,,,0.6894736886024475,1.8301860094070435,0.6414174437522888,1.6929900646209717,0.634608268737793,1.776874303817749,0.5909263491630554,1.9524688720703125,0.737051784992218,1.1885331869125366,0.6196116209030151,0.19229444861412048,0.3317270576953888,1.1127694845199585,1.8253529071807861,0.5909263491630554,0.4931506812572479,2.613011598587036,0.5953977704048157,1.985785722732544,0.5629701614379883,2.0787265300750732,0.6235126852989197,1.7939459085464478,0.6796537041664124,1.5005100965499878,0.5984433889389038,0.2067929059267044,0.3484978675842285,1.1010974645614624,1.9405134916305542,0.4931506812572479
14,,9014,,,,,,,,,,,,,,,,,,,,,,,,,,,,,,,,,0.9550629258155823,0.16122792661190033,0.16122792661190033,,,,,,,,,,,,,,,,,,,,,,,,,,,,,,,,
,8.841919993438942e-05,9015,,,,,,,,,,,,,,,,,,,,,,,,,,,,,,,,,,,,,,,,,,,,,,,,,,,,,,,,,,,,,,,,,,,
15,,9615,,,,,,,,,,,,,,,,,,,,,,,,,,,,,,,,,,,,0.6947368383407593,1.7985533475875854,0.6508452296257019,1.6626657247543335,0.6242108941078186,1.786225438117981,0.5990888476371765,1.9734610319137573,0.7529880404472351,1.3387421369552612,0.6238787770271301,0.19158512353897095,0.32274582982063293,1.0853654146194458,1.8339418172836304,0.5990888476371765,0.4844333827495575,2.3875153064727783,0.5946357846260071,2.0195271968841553,0.561999499797821,2.0745067596435547,0.6286859512329102,1.8269625902175903,0.6854256987571716,1.5161439180374146,0.5997489094734192,0.20923998951911926,0.3379664421081543,1.0782060623168945,1.9569220542907715,0.4844333827495575
15,,9615,,,,,,,,,,,,,,,,,,,,,,,,,,,,,,,,,0.9609044790267944,0.13686813414096832,0.13686813414096832,,,,,,,,,,,,,,,,,,,,,,,,,,,,,,,,
,8.610732011676325e-05,9616,,,,,,,,,,,,,,,,,,,,,,,,,,,,,,,,,,,,,,,,,,,,,,,,,,,,,,,,,,,,,,,,,,,
16,,10216,,,,,,,,,,,,,,,,,,,,,,,,,,,,,,,,,,,,0.699999988079071,1.8550474643707275,0.6469441056251526,1.6770827770233154,0.6312662363052368,1.7830276489257812,0.5958617925643921,1.9857028722763062,0.7450199127197266,1.3504799604415894,0.6229208111763,0.19226184487342834,0.31547483801841736,1.0886154174804688,1.8397188186645508,0.5958617925643921,0.49066001176834106,2.4895174503326416,0.5886924862861633,2.052694320678711,0.5636981129646301,2.0741090774536133,0.6281686425209045,1.839490294456482,0.7027416825294495,1.5047459602355957,0.5988450646400452,0.21343038976192474,0.32701942324638367,1.0622138977050781,1.9726340770721436,0.49066001176834106
16,,10216,,,,,,,,,,,,,,,,,,,,,,,,,,,,,,,,,0.9642741084098816,0.12238991260528564,0.12238991260528564,,,,,,,,,,,,,,,,,,,,,,,,,,,,,,,,
,8.36219650147635e-05,10217,,,,,,,,,,,,,,,,,,,,,,,,,,,,,,,,,,,,,,,,,,,,,,,,,,,,,,,,,,,,,,,,,,,
17,,10817,,,,,,,,,,,,,,,,,,,,,,,,,,,,,,,,,,,,0.678947389125824,1.8525331020355225,0.6511703729629517,1.737869381904602,0.6182695627212524,1.8520315885543823,0.5888382792472839,2.0803020000457764,0.7689242959022522,1.2365158796310425,0.6179569959640503,0.20481669902801514,0.2924312949180603,1.0323115587234497,1.9146724939346313,0.5888382792472839,0.4732254147529602,2.5285274982452393,0.5896068215370178,2.1579749584198,0.5617568492889404,2.070661783218384,0.6267459988594055,1.9191169738769531,0.6767676472663879,1.5570443868637085,0.5965855121612549,0.21948856115341187,0.31130632758140564,1.031807780265808,2.042893171310425,0.4732254147529602
17,,10817,,,,,,,,,,,,,,,,,,,,,,,,,,,,,,,,,0.9710654020309448,0.10127416253089905,0.10127416253089905,,,,,,,,,,,,,,,,,,,,,,,,,,,,,,,,
,8.09752430286201e-05,10818,,,,,,,,,,,,,,,,,,,,,,,,,,,,,,,,,,,,,,,,,,,,,,,,,,,,,,,,,,,,,,,,,,,
18,,11418,,,,,,,,,,,,,,,,,,,,,,,,,,,,,,,,,,,,0.7105262875556946,1.9142694473266602,0.655071496963501,1.7798606157302856,0.6253249049186707,1.8960882425308228,0.6142748594284058,2.029359817504883,0.7410358786582947,1.2990164756774902,0.632326066493988,0.2012110948562622,0.2760310769081116,0.9822273850440979,1.9163439273834229,0.6142748594284058,0.48941469192504883,2.622385025024414,0.5944833755493164,2.1732635498046875,0.5785003900527954,2.117741107940674,0.6226073503494263,1.9251747131347656,0.6796537041664124,1.5827399492263794,0.6008536219596863,0.22502519190311432,0.29528728127479553,0.9744929671287537,2.064119338989258,0.48941469192504883
18,,11418,,,,,,,,,,,,,,,,,,,,,,,,,,,,,,,,,0.9766988158226013,0.08351064473390579,0.08351064473390579,,,,,,,,,,,,,,,,,,,,,,,,,,,,,,,,
,7.818004872180198e-05,11419,,,,,,,,,,,,,,,,,,,,,,,,,,,,,,,,,,,,,,,,,,,,,,,,,,,,,,,,,,,,,,,,,,,
19,,12019,,,,,,,,,,,,,,,,,,,,,,,,,,,,,,,,,,,,0.7157894968986511,2.166776418685913,0.6479193568229675,1.780360221862793,0.6227256059646606,1.8936048746109009,0.601176917552948,2.17191219329834,0.7689242959022522,1.2547880411148071,0.6244012713432312,0.2158159613609314,0.255746990442276,0.9400728940963745,1.9849318265914917,0.601176917552948,0.496886670589447,2.416081190109253,0.5931118726730347,2.210771322250366,0.5794709920883179,2.1505446434020996,0.6341179609298706,1.9723691940307617,0.6897546648979187,1.6515448093414307,0.6057243347167969,0.2260873168706894,0.28258126974105835,0.9403714537620544,2.0972745418548584,0.496886670589447
19,,12019,,,,,,,,,,,,,,,,,,,,,,,,,,,,,,,,,0.9779738187789917,0.07663123309612274,0.07663123309612274,,,,,,,,,,,,,,,,,,,,,,,,,,,,,,,,
,7.525000000000001e-05,12020,,,,,,,,,,,,,,,,,,,,,,,,,,,,,,,,,,,,,,,,,,,,,,,,,,,,,,,,,,,,,,,,,,,
20,,12620,,,,,,,,,,,,,,,,,,,,,,,,,,,,,,,,,,,,0.7157894968986511,1.9763212203979492,0.6501950621604919,1.848682165145874,0.626067578792572,1.9336868524551392,0.599468469619751,2.164149761199951,0.7609561681747437,1.2474075555801392,0.6248367428779602,0.21816988289356232,0.25054851174354553,0.9244458079338074,2.006676435470581,0.599468469619751,0.4919053614139557,2.7317233085632324,0.588387668132782,2.247982978820801,0.5770444273948669,2.2418887615203857,0.6229953169822693,2.0062403678894043,0.6969696879386902,1.7195020914077759,0.5993974208831787,0.2358851283788681,0.2647019326686859,0.9258394241333008,2.15543270111084,0.4919053614139557
20,,12620,,,,,,,,,,,,,,,,,,,,,,,,,,,,,,,,,0.9820199608802795,0.0655631497502327,0.0655631497502327,,,,,,,,,,,,,,,,,,,,,,,,,,,,,,,,
,7.219937176605935e-05,12621,,,,,,,,,,,,,,,,,,,,,,,,,,,,,,,,,,,,,,,,,,,,,,,,,,,,,,,,,,,,,,,,,,,
21,,13221,,,,,,,,,,,,,,,,,,,,,,,,,,,,,,,,,,,,0.678947389125824,2.1132166385650635,0.6631989479064941,1.7934659719467163,0.6149275898933411,1.9726327657699585,0.6026955246925354,2.144973039627075,0.737051784992218,1.389113426208496,0.626055896282196,0.2136123776435852,0.25234004855155945,0.9380295872688293,1.9969054460525513,0.6026955246925354,0.4806973934173584,2.651477098464966,0.6007314920425415,2.162191390991211,0.5692793130874634,2.258012294769287,0.6284273266792297,2.0411763191223145,0.7041847109794617,1.6158310174942017,0.6037157773971558,0.23070381581783295,0.2683427035808563,0.9288905262947083,2.1376755237579346,0.4806973934173584
21,,13221,,,,,,,,,,,,,,,,,,,,,,,,,,,,,,,,,0.9830867648124695,0.060239337384700775,0.060239337384700775,,,,,,,,,,,,,,,,,,,,,,,,,,,,,,,,
,6.904302637408766e-05,13222,,,,,,,,,,,,,,,,,,,,,,,,,,,,,,,,,,,,,,,,,,,,,,,,,,,,,,,,,,,,,,,,,,,
22,,13822,,,,,,,,,,,,,,,,,,,,,,,,,,,,,,,,,,,,0.6947368383407593,2.0794677734375,0.6628738641738892,1.8521760702133179,0.6290382742881775,1.998988151550293,0.6017463803291321,2.193430185317993,0.7609561681747437,1.345955491065979,0.6297134757041931,0.22389046847820282,0.2253793179988861,0.8678498864173889,2.0384130477905273,0.6017463803291321,0.49439600110054016,3.0575928688049316,0.6040841341018677,2.259103775024414,0.5860227942466736,2.327864408493042,0.6299793124198914,2.087378978729248,0.6926407217979431,1.7225120067596436,0.6090885996818542,0.24224406480789185,0.24026770889759064,0.831186830997467,2.2230353355407715,0.49439600110054016
22,,13822,,,,,,,,,,,,,,,,,,,,,,,,,,,,,,,,,0.9863002896308899,0.050031933933496475,0.050031933933496475,,,,,,,,,,,,,,,,,,,,,,,,,,,,,,,,
,6.579634122155991e-05,13823,,,,,,,,,,,,,,,,,,,,,,,,,,,,,,,,,,,,,,,,,,,,,,,,,,,,,,,,,,,,,,,,,,,
23,,14423,,,,,,,,,,,,,,,,,,,,,,,,,,,,,,,,,,,,0.699999988079071,1.9891597032546997,0.6615734696388245,1.8556612730026245,0.6204975843429565,2.0285253524780273,0.6064920425415039,2.250878095626831,0.7729083895683289,1.271774172782898,0.62980055809021,0.22376306354999542,0.22765836119651794,0.8551692366600037,2.06947922706604,0.6064920425415039,0.4794520437717438,2.7739291191101074,0.5937214493751526,2.2945661544799805,0.5736472010612488,2.3150980472564697,0.6210553646087646,2.1810123920440674,0.6940836906433105,1.6834712028503418,0.5990961790084839,0.24870233237743378,0.23535744845867157,0.8414704203605652,2.2533113956451416,0.4794520437717438
23,,14423,,,,,,,,,,,,,,,,,,,,,,,,,,,,,,,,,0.9878224730491638,0.04520327225327492,0.04520327225327492,,,,,,,,,,,,,,,,,,,,,,,,,,,,,,,,
,6.247513383218356e-05,14424,,,,,,,,,,,,,,,,,,,,,,,,,,,,,,,,,,,,,,,,,,,,,,,,,,,,,,,,,,,,,,,,,,,
24,,15024,,,,,,,,,,,,,,,,,,,,,,,,,,,,,,,,,,,,0.7105262875556946,2.1110901832580566,0.6521456241607666,1.9378801584243774,0.6167842745780945,2.085334062576294,0.6038344502449036,2.2694666385650635,0.7768924236297607,1.2362011671066284,0.625533401966095,0.2323245108127594,0.21484030783176422,0.843871533870697,2.1163854598999023,0.6038344502449036,0.503113329410553,2.9963502883911133,0.5943310260772705,2.3179664611816406,0.57825767993927,2.379394769668579,0.6321779489517212,2.128972053527832,0.7056276798248291,1.6116126775741577,0.6059252023696899,0.24258321523666382,0.23832286894321442,0.8484211564064026,2.259756326675415,0.503113329410553
24,,15024,,,,,,,,,,,,,,,,,,,,,,,,,,,,,,,,,0.9899041056632996,0.03780393674969673,0.03780393674969673,,,,,,,,,,,,,,,,,,,,,,,,,,,,,,,,
,5.909558479451306e-05,15025,,,,,,,,,,,,,,,,,,,,,,,,,,,,,,,,,,,,,,,,,,,,,,,,,,,,,,,,,,,,,,,,,,,
25,,15625,,,,,,,,,,,,,,,,,,,,,,,,,,,,,,,,,,,,0.7210526466369629,2.086732864379883,0.6475942730903625,1.9243900775909424,0.6290382742881775,2.0396053791046143,0.6091495752334595,2.1955809593200684,0.7689242959022522,1.3525062799453735,0.6296263933181763,0.22595322132110596,0.20902487635612488,0.8664707541465759,2.0683069229125977,0.6091495752334595,0.5230386257171631,2.5424935817718506,0.5958549380302429,2.3423843383789062,0.5821402668952942,2.348313093185425,0.635411262512207,2.07570743560791,0.7128427028656006,1.6853950023651123,0.6095405220985413,0.2417842298746109,0.22873635590076447,0.8399827480316162,2.2268295288085938,0.5230386257171631
25,,15625,,,,,,,,,,,,,,,,,,,,,,,,,,,,,,,,,0.9902163743972778,0.03572135046124458,0.03572135046124458,,,,,,,,,,,,,,,,,,,,,,,,,,,,,,,,
,5.5674158931748854e-05,15626,,,,,,,,,,,,,,,,,,,,,,,,,,,,,,,,,,,,,,,,,,,,,,,,,,,,,,,,,,,,,,,,,,,
26,,16226,,,,,,,,,,,,,,,,,,,,,,,,,,,,,,,,,,,,0.699999988079071,2.183643341064453,0.6479193568229675,2.016263723373413,0.6312662363052368,2.1053407192230225,0.6059225797653198,2.2967045307159424,0.7768924236297607,1.424319863319397,0.6284943222999573,0.23392300307750702,0.199223592877388,0.8179532289505005,2.1620635986328125,0.6059225797653198,0.4993773400783539,2.824572801589966,0.6022554039955139,2.4043006896972656,0.5712205767631531,2.425161838531494,0.6314019560813904,2.1641340255737305,0.6897546648979187,1.7484593391418457,0.6060758233070374,0.2490234375,0.21499305963516235,0.8190141320228577,2.3136017322540283,0.4993773400783539
26,,16226,,,,,,,,,,,,,,,,,,,,,,,,,,,,,,,,,0.9927273392677307,0.02783837914466858,0.02783837914466858,,,,,,,,,,,,,,,,,,,,,,,,,,,,,,,,
,5.222752508677381e-05,16227,,,,,,,,,,,,,,,,,,,,,,,,,,,,,,,,,,,,,,,,,,,,,,,,,,,,,,,,,,,,,,,,,,,
27,,16827,,,,,,,,,,,,,,,,,,,,,,,,,,,,,,,,,,,,0.7105262875556946,2.146500587463379,0.6566970348358154,1.9439387321472168,0.6390642523765564,2.1083357334136963,0.6078208088874817,2.3153772354125977,0.7609561681747437,1.3659088611602783,0.6333710551261902,0.23012675344944,0.20397117733955383,0.8032262325286865,2.147672176361084,0.6078208088874817,0.5230386257171631,2.8667216300964355,0.6054556369781494,2.355180025100708,0.5901480317115784,2.4279778003692627,0.6279099583625793,2.2470178604125977,0.701298713684082,1.6484858989715576,0.6109967231750488,0.2501835823059082,0.2099374234676361,0.7854165434837341,2.325368881225586,0.5230386257171631
27,,16827,,,,,,,,,,,,,,,,,,,,,,,,,,,,,,,,,0.9932997822761536,0.02645931951701641,0.02645931951701641,,,,,,,,,,,,,,,,,,,,,,,,,,,,,,,,
,4.8772474913226224e-05,16828,,,,,,,,,,,,,,,,,,,,,,,,,,,,,,,,,,,,,,,,,,,,,,,,,,,,,,,,,,,,,,,,,,,
28,,17428,,,,,,,,,,,,,,,,,,,,,,,,,,,,,,,,,,,,0.6894736886024475,2.239236354827881,0.6599479913711548,1.9500092267990112,0.6316375732421875,2.085007429122925,0.6072513461112976,2.2570765018463135,0.7529880404472351,1.3642067909240723,0.6317164301872253,0.22887510061264038,0.20388050377368927,0.8285785913467407,2.1182594299316406,0.6072513461112976,0.47820672392845154,3.2225897312164307,0.6048460602760315,2.3673243522644043,0.5804416537284851,2.4659180641174316,0.631531298160553,2.147026538848877,0.6926407217979431,1.6764200925827026,0.6081345677375793,0.24966508150100708,0.21149544417858124,0.8046236634254456,2.3126800060272217,0.47820672392845154
28,,17428,,,,,,,,,,,,,,,,,,,,,,,,,,,,,,,,,0.9945096969604492,0.02187361754477024,0.02187361754477024,,,,,,,,,,,,,,,,,,,,,,,,,,,,,,,,
,4.532584106825117e-05,17429,,,,,,,,,,,,,,,,,,,,,,,,,,,,,,,,,,,,,,,,,,,,,,,,,,,,,,,,,,,,,,,,,,,
29,,18029,,,,,,,,,,,,,,,,,,,,,,,,,,,,,,,,,,,,0.7052631378173828,2.3731653690338135,0.6671001315116882,1.9615579843521118,0.6297808885574341,2.1162497997283936,0.6154138445854187,2.321773052215576,0.788844645023346,1.2757455110549927,0.6379866003990173,0.23222818970680237,0.1893850564956665,0.7684931755065918,2.157106876373291,0.6154138445854187,0.5118306279182434,2.7930986881256104,0.6089606881141663,2.436476707458496,0.5862654447555542,2.511378765106201,0.6373512744903564,2.2390196323394775,0.7027416825294495,1.6988892555236816,0.6146622896194458,0.25300732254981995,0.19633610546588898,0.7527030110359192,2.3644111156463623,0.5118306279182434
29,,18029,,,,,,,,,,,,,,,,,,,,,,,,,,,,,,,,,0.9960188865661621,0.017696086317300797,0.017696086317300797,,,,,,,,,,,,,,,,,,,,,,,,,,,,,,,,
,4.190441520548696e-05,18030,,,,,,,,,,,,,,,,,,,,,,,,,,,,,,,,,,,,,,,,,,,,,,,,,,,,,,,,,,,,,,,,,,,
30,,18630,,,,,,,,,,,,,,,,,,,,,,,,,,,,,,,,,,,,0.6894736886024475,2.255505084991455,0.6602730751037598,2.0339393615722656,0.6416635513305664,2.089798927307129,0.6148443222045898,2.319178581237793,0.7729083895683289,1.3932645320892334,0.638160765171051,0.23442046344280243,0.18314827978610992,0.7671366930007935,2.1710877418518066,0.6148443222045898,0.4993773400783539,3.0135207176208496,0.6089606881141663,2.4423704147338867,0.5867508053779602,2.4897258281707764,0.6351526379585266,2.2068607807159424,0.7027416825294495,1.6994149684906006,0.6134069561958313,0.25444117188453674,0.19178012013435364,0.7545590996742249,2.359830379486084,0.4993773400783539
30,,18630,,,,,,,,,,,,,,,,,,,,,,,,,,,,,,,,,0.9956936240196228,0.016598524525761604,0.016598524525761604,,,,,,,,,,,,,,,,,,,,,,,,,,,,,,,,
,3.852486616781645e-05,18631,,,,,,,,,,,,,,,,,,,,,,,,,,,,,,,,,,,,,,,,,,,,,,,,,,,,,,,,,,,,,,,,,,,
31,,19231,,,,,,,,,,,,,,,,,,,,,,,,,,,,,,,,,,,,0.7105262875556946,2.20355224609375,0.6654746532440186,2.0317299365997314,0.6323802471160889,2.126194953918457,0.6063022017478943,2.366863489151001,0.7729083895683289,1.3227801322937012,0.6338064670562744,0.23975397646427155,0.18271689116954803,0.7472219467163086,2.1982274055480957,0.6063022017478943,0.5056039690971375,2.968675136566162,0.6005790829658508,2.4994735717773438,0.5906333327293396,2.5549612045288086,0.6347646117210388,2.2483301162719727,0.709956705570221,1.6844605207443237,0.6118001341819763,0.2578921914100647,0.18696725368499756,0.737353503704071,2.405830144882202,0.5056039690971375
31,,19231,,,,,,,,,,,,,,,,,,,,,,,,,,,,,,,,,0.9953814148902893,0.01739434525370598,0.01739434525370598,,,,,,,,,,,,,,,,,,,,,,,,,,,,,,,,
,3.520365877844012e-05,19232,,,,,,,,,,,,,,,,,,,,,,,,,,,,,,,,,,,,,,,,,,,,,,,,,,,,,,,,,,,,,,,,,,,
32,,19832,,,,,,,,,,,,,,,,,,,,,,,,,,,,,,,,,,,,0.6894736886024475,2.4069204330444336,0.6631989479064941,1.9976251125335693,0.6386929154396057,2.116684913635254,0.6089597344398499,2.4048731327056885,0.7689242959022522,1.4003314971923828,0.6353740096092224,0.23783770203590393,0.18137405812740326,0.7526729702949524,2.210470199584961,0.6089597344398499,0.5018680095672607,3.018764019012451,0.6120085120201111,2.411632776260376,0.5886920690536499,2.537433624267578,0.633988618850708,2.2628817558288574,0.6839826703071594,1.8111974000930786,0.6138086915016174,0.255693256855011,0.18604186177253723,0.7450039386749268,2.384580612182617,0.5018680095672607
32,,19832,,,,,,,,,,,,,,,,,,,,,,,,,,,,,,,,,0.9969295859336853,0.01281824056059122,0.01281824056059122,,,,,,,,,,,,,,,,,,,,,,,,,,,,,,,,
,3.1956973625912366e-05,19833,,,,,,,,,,,,,,,,,,,,,,,,,,,,,,,,,,,,,,,,,,,,,,,,,,,,,,,,,,,,,,,,,,,
33,,20433,,,,,,,,,,,,,,,,,,,,,,,,,,,,,,,,,,,,0.699999988079071,2.370307683944702,0.6690506935119629,2.020772933959961,0.6394355893135071,2.1401350498199463,0.6116173267364502,2.3836958408355713,0.7729083895683289,1.360242247581482,0.6385961771011353,0.235669806599617,0.18044596910476685,0.7508460879325867,2.2108216285705566,0.6116173267364502,0.4919053614139557,3.050807237625122,0.6112465858459473,2.445821762084961,0.5911186337471008,2.514861822128296,0.6389032602310181,2.2467825412750244,0.6940836906433105,1.776660680770874,0.6159176230430603,0.2531660497188568,0.18583546578884125,0.7462919354438782,2.385533094406128,0.4919053614139557
33,,20433,,,,,,,,,,,,,,,,,,,,,,,,,,,,,,,,,0.9981005191802979,0.009476265870034695,0.009476265870034695,,,,,,,,,,,,,,,,,,,,,,,,,,,,,,,,
,2.8800628233940678e-05,20434,,,,,,,,,,,,,,,,,,,,,,,,,,,,,,,,,,,,,,,,,,,,,,,,,,,,,,,,,,,,,,,,,,,
34,,21034,,,,,,,,,,,,,,,,,,,,,,,,,,,,,,,,,,,,0.6736842393875122,2.3615095615386963,0.6602730751037598,2.0487523078918457,0.6334942579269409,2.1147913932800293,0.6080106496810913,2.343250036239624,0.7928286790847778,1.2324628829956055,0.6331968903541565,0.23850193619728088,0.17956101894378662,0.7705039978027344,2.190631628036499,0.6080106496810913,0.49439600110054016,3.2809197902679443,0.6027125716209412,2.5120253562927246,0.5806843042373657,2.514620780944824,0.6307553052902222,2.263385534286499,0.7085137367248535,1.721045732498169,0.6083856225013733,0.25732648372650146,0.19043852388858795,0.7602472901344299,2.4198803901672363,0.49439600110054016
34,,21034,,,,,,,,,,,,,,,,,,,,,,,,,,,,,,,,,0.9980875253677368,0.008468239568173885,0.008468239568173885,,,,,,,,,,,,,,,,,,,,,,,,,,,,,,,,
,2.5750000000000023e-05,21035,,,,,,,,,,,,,,,,,,,,,,,,,,,,,,,,,,,,,,,,,,,,,,,,,,,,,,,,,,,,,,,,,,,
35,,21635,,,,,,,,,,,,,,,,,,,,,,,,,,,,,,,,,,,,0.7157894968986511,2.388170003890991,0.6667750477790833,2.038853883743286,0.6412922143936157,2.086987257003784,0.6165527701377869,2.3638761043548584,0.7609561681747437,1.4356242418289185,0.6406862139701843,0.23866942524909973,0.16477574408054352,0.7290245890617371,2.1968157291412354,0.6165527701377869,0.49813199043273926,3.4483752250671387,0.6068271994590759,2.523308038711548,0.5959718227386475,2.5336873531341553,0.6359286308288574,2.2864787578582764,0.7215006947517395,1.7604824304580688,0.615515947341919,0.26179254055023193,0.17199592292308807,0.7010736465454102,2.4470858573913574,0.49813199043273926
35,,21635,,,,,,,,,,,,,,,,,,,,,,,,,,,,,,,,,0.9987510442733765,0.00655118003487587,0.00655118003487587,,,,,,,,,,,,,,,,,,,,,,,,,,,,,,,,
,2.281995127819805e-05,21636,,,,,,,,,,,,,,,,,,,,,,,,,,,,,,,,,,,,,,,,,,,,,,,,,,,,,,,,,,,,,,,,,,,
36,,22236,,,,,,,,,,,,,,,,,,,,,,,,,,,,,,,,,,,,0.7105262875556946,2.490752935409546,0.6644993424415588,2.079831600189209,0.6464909315109253,2.1622323989868164,0.6180713772773743,2.4100706577301025,0.7729083895683289,1.4260163307189941,0.6421666741371155,0.238520085811615,0.1678246706724167,0.719424843788147,2.2483298778533936,0.6180713772773743,0.4645080864429474,3.6822338104248047,0.6083511114120483,2.5742225646972656,0.5869934558868408,2.6161632537841797,0.6363165974617004,2.3234615325927734,0.6753246784210205,1.9685389995574951,0.6113482117652893,0.2671220600605011,0.16863854229450226,0.6940745115280151,2.511441946029663,0.4645080864429474
36,,22236,,,,,,,,,,,,,,,,,,,,,,,,,,,,,,,,,0.9989201426506042,0.005769229959696531,0.005769229959696531,,,,,,,,,,,,,,,,,,,,,,,,,,,,,,,,
,2.0024756971379923e-05,22237,,,,,,,,,,,,,,,,,,,,,,,,,,,,,,,,,,,,,,,,,,,,,,,,,,,,,,,,,,,,,,,,,,,
37,,22837,,,,,,,,,,,,,,,,,,,,,,,,,,,,,,,,,,,,0.7105262875556946,2.3379342555999756,0.6706762313842773,2.043316125869751,0.6435202360153198,2.1621577739715576,0.6182612180709839,2.416377067565918,0.7529880404472351,1.4901124238967896,0.6427762508392334,0.2408149540424347,0.16126705706119537,0.7057556509971619,2.2388134002685547,0.6182612180709839,0.4956413507461548,3.197434425354004,0.6159707307815552,2.49714732170105,0.5969424843788147,2.5645408630371094,0.6383859515190125,2.304081678390503,0.6868686676025391,1.804885983467102,0.6183781027793884,0.25761348009109497,0.1707981824874878,0.7096503376960754,2.441570997238159,0.4956413507461548
37,,22837,,,,,,,,,,,,,,,,,,,,,,,,,,,,,,,,,0.99899822473526,0.004862502682954073,0.004862502682954073,,,,,,,,,,,,,,,,,,,,,,,,,,,,,,,,
,1.7378034985236525e-05,22838,,,,,,,,,,,,,,,,,,,,,,,,,,,,,,,,,,,,,,,,,,,,,,,,,,,,,,,,,,,,,,,,,,,
38,,23438,,,,,,,,,,,,,,,,,,,,,,,,,,,,,,,,,,,,0.7105262875556946,2.3739285469055176,0.6684005260467529,2.0608158111572266,0.6461195945739746,2.1884734630584717,0.6203492879867554,2.4227983951568604,0.7729083895683289,1.4917593002319336,0.6441696286201477,0.24214312434196472,0.1539577841758728,0.692896842956543,2.2541327476501465,0.6203492879867554,0.5155666470527649,3.130157232284546,0.6165803074836731,2.51104998588562,0.5937879085540771,2.560396194458008,0.6447232365608215,2.304917812347412,0.6911976933479309,1.8650356531143188,0.6213406920433044,0.2587563991546631,0.16443857550621033,0.6913795471191406,2.4465198516845703,0.5155666470527649
38,,23438,,,,,,,,,,,,,,,,,,,,,,,,,,,,,,,,,0.9993755221366882,0.003874366171658039,0.003874366171658039,,,,,,,,,,,,,,,,,,,,,,,,,,,,,,,,
,1.4892679883236773e-05,23439,,,,,,,,,,,,,,,,,,,,,,,,,,,,,,,,,,,,,,,,,,,,,,,,,,,,,,,,,,,,,,,,,,,
39,,24039,,,,,,,,,,,,,,,,,,,,,,,,,,,,,,,,,,,,0.7105262875556946,2.400742769241333,0.6638491749763489,2.0362212657928467,0.6412922143936157,2.2014803886413574,0.6182612180709839,2.4167940616607666,0.7808765172958374,1.3997350931167603,0.6410345435142517,0.243750661611557,0.15404444932937622,0.6959853172302246,2.2450149059295654,0.6182612180709839,0.5080946683883667,3.1933388710021973,0.6132276654243469,2.506793975830078,0.5952438712120056,2.5912177562713623,0.6422659158706665,2.3181304931640625,0.6998556852340698,1.7490713596343994,0.619583249092102,0.25813060998916626,0.16737402975559235,0.6970905661582947,2.4527294635772705,0.5080946683883667
39,,24039,,,,,,,,,,,,,,,,,,,,,,,,,,,,,,,,,0.9993494749069214,0.0037702606059610844,0.0037702606059610844,,,,,,,,,,,,,,,,,,,,,,,,,,,,,,,,
,1.2580800065610601e-05,24040,,,,,,,,,,,,,,,,,,,,,,,,,,,,,,,,,,,,,,,,,,,,,,,,,,,,,,,,,,,,,,,,,,,
40,,24640,,,,,,,,,,,,,,,,,,,,,,,,,,,,,,,,,,,,0.699999988079071,2.4770209789276123,0.6677502989768982,2.0357320308685303,0.634608268737793,2.176030397415161,0.620539128780365,2.4118714332580566,0.7808765172958374,1.507348656654358,0.6413829326629639,0.24249418079853058,0.15486271679401398,0.7036329507827759,2.2417123317718506,0.620539128780365,0.4993773400783539,3.3291518688201904,0.6142944097518921,2.4912099838256836,0.5916039943695068,2.550461769104004,0.6418778896331787,2.306924343109131,0.6839826703071594,1.8252880573272705,0.6181270480155945,0.2588774263858795,0.16882504522800446,0.7034052610397339,2.444185733795166,0.4993773400783539
40,,24640,,,,,,,,,,,,,,,,,,,,,,,,,,,,,,,,,0.9994925856590271,0.002898520091548562,0.002898520091548562,,,,,,,,,,,,,,,,,,,,,,,,,,,,,,,,
,1.0453658778440112e-05,24641,,,,,,,,,,,,,,,,,,,,,,,,,,,,,,,,,,,,,,,,,,,,,,,,,,,,,,,,,,,,,,,,,,,
41,,25241,,,,,,,,,,,,,,,,,,,,,,,,,,,,,,,,,,,,0.7210526466369629,2.4676918983459473,0.677503228187561,2.0444867610931396,0.6431488990783691,2.199873208999634,0.6277524828910828,2.4330172538757324,0.7768924236297607,1.4701509475708008,0.6495689153671265,0.23902983963489532,0.1523159146308899,0.6809064149856567,2.2580153942108154,0.6277524828910828,0.5006226897239685,3.482455015182495,0.621304452419281,2.5067601203918457,0.5974277853965759,2.5752034187316895,0.6461458802223206,2.3180959224700928,0.7027416825294495,1.7823152542114258,0.6240019798278809,0.25928834080696106,0.16127094626426697,0.674410879611969,2.462608814239502,0.5006226897239685
41,,25241,,,,,,,,,,,,,,,,,,,,,,,,,,,,,,,,,0.9995966553688049,0.0025985760148614645,0.0025985760148614645,,,,,,,,,,,,,,,,,,,,,,,,,,,,,,,,
,8.52161924025692e-06,25242,,,,,,,,,,,,,,,,,,,,,,,,,,,,,,,,,,,,,,,,,,,,,,,,,,,,,,,,,,,,,,,,,,,
42,,25842,,,,,,,,,,,,,,,,,,,,,,,,,,,,,,,,,,,,0.7210526466369629,2.4043338298797607,0.677178144454956,2.072516918182373,0.6431488990783691,2.2174110412597656,0.6216780543327332,2.4451687335968018,0.7808765172958374,1.456276535987854,0.6467822194099426,0.24153080582618713,0.15066540241241455,0.6782121062278748,2.2727200984954834,0.6216780543327332,0.4881693720817566,3.4485678672790527,0.621761679649353,2.5203545093536377,0.5952438712120056,2.601374387741089,0.6452405452728271,2.339668035507202,0.7056276798248291,1.8579542636871338,0.6229475140571594,0.2617352306842804,0.155659481883049,0.6688532829284668,2.481635332107544,0.4881693720817566
42,,25842,,,,,,,,,,,,,,,,,,,,,,,,,,,,,,,,,0.9995836615562439,0.002155208494514227,0.002155208494514227,,,,,,,,,,,,,,,,,,,,,,,,,,,,,,,,
,6.794094153483128e-06,25843,,,,,,,,,,,,,,,,,,,,,,,,,,,,,,,,,,,,,,,,,,,,,,,,,,,,,,,,,,,,,,,,,,,
43,,26443,,,,,,,,,,,,,,,,,,,,,,,,,,,,,,,,,,,,0.7210526466369629,2.4536490440368652,0.673276960849762,2.06877064704895,0.6405496001243591,2.219228506088257,0.6269931793212891,2.4338581562042236,0.7808765172958374,1.4165704250335693,0.6475659608840942,0.240298330783844,0.1498188078403473,0.6858652234077454,2.2683115005493164,0.6269931793212891,0.5118306279182434,3.2749814987182617,0.6164278984069824,2.530160903930664,0.5942732095718384,2.6146514415740967,0.6471805572509766,2.3317062854766846,0.6969696879386902,1.830211877822876,0.6223951578140259,0.2616353929042816,0.15577837824821472,0.6757254600524902,2.4771549701690674,0.5118306279182434
43,,26443,,,,,,,,,,,,,,,,,,,,,,,,,,,,,,,,,0.9996227025985718,0.001986236311495304,0.001986236311495304,,,,,,,,,,,,,,,,,,,,,,,,,,,,,,,,
,5.279499846691265e-06,26444,,,,,,,,,,,,,,,,,,,,,,,,,,,,,,,,,,,,,,,,,,,,,,,,,,,,,,,,,,,,,,,,,,,
44,,27044,,,,,,,,,,,,,,,,,,,,,,,,,,,,,,,,,,,,0.7263157963752747,2.40708589553833,0.6739271879196167,2.055459499359131,0.6446342468261719,2.212920665740967,0.6203492879867554,2.4344358444213867,0.7729083895683289,1.4267586469650269,0.645563006401062,0.24281272292137146,0.14535342156887054,0.6893041133880615,2.2629199028015137,0.6203492879867554,0.503113329410553,3.3950157165527344,0.6197805404663086,2.527221202850342,0.5940305590629578,2.576855421066284,0.6462752223014832,2.3161182403564453,0.6926407217979431,1.8420146703720093,0.622596025466919,0.26142722368240356,0.1580449491739273,0.6690559983253479,2.4677679538726807,0.503113329410553
44,,27044,,,,,,,,,,,,,,,,,,,,,,,,,,,,,,,,,0.9997528195381165,0.0016977203777059913,0.0016977203777059913,,,,,,,,,,,,,,,,,,,,,,,,,,,,,,,,
,3.98521527109754e-06,27045,,,,,,,,,,,,,,,,,,,,,,,,,,,,,,,,,,,,,,,,,,,,,,,,,,,,,,,,,,,,,,,,,,,
45,,27645,,,,,,,,,,,,,,,,,,,,,,,,,,,,,,,,,,,,0.7210526466369629,2.4262189865112305,0.6762028336524963,2.0519230365753174,0.6431488990783691,2.213501214981079,0.6224373579025269,2.438152313232422,0.7808765172958374,1.4509282112121582,0.6468693017959595,0.24182948470115662,0.14376603066921234,0.6895121932029724,2.2645435333251953,0.6224373579025269,0.5043586492538452,3.34698486328125,0.6211521029472351,2.520400047302246,0.5964571833610535,2.599794387817383,0.6466631889343262,2.314563512802124,0.6969696879386902,1.8325608968734741,0.6239016056060791,0.2611062526702881,0.15581974387168884,0.6692765951156616,2.4674103260040283,0.5043586492538452
45,,27645,,,,,,,,,,,,,,,,,,,,,,,,,,,,,,,,,0.9996877312660217,0.0016026303637772799,0.0016026303637772799,,,,,,,,,,,,,,,,,,,,,,,,,,,,,,,,
,2.9175460510532266e-06,27646,,,,,,,,,,,,,,,,,,,,,,,,,,,,,,,,,,,,,,,,,,,,,,,,,,,,,,,,,,,,,,,,,,,
46,,28246,,,,,,,,,,,,,,,,,,,,,,,,,,,,,,,,,,,,0.7210526466369629,2.462156295776367,0.6758777499198914,2.0864500999450684,0.6416635513305664,2.2500083446502686,0.6269931793212891,2.4498543739318848,0.788844645023346,1.46644926071167,0.648698091506958,0.24177637696266174,0.1443752497434616,0.6724602580070496,2.2891056537628174,0.6269931793212891,0.5080946683883667,3.3658413887023926,0.6196281909942627,2.5554423332214355,0.599126398563385,2.622220516204834,0.6483445167541504,2.336458683013916,0.7027416825294495,1.8441174030303955,0.6249560713768005,0.2605122923851013,0.15484875440597534,0.6637006998062134,2.4933042526245117,0.5080946683883667
46,,28246,,,,,,,,,,,,,,,,,,,,,,,,,,,,,,,,,0.9997528195381165,0.0013803245965391397,0.0013803245965391397,,,,,,,,,,,,,,,,,,,,,,,,,,,,,,,,
,2.081693763676619e-06,28247,,,,,,,,,,,,,,,,,,,,,,,,,,,,,,,,,,,,,,,,,,,,,,,,,,,,,,,,,,,,,,,,,,,
47,,28847,,,,,,,,,,,,,,,,,,,,,,,,,,,,,,,,,,,,0.7263157963752747,2.436352252960205,0.672951877117157,2.078031301498413,0.6427775621414185,2.2543113231658936,0.6269931793212891,2.448373317718506,0.7808765172958374,1.466238260269165,0.6480884552001953,0.2426944375038147,0.1431601345539093,0.6725033521652222,2.2860140800476074,0.6269931793212891,0.5043586492538452,3.4985172748565674,0.6203901171684265,2.5517523288726807,0.6000970602035522,2.629354238510132,0.6444645524024963,2.3298330307006836,0.709956705570221,1.8326257467269897,0.6240019798278809,0.26263874769210815,0.15231475234031677,0.6581847667694092,2.495783805847168,0.5043586492538452
47,,28847,,,,,,,,,,,,,,,,,,,,,,,,,,,,,,,,,0.9997658133506775,0.0013992716558277607,0.0013992716558277607,,,,,,,,,,,,,,,,,,,,,,,,,,,,,,,,
,1.4817305972922728e-06,28848,,,,,,,,,,,,,,,,,,,,,,,,,,,,,,,,,,,,,,,,,,,,,,,,,,,,,,,,,,,,,,,,,,,
48,,29448,,,,,,,,,,,,,,,,,,,,,,,,,,,,,,,,,,,,0.7157894968986511,2.4709534645080566,0.6706762313842773,2.0608434677124023,0.6472335457801819,2.213068723678589,0.6262338757514954,2.432777166366577,0.7768924236297607,1.4814740419387817,0.6479142904281616,0.2410387247800827,0.14389203488826752,0.6866474747657776,2.2656266689300537,0.6262338757514954,0.5018680095672607,3.473759174346924,0.6185613870620728,2.5337600708007812,0.5966998338699341,2.5917246341705322,0.6487325429916382,2.3098764419555664,0.6926407217979431,1.8597315549850464,0.6236504912376404,0.26155903935432434,0.1552295833826065,0.6661385297775269,2.474503517150879,0.5018680095672607
48,,29448,,,,,,,,,,,,,,,,,,,,,,,,,,,,,,,,,0.9998308420181274,0.001207156223244965,0.001207156223244965,,,,,,,,,,,,,,,,,,,,,,,,,,,,,,,,
,1.1205795121387022e-06,29449,,,,,,,,,,,,,,,,,,,,,,,,,,,,,,,,,,,,,,,,,,,,,,,,,,,,,,,,,,,,,,,,,,,
49,,30049,,,,,,,,,,,,,,,,,,,,,,,,,,,,,,,,,,,,0.7105262875556946,2.492901563644409,0.6719765663146973,2.089174509048462,0.6468622088432312,2.2352471351623535,0.6243355870246887,2.4372761249542236,0.7848605513572693,1.5092922449111938,0.6473917961120605,0.24273087084293365,0.14334042370319366,0.672034502029419,2.2812488079071045,0.6243355870246887,0.4993773400783539,3.511347532272339,0.6167327165603638,2.5682852268218994,0.6003397107124329,2.6239097118377686,0.6439472436904907,2.3382346630096436,0.6984127163887024,1.8930468559265137,0.6220436692237854,0.2649269104003906,0.1508660763502121,0.6563777327537537,2.5061135292053223,0.4993773400783539
49,,30049,,,,,,,,,,,,,,,,,,,,,,,,,,,,,,,,,0.9997918605804443,0.001207824214361608,0.001207824214361608,,,,,,,,,,,,,,,,,,,,,,,,,,,,,,,,
50,,30050,0.7320573925971985,1.2402708530426025,0.6325878500938416,2.100726842880249,0.6141491532325745,2.2431180477142334,0.5959223508834839,2.3346056938171387,0.7247706651687622,1.5480120182037354,0.6151673197746277,0.23823371529579163,0.21421591937541962,0.8559520244598389,2.2302215099334717,0.5959223508834839,0.34901657700538635,4.19593620300293,0.5695413947105408,2.5142807960510254,0.57163006067276,2.4659318923950195,0.5573574304580688,2.56404185295105,0.6501501798629761,2.1802079677581787,0.5434231758117676,0.2924093008041382,0.2537231147289276,0.840989887714386,2.7103326320648193,0.34901657700538635,,,,,,,,,,,,,,,,,,,,,,,,,,,,,,,,,,,
