epoch,lr-Adam,lr-Adam-1,lr-Adam-2,step,test/test-id-hr-domain-acc,test/test-id-hr-domain-acc-africa,test/test-id-hr-domain-acc-americas,test/test-id-hr-domain-acc-asia,test/test-id-hr-domain-acc-europe,test/test-id-hr-domain-acc-oceania,test/test-id-lr-domain-acc,test/test-id-lr-domain-acc-africa,test/test-id-lr-domain-acc-americas,test/test-id-lr-domain-acc-asia,test/test-id-lr-domain-acc-europe,test/test-id-lr-domain-acc-oceania,test/test-id-region-africa-task-acc,test/test-id-region-africa-task-loss,test/test-id-region-americas-task-acc,test/test-id-region-americas-task-loss,test/test-id-region-asia-task-acc,test/test-id-region-asia-task-loss,test/test-id-region-europe-task-acc,test/test-id-region-europe-task-loss,test/test-id-region-oceania-task-acc,test/test-id-region-oceania-task-loss,test/test-id-task-acc,test/test-id-task-ece,test/test-id-task-entropy-correct,test/test-id-task-entropy-incorrect,test/test-id-task-loss,test/test-id-worst-group-task-acc,test/test-od-hr-domain-acc,test/test-od-hr-domain-acc-africa,test/test-od-hr-domain-acc-americas,test/test-od-hr-domain-acc-asia,test/test-od-hr-domain-acc-europe,test/test-od-hr-domain-acc-oceania,test/test-od-lr-domain-acc,test/test-od-lr-domain-acc-africa,test/test-od-lr-domain-acc-americas,test/test-od-lr-domain-acc-asia,test/test-od-lr-domain-acc-europe,test/test-od-lr-domain-acc-oceania,test/test-od-region-africa-task-acc,test/test-od-region-africa-task-loss,test/test-od-region-americas-task-acc,test/test-od-region-americas-task-loss,test/test-od-region-asia-task-acc,test/test-od-region-asia-task-loss,test/test-od-region-europe-task-acc,test/test-od-region-europe-task-loss,test/test-od-region-oceania-task-acc,test/test-od-region-oceania-task-loss,test/test-od-task-acc,test/test-od-task-ece,test/test-od-task-entropy-correct,test/test-od-task-entropy-incorrect,test/test-od-task-loss,test/test-od-worst-group-task-acc,train/train-hr-domain-acc,train/train-hr-domain-acc-africa,train/train-hr-domain-acc-americas,train/train-hr-domain-acc-asia,train/train-hr-domain-acc-europe,train/train-hr-domain-acc-oceania,train/train-hr-domain-acc-other,train/train-hr-domain-loss,train/train-lr-domain-acc,train/train-lr-domain-acc-africa,train/train-lr-domain-acc-americas,train/train-lr-domain-acc-asia,train/train-lr-domain-acc-europe,train/train-lr-domain-acc-oceania,train/train-lr-domain-acc-other,train/train-lr-domain-loss,train/train-task-acc,train/train-task-loss,val/val-id-hr-domain-acc,val/val-id-hr-domain-acc-africa,val/val-id-hr-domain-acc-americas,val/val-id-hr-domain-acc-asia,val/val-id-hr-domain-acc-europe,val/val-id-hr-domain-acc-oceania,val/val-id-lr-domain-acc,val/val-id-lr-domain-acc-africa,val/val-id-lr-domain-acc-americas,val/val-id-lr-domain-acc-asia,val/val-id-lr-domain-acc-europe,val/val-id-lr-domain-acc-oceania,val/val-id-region-africa-task-acc,val/val-id-region-africa-task-loss,val/val-id-region-americas-task-acc,val/val-id-region-americas-task-loss,val/val-id-region-asia-task-acc,val/val-id-region-asia-task-loss,val/val-id-region-europe-task-acc,val/val-id-region-europe-task-loss,val/val-id-region-oceania-task-acc,val/val-id-region-oceania-task-loss,val/val-id-task-acc,val/val-id-task-ece,val/val-id-task-entropy-correct,val/val-id-task-entropy-incorrect,val/val-id-task-loss,val/val-id-worst-group-task-acc,val/val-od-hr-domain-acc,val/val-od-hr-domain-acc-africa,val/val-od-hr-domain-acc-americas,val/val-od-hr-domain-acc-asia,val/val-od-hr-domain-acc-europe,val/val-od-hr-domain-acc-oceania,val/val-od-lr-domain-acc,val/val-od-lr-domain-acc-africa,val/val-od-lr-domain-acc-americas,val/val-od-lr-domain-acc-asia,val/val-od-lr-domain-acc-europe,val/val-od-lr-domain-acc-oceania,val/val-od-region-africa-task-acc,val/val-od-region-africa-task-loss,val/val-od-region-americas-task-acc,val/val-od-region-americas-task-loss,val/val-od-region-asia-task-acc,val/val-od-region-asia-task-loss,val/val-od-region-europe-task-acc,val/val-od-region-europe-task-loss,val/val-od-region-oceania-task-acc,val/val-od-region-oceania-task-loss,val/val-od-task-acc,val/val-od-task-ece,val/val-od-task-entropy-correct,val/val-od-task-entropy-incorrect,val/val-od-task-loss,val/val-od-worst-group-task-acc
,2e-05,1e-05,1e-05,0,,,,,,,,,,,,,,,,,,,,,,,,,,,,,,,,,,,,,,,,,,,,,,,,,,,,,,,,,,,,,,,,,,,,,,,,,,,,,,,,,,,,,,,,,,,,,,,,,,,,,,,,,,,,,,,,,,,,,,,,,,,,,,,,,,
0,,,,960,,,,,,,,,,,,,,,,,,,,,,,,,,,,,,,,,,,,,,,,,,,,,,,,,,,,,,,,,,,,,,,,,,,,,,,,,,,0.47992685437202454,0.0,0.1521456390619278,0.150018572807312,0.880599856376648,0.0,0.9628145694732666,0.0,0.9986996054649353,0.9892313480377197,0.9922171831130981,0.37051793932914734,0.557894766330719,1.9969793558120728,0.46814045310020447,2.3116536140441895,0.448941707611084,2.6966283321380615,0.4299544394016266,2.8468990325927734,0.5498008131980896,2.0645551681518555,0.4495340883731842,0.2435120940208435,0.5310263633728027,1.324718713760376,2.6421141624450684,0.4299544394016266,0.4178759753704071,0.0,0.1354769915342331,0.13880126178264618,0.8873512744903564,0.0,0.9131810069084167,0.0,0.9996952414512634,0.9934481978416443,0.9582255482673645,0.17748917639255524,0.4097135663032532,2.5848655700683594,0.4324900805950165,2.521656036376953,0.44164037704467773,2.6938018798828125,0.49508535861968994,2.5426459312438965,0.4675324559211731,2.262124538421631,0.4589003324508667,0.2356601059436798,0.5322633385658264,1.353103518486023,2.5594482421875,0.4097135663032532
0,,,,960,,,,,,,,,,,,,,,,,,,,,,,,,,,,,,,,,,,,,,,,,,,,,,,,,,,,,,,,,0.36848679184913635,0.025284450501203537,0.281075656414032,0.2068055421113968,0.5371381044387817,0.0006093845004215837,0.0714285746216774,1.457750916481018,0.9390344023704529,0.10176990926265717,0.9809755682945251,0.9531136155128479,0.9726275205612183,0.36867764592170715,0.0,0.27486369013786316,0.27006492018699646,2.975686550140381,,,,,,,,,,,,,,,,,,,,,,,,,,,,,,,,,,,,,,,,,,,,,,,,,,,,,,,,
,2e-05,1e-05,1e-05,961,,,,,,,,,,,,,,,,,,,,,,,,,,,,,,,,,,,,,,,,,,,,,,,,,,,,,,,,,,,,,,,,,,,,,,,,,,,,,,,,,,,,,,,,,,,,,,,,,,,,,,,,,,,,,,,,,,,,,,,,,,,,,,,,,,
1,,,,1921,,,,,,,,,,,,,,,,,,,,,,,,,,,,,,,,,,,,,,,,,,,,,,,,,,,,,,,,,,,,,,,,,,,,,,,,,,,0.5509884357452393,0.0,0.26235371828079224,0.2655031681060791,0.9121108651161194,0.0,0.9702168703079224,0.17894737422466278,0.999674916267395,0.9896026849746704,0.986522376537323,0.6772908568382263,0.6421052813529968,1.7503550052642822,0.5757477283477783,2.024256706237793,0.5454882979393005,2.3940212726593018,0.5206909775733948,2.6474857330322266,0.6334661245346069,1.8142796754837036,0.5457633137702942,0.24830982089042664,0.31786036491394043,0.9764707684516907,2.3899600505828857,0.5206909775733948,0.4843585193157196,0.0,0.226760134100914,0.2853676378726959,0.90300053358078,0.0,0.9473763704299927,0.29265254735946655,1.0,0.9934481978416443,0.9578375816345215,0.822510838508606,0.48692402243614197,2.6410300731658936,0.5312404632568359,2.325899362564087,0.5163795351982117,2.58284592628479,0.5744956135749817,2.3191282749176025,0.5945165753364563,2.0402424335479736,0.5453678369522095,0.24484248459339142,0.32611966133117676,0.9913403391838074,2.379469394683838,0.48692402243614197
1,,,,1921,,,,,,,,,,,,,,,,,,,,,,,,,,,,,,,,,,,,,,,,,,,,,,,,,,,,,,,,,0.44231945276260376,0.012642225250601768,0.2449101209640503,0.21343141794204712,0.7191664576530457,0.0003046922502107918,0.0357142873108387,1.1435880661010742,0.9563574194908142,0.25,0.9896056652069092,0.9704362750053406,0.9840303063392639,0.4969530701637268,0.0,0.09861189872026443,0.5214472413063049,1.774761438369751,,,,,,,,,,,,,,,,,,,,,,,,,,,,,,,,,,,,,,,,,,,,,,,,,,,,,,,,
,2e-05,1e-05,1e-05,1922,,,,,,,,,,,,,,,,,,,,,,,,,,,,,,,,,,,,,,,,,,,,,,,,,,,,,,,,,,,,,,,,,,,,,,,,,,,,,,,,,,,,,,,,,,,,,,,,,,,,,,,,,,,,,,,,,,,,,,,,,,,,,,,,,,
2,,,,2882,,,,,,,,,,,,,,,,,,,,,,,,,,,,,,,,,,,,,,,,,,,,,,,,,,,,,,,,,,,,,,,,,,,,,,,,,,,0.6117739081382751,0.0,0.39141741394996643,0.423691064119339,0.8883826732635498,0.0,0.9716972708702087,0.24210526049137115,1.0,0.9896026849746704,0.9863325953483582,0.6972111463546753,0.6736842393875122,1.7923195362091064,0.6059817671775818,2.0145606994628906,0.587820291519165,2.3291397094726562,0.5438496470451355,2.7206852436065674,0.7091633677482605,1.8998501300811768,0.5766785740852356,0.2540065348148346,0.2486763447523117,0.8342075347900391,2.404421806335449,0.5438496470451355,0.5406477451324463,0.0,0.3392258584499359,0.43363261222839355,0.8735126852989197,0.0,0.9495857357978821,0.34246575832366943,1.0,0.9939334988594055,0.9575788974761963,0.8282828330993652,0.48567870259284973,2.7621352672576904,0.5580615401268005,2.2970094680786133,0.5544770956039429,2.5443713665008545,0.5950595140457153,2.387091875076294,0.6767676472663879,1.9768635034561157,0.572884738445282,0.25069743394851685,0.25909554958343506,0.8612924814224243,2.391021966934204,0.48567870259284973
2,,,,2882,,,,,,,,,,,,,,,,,,,,,,,,,,,,,,,,,,,,,,,,,,,,,,,,,,,,,,,,,0.4873996675014496,0.008428149856626987,0.26980721950531006,0.26117879152297974,0.7794787883758545,0.00020312817650847137,0.02380952425301075,1.0524159669876099,0.9657139182090759,0.3767383098602295,0.9925777316093445,0.976397693157196,0.9878791570663452,0.6286817193031311,0.0,0.06779060512781143,0.605948269367218,1.433292269706726,,,,,,,,,,,,,,,,,,,,,,,,,,,,,,,,,,,,,,,,,,,,,,,,,,,,,,,,
,2e-05,1e-05,1e-05,2883,,,,,,,,,,,,,,,,,,,,,,,,,,,,,,,,,,,,,,,,,,,,,,,,,,,,,,,,,,,,,,,,,,,,,,,,,,,,,,,,,,,,,,,,,,,,,,,,,,,,,,,,,,,,,,,,,,,,,,,,,,,,,,,,,,
3,,,,3843,,,,,,,,,,,,,,,,,,,,,,,,,,,,,,,,,,,,,,,,,,,,,,,,,,,,,,,,,,,,,,,,,,,,,,,,,,,0.6429504752159119,0.0,0.4661898612976074,0.48533234000205994,0.881169319152832,0.0,0.9756161570549011,0.2631579041481018,1.0,0.987746000289917,0.9867122173309326,0.8725099563598633,0.6684210300445557,1.91576087474823,0.618335485458374,2.0239858627319336,0.6008169054985046,2.394374132156372,0.5571374297142029,2.756749153137207,0.7290836572647095,1.889699101448059,0.5894801020622253,0.2578509449958801,0.21179336309432983,0.7726680636405945,2.4422531127929688,0.5571374297142029,0.570374071598053,0.0,0.4117647111415863,0.49041494727134705,0.8582514524459839,0.0,0.9559628367424011,0.36239102482795715,1.0,0.9929628968238831,0.962622880935669,0.9379509091377258,0.4931506812572479,2.9339723587036133,0.5754343271255493,2.323586940765381,0.5617568492889404,2.696784019470215,0.6074753999710083,2.3961551189422607,0.663780689239502,2.0708837509155273,0.5847853422164917,0.2573627233505249,0.22369921207427979,0.7825871706008911,2.445186138153076,0.4931506812572479
3,,,,3843,,,,,,,,,,,,,,,,,,,,,,,,,,,,,,,,,,,,,,,,,,,,,,,,,,,,,,,,,0.5192030072212219,0.006321112625300884,0.30263909697532654,0.3031192123889923,0.8085650205612183,0.0001523461251053959,0.01785714365541935,0.9874956607818604,0.971039354801178,0.4574905037879944,0.9942068457603455,0.979406476020813,0.9896096587181091,0.7100853323936462,0.0,0.054139625281095505,0.6546192765235901,1.2330858707427979,,,,,,,,,,,,,,,,,,,,,,,,,,,,,,,,,,,,,,,,,,,,,,,,,,,,,,,,
,2e-05,1e-05,1e-05,3844,,,,,,,,,,,,,,,,,,,,,,,,,,,,,,,,,,,,,,,,,,,,,,,,,,,,,,,,,,,,,,,,,,,,,,,,,,,,,,,,,,,,,,,,,,,,,,,,,,,,,,,,,,,,,,,,,,,,,,,,,,,,,,,,,,
4,,,,4804,,,,,,,,,,,,,,,,,,,,,,,,,,,,,,,,,,,,,,,,,,,,,,,,,,,,,,,,,,,,,,,,,,,,,,,,,,,0.6643733978271484,0.005263158120214939,0.5156046748161316,0.5332342982292175,0.8743355870246887,0.0,0.9794479012489319,0.6842105388641357,1.0,0.963238000869751,0.9867122173309326,0.9920318722724915,0.6842105388641357,1.9976297616958618,0.6147594451904297,2.234271764755249,0.6034162640571594,2.4770431518554688,0.559415340423584,2.9697787761688232,0.737051784992218,1.902711272239685,0.5906122326850891,0.2732875347137451,0.17514270544052124,0.6941635012626648,2.615269899368286,0.559415340423584,0.5944765210151672,0.0,0.4551965892314911,0.5399174690246582,0.8570874333381653,0.0,0.9650514721870422,0.6077210307121277,1.0,0.9776753187179565,0.9643042087554932,0.9870129823684692,0.4931506812572479,3.0856051445007324,0.5771106481552124,2.4957447052001953,0.5639407634735107,2.8235955238342285,0.6179513931274414,2.5827791690826416,0.6998556852340698,1.9538421630859375,0.5911122560501099,0.26574811339378357,0.19511379301548004,0.7149574160575867,2.6023004055023193,0.4931506812572479
4,,,,4804,,,,,,,,,,,,,,,,,,,,,,,,,,,,,,,,,,,,,,,,,,,,,,,,,,,,,,,,,0.5434994697570801,0.006321112625300884,0.3345158100128174,0.3382447063922882,0.8250402212142944,0.00012187690299469978,0.014285714365541935,0.9371239542961121,0.9745651483535767,0.5159292221069336,0.9952415227890015,0.9812678694725037,0.9908202886581421,0.7597806453704834,0.0,0.045805424451828,0.6991530656814575,1.073822021484375,,,,,,,,,,,,,,,,,,,,,,,,,,,,,,,,,,,,,,,,,,,,,,,,,,,,,,,,
,2e-05,1e-05,1e-05,4805,,,,,,,,,,,,,,,,,,,,,,,,,,,,,,,,,,,,,,,,,,,,,,,,,,,,,,,,,,,,,,,,,,,,,,,,,,,,,,,,,,,,,,,,,,,,,,,,,,,,,,,,,,,,,,,,,,,,,,,,,,,,,,,,,,
5,,,,5765,,,,,,,,,,,,,,,,,,,,,,,,,,,,,,,,,,,,,,,,,,,,,,,,,,,,,,,,,,,,,,,,,,,,,,,,,,,0.6679438948631287,0.1631578952074051,0.5477893352508545,0.4990716576576233,0.8750948905944824,0.0,0.9791865944862366,0.3052631616592407,1.0,0.9892313480377197,0.986522376537323,0.9920318722724915,0.6947368383407593,2.1790904998779297,0.6284134984016418,2.41512393951416,0.6082435846328735,2.6759166717529297,0.5664388537406921,3.119832992553711,0.7330677509307861,2.2195940017700195,0.5987111330032349,0.27759218215942383,0.15951251983642578,0.6241633892059326,2.7911620140075684,0.5664388537406921,0.6021592020988464,0.06226649880409241,0.4888753294944763,0.5158941745758057,0.8546301126480103,0.0,0.9605322480201721,0.47073474526405334,1.0,0.9927201867103577,0.9599068760871887,0.9754689931869507,0.4881693720817566,3.4204351902008057,0.5760439038276672,2.7396554946899414,0.5668526887893677,3.042102098464966,0.6107087135314941,2.753368854522705,0.6767676472663879,2.360921859741211,0.5875470638275146,0.2812180519104004,0.16806669533252716,0.6471401453018188,2.822200059890747,0.4881693720817566
5,,,,5765,,,,,,,,,,,,,,,,,,,,,,,,,,,,,,,,,,,,,,,,,,,,,,,,,,,,,,,,,0.5624357461929321,0.016118837520480156,0.3613296449184418,0.3671739101409912,0.835453987121582,0.00010156408825423568,0.011904762126505375,0.9010472893714905,0.9770370721817017,0.5595238208770752,0.9959233403205872,0.9826585650444031,0.9915891289710999,0.7934186458587646,0.0,0.04025833681225777,0.7320036888122559,0.9402824640274048,,,,,,,,,,,,,,,,,,,,,,,,,,,,,,,,,,,,,,,,,,,,,,,,,,,,,,,,
,2e-05,1e-05,1e-05,5766,,,,,,,,,,,,,,,,,,,,,,,,,,,,,,,,,,,,,,,,,,,,,,,,,,,,,,,,,,,,,,,,,,,,,,,,,,,,,,,,,,,,,,,,,,,,,,,,,,,,,,,,,,,,,,,,,,,,,,,,,,,,,,,,,,
6,,,,6726,,,,,,,,,,,,,,,,,,,,,,,,,,,,,,,,,,,,,,,,,,,,,,,,,,,,,,,,,,,,,,,,,,,,,,,,,,,0.6844030022621155,0.205263152718544,0.5656697154045105,0.5354623198509216,0.8804100155830383,0.0,0.9817121028900146,0.6842105388641357,1.0,0.9736353754997253,0.9863325953483582,0.9920318722724915,0.6578947305679321,2.34930157661438,0.6300390362739563,2.5021281242370605,0.6037876009941101,2.96136474609375,0.5613135695457458,3.3461220264434814,0.7529880404472351,2.2587969303131104,0.5955760478973389,0.28561004996299744,0.1494639664888382,0.5927366018295288,2.988274097442627,0.5613135695457458,0.6155661344528198,0.06475716084241867,0.5003047585487366,0.5493811964988708,0.8613554239273071,0.0,0.9662063717842102,0.6164383292198181,1.0,0.9827711582183838,0.9646921753883362,0.9754689931869507,0.5080946683883667,3.4795215129852295,0.5736055970191956,2.8744266033172607,0.5651540756225586,3.2261760234832764,0.6151060461997986,2.928678035736084,0.6782106757164001,2.538945436477661,0.5889530777931213,0.285877525806427,0.15855352580547333,0.6283309459686279,2.9810938835144043,0.5080946683883667
6,,,,6726,,,,,,,,,,,,,,,,,,,,,,,,,,,,,,,,,,,,,,,,,,,,,,,,,,,,,,,,,0.5778946280479431,0.03223767504096031,0.3845079839229584,0.390749454498291,0.8428308963775635,8.705493382876739e-05,0.010204081423580647,0.8720799684524536,0.9789755940437317,0.5944554805755615,0.9964308142662048,0.9836840033531189,0.992240846157074,0.8190998435020447,0.0,0.035648975521326065,0.7636704444885254,0.8261231780052185,,,,,,,,,,,,,,,,,,,,,,,,,,,,,,,,,,,,,,,,,,,,,,,,,,,,,,,,
,2e-05,1e-05,1e-05,6727,,,,,,,,,,,,,,,,,,,,,,,,,,,,,,,,,,,,,,,,,,,,,,,,,,,,,,,,,,,,,,,,,,,,,,,,,,,,,,,,,,,,,,,,,,,,,,,,,,,,,,,,,,,,,,,,,,,,,,,,,,,,,,,,,,
7,,,,7687,,,,,,,,,,,,,,,,,,,,,,,,,,,,,,,,,,,,,,,,,,,,,,,,,,,,,,,,,,,,,,,,,,,,,,,,,,,0.6993817090988159,0.34210526943206787,0.5916774868965149,0.5803936123847961,0.8699696063995361,0.0,0.9860663414001465,0.7315789461135864,1.0,0.9884886741638184,0.986522376537323,0.9920318722724915,0.6684210300445557,2.375032424926758,0.6206111907958984,2.6725406646728516,0.6089862585067749,3.047029733657837,0.5645406246185303,3.518934726715088,0.7450199127197266,2.3429183959960938,0.5958372950553894,0.29385697841644287,0.1322818398475647,0.5514565110206604,3.1347928047180176,0.5645406246185303,0.6236003041267395,0.10709837824106216,0.5144773125648499,0.5799562931060791,0.8493274450302124,0.0,0.9682651162147522,0.6313822865486145,1.0,0.9927201867103577,0.9631401896476746,0.9754689931869507,0.5018680095672607,4.167237758636475,0.5780249834060669,3.1093709468841553,0.5581169724464417,3.4732155799865723,0.6110967397689819,3.104849338531494,0.6940836906433105,2.588639497756958,0.5877479314804077,0.29582542181015015,0.14220349490642548,0.570256769657135,3.2073116302490234,0.5018680095672607
7,,,,7687,,,,,,,,,,,,,,,,,,,,,,,,,,,,,,,,,,,,,,,,,,,,,,,,,,,,,,,,,0.5908108949661255,0.05191213637590408,0.4045260548591614,0.4110000431537628,0.8480368256568909,7.617306255269796e-05,0.008928571827709675,0.8505332469940186,0.9804554581642151,0.6232616901397705,0.9967994689941406,0.9844671487808228,0.99267578125,0.8382084369659424,0.0,0.033563293516635895,0.7909137010574341,0.722836434841156,,,,,,,,,,,,,,,,,,,,,,,,,,,,,,,,,,,,,,,,,,,,,,,,,,,,,,,,
,2e-05,1e-05,1e-05,7688,,,,,,,,,,,,,,,,,,,,,,,,,,,,,,,,,,,,,,,,,,,,,,,,,,,,,,,,,,,,,,,,,,,,,,,,,,,,,,,,,,,,,,,,,,,,,,,,,,,,,,,,,,,,,,,,,,,,,,,,,,,,,,,,,,
8,,,,8648,,,,,,,,,,,,,,,,,,,,,,,,,,,,,,,,,,,,,,,,,,,,,,,,,,,,,,,,,,,,,,,,,,,,,,,,,,,0.7029522061347961,0.35789474844932556,0.5815994739532471,0.5974749326705933,0.8743355870246887,0.0,0.9840633869171143,0.75789475440979,1.0,0.9806906580924988,0.9851936101913452,0.9920318722724915,0.678947389125824,2.8023970127105713,0.6209362745285034,2.9060709476470947,0.6089862585067749,3.2644588947296143,0.5599848031997681,3.8374054431915283,0.7689242959022522,2.2344865798950195,0.5944439768791199,0.3038044571876526,0.11642615497112274,0.5099252462387085,3.400602102279663,0.5599848031997681,0.6299272179603577,0.11332502961158752,0.5077720284461975,0.6000970602035522,0.8599327206611633,0.0,0.9678634405136108,0.6413449645042419,1.0,0.988352358341217,0.9633988738059998,0.9754689931869507,0.48692402243614197,4.639402389526367,0.5714721083641052,3.3535573482513428,0.5678233504295349,3.70671010017395,0.6076047420501709,3.4179527759552,0.6782106757164001,2.737074375152588,0.5850866436958313,0.30850833654403687,0.12820617854595184,0.5199283957481384,3.482111930847168,0.48692402243614197
8,,,,8648,,,,,,,,,,,,,,,,,,,,,,,,,,,,,,,,,,,,,,,,,,,,,,,,,,,,,,,,,0.6014930009841919,0.07199044525623322,0.4214996099472046,0.42789849638938904,0.8518401384353638,6.770939216949046e-05,0.007936508394777775,0.8344773650169373,0.9816990494728088,0.648827075958252,0.9971339106559753,0.985157310962677,0.9930172562599182,0.8527997732162476,0.0,0.030989238992333412,0.8143320083618164,0.6379728317260742,,,,,,,,,,,,,,,,,,,,,,,,,,,,,,,,,,,,,,,,,,,,,,,,,,,,,,,,
,2e-05,1e-05,1e-05,8649,,,,,,,,,,,,,,,,,,,,,,,,,,,,,,,,,,,,,,,,,,,,,,,,,,,,,,,,,,,,,,,,,,,,,,,,,,,,,,,,,,,,,,,,,,,,,,,,,,,,,,,,,,,,,,,,,,,,,,,,,,,,,,,,,,
9,,,,9609,,,,,,,,,,,,,,,,,,,,,,,,,,,,,,,,,,,,,,,,,,,,,,,,,,,,,,,,,,,,,,,,,,,,,,,,,,,0.7049551606178284,0.3526315689086914,0.6118335723876953,0.5673969388008118,0.876423716545105,0.0039840638637542725,0.9859792590141296,0.699999988079071,1.0,0.9896026849746704,0.9867122173309326,0.9960159659385681,0.6631578803062439,2.7788915634155273,0.6258127689361572,3.076495409011841,0.6238395571708679,3.5081989765167236,0.5620728731155396,4.174102306365967,0.7768924236297607,2.5179684162139893,0.6001045107841492,0.3047815263271332,0.10974341630935669,0.47580093145370483,3.6656949520111084,0.5620728731155396,0.63489830493927,0.11457036435604095,0.5371837615966797,0.5700072646141052,0.8634247183799744,0.0028860028833150864,0.9687672853469849,0.6214196681976318,1.0,0.9934481978416443,0.965080201625824,0.9754689931869507,0.5043586492538452,4.587041854858398,0.5731484293937683,3.576693296432495,0.5673380494117737,3.9109725952148438,0.6101914048194885,3.7076146602630615,0.6969696879386902,2.8940014839172363,0.5878985524177551,0.3117079436779022,0.11636699736118317,0.4915652871131897,3.7135777473449707,0.5043586492538452
9,,,,9609,,,,,,,,,,,,,,,,,,,,,,,,,,,,,,,,,,,,,,,,,,,,,,,,,,,,,,,,,0.6106852293014526,0.08994942903518677,0.43657559156417847,0.4423774480819702,0.8548225164413452,0.00024375380598939955,0.0071428571827709675,0.8206212520599365,0.9827185869216919,0.6699115037918091,0.9973966479301453,0.9856926202774048,0.9933047890663147,0.8649603724479675,0.0,0.029478685930371284,0.836215078830719,0.5584262013435364,,,,,,,,,,,,,,,,,,,,,,,,,,,,,,,,,,,,,,,,,,,,,,,,,,,,,,,,
,2e-05,1e-05,1e-05,9610,,,,,,,,,,,,,,,,,,,,,,,,,,,,,,,,,,,,,,,,,,,,,,,,,,,,,,,,,,,,,,,,,,,,,,,,,,,,,,,,,,,,,,,,,,,,,,,,,,,,,,,,,,,,,,,,,,,,,,,,,,,,,,,,,,
10,,,,10570,,,,,,,,,,,,,,,,,,,,,,,,,,,,,,,,,,,,,,,,,,,,,,,,,,,,,,,,,,,,,,,,,,,,,,,,,,,0.7007750868797302,0.36315789818763733,0.559167742729187,0.5766803026199341,0.892938494682312,0.0039840638637542725,0.9854567646980286,0.7473683953285217,1.0,0.9829186797142029,0.9872816801071167,0.9960159659385681,0.6526315808296204,3.1837823390960693,0.613459050655365,3.3339176177978516,0.6004456281661987,3.8757052421569824,0.5647304654121399,4.397858619689941,0.788844645023346,2.5595011711120605,0.5926151871681213,0.319078266620636,0.10077599436044693,0.4331243336200714,3.9267678260803223,0.5647304654121399,0.6277680397033691,0.1282689869403839,0.48537030816078186,0.5801990032196045,0.8821779489517212,0.0028860028833150864,0.9666081070899963,0.6400996446609497,1.0,0.9900509715080261,0.9593895673751831,0.9754689931869507,0.5018680095672607,4.571455001831055,0.5624809265136719,3.7480721473693848,0.5702499151229858,4.169737815856934,0.6091567277908325,3.875023603439331,0.7070707082748413,3.001823663711548,0.5848355293273926,0.3191729784011841,0.10872611403465271,0.46480077505111694,3.8914716243743896,0.5018680095672607
10,,,,10570,,,,,,,,,,,,,,,,,,,,,,,,,,,,,,,,,,,,,,,,,,,,,,,,,,,,,,,,,0.6184651851654053,0.10464314371347427,0.4495173394680023,0.45525500178337097,0.85693359375,0.0005539859412238002,0.006493506487458944,0.8090807199478149,0.9836048483848572,0.6884266138076782,0.9976159930229187,0.9861408472061157,0.9935661554336548,0.8754085898399353,0.0,0.027791010215878487,0.8546895384788513,0.48982834815979004,,,,,,,,,,,,,,,,,,,,,,,,,,,,,,,,,,,,,,,,,,,,,,,,,,,,,,,,
,2e-05,1e-05,1e-05,10571,,,,,,,,,,,,,,,,,,,,,,,,,,,,,,,,,,,,,,,,,,,,,,,,,,,,,,,,,,,,,,,,,,,,,,,,,,,,,,,,,,,,,,,,,,,,,,,,,,,,,,,,,,,,,,,,,,,,,,,,,,,,,,,,,,
11,,,,11531,,,,,,,,,,,,,,,,,,,,,,,,,,,,,,,,,,,,,,,,,,,,,,,,,,,,,,,,,,,,,,,,,,,,,,,,,,,0.7080031633377075,0.35789474844932556,0.595578670501709,0.5863349437713623,0.8826879262924194,0.0039840638637542725,0.982060432434082,0.75789475440979,1.0,0.9699220061302185,0.9861427545547485,0.9960159659385681,0.6578947305679321,3.1792562007904053,0.614109218120575,3.6645302772521973,0.6026735901832581,4.060884475708008,0.5527714490890503,4.6616435050964355,0.7649402618408203,2.8043906688690186,0.5873029828071594,0.3307839632034302,0.08827076107263565,0.40516388416290283,4.1933393478393555,0.5527714490890503,0.6377102732658386,0.12702366709709167,0.5254495739936829,0.5865081548690796,0.8705379962921143,0.0028860028833150864,0.9644489288330078,0.6488169431686401,1.0,0.9810725450515747,0.9577082395553589,0.9754689931869507,0.5043586492538452,4.895119667053223,0.5653764009475708,4.119003772735596,0.5661247372627258,4.515682220458984,0.6076047420501709,4.126141548156738,0.6839826703071594,3.1570611000061035,0.5835801959037781,0.328521192073822,0.10075477510690689,0.42302870750427246,4.201817035675049,0.5043586492538452
11,,,,11531,,,,,,,,,,,,,,,,,,,,,,,,,,,,,,,,,,,,,,,,,,,,,,,,,,,,,,,,,0.6253193020820618,0.1170986071228981,0.4608425199985504,0.46709996461868286,0.8586162328720093,0.0006093845004215837,0.0059523810632526875,0.7974672317504883,0.9843693971633911,0.7046459913253784,0.9977987408638,0.9866032004356384,0.993779182434082,0.8837091326713562,0.0,0.025685768574476242,0.8733070492744446,0.42484670877456665,,,,,,,,,,,,,,,,,,,,,,,,,,,,,,,,,,,,,,,,,,,,,,,,,,,,,,,,
,2e-05,1e-05,1e-05,11532,,,,,,,,,,,,,,,,,,,,,,,,,,,,,,,,,,,,,,,,,,,,,,,,,,,,,,,,,,,,,,,,,,,,,,,,,,,,,,,,,,,,,,,,,,,,,,,,,,,,,,,,,,,,,,,,,,,,,,,,,,,,,,,,,,
12,,,,12492,,,,,,,,,,,,,,,,,,,,,,,,,,,,,,,,,,,,,,,,,,,,,,,,,,,,,,,,,,,,,,,,,,,,,,,,,,,0.7174954414367676,0.35789474844932556,0.614109218120575,0.6160416007041931,0.8769931793212891,0.011952191591262817,0.9868501424789429,0.75789475440979,1.0,0.9896026849746704,0.986522376537323,0.9960159659385681,0.678947389125824,3.449906826019287,0.6212613582611084,3.8859150409698486,0.6004456281661987,4.257925510406494,0.5569475889205933,5.116159439086914,0.788844645023346,3.013324499130249,0.5914830565452576,0.3315284550189972,0.0846249908208847,0.3753725588321686,4.512579441070557,0.5569475889205933,0.6413256525993347,0.1282689869403839,0.526516318321228,0.6180538535118103,0.8614847660064697,0.008658008649945259,0.9675119519233704,0.6500622630119324,1.0,0.9939334988594055,0.9586135745048523,0.9754689931869507,0.49066001176834106,5.575809955596924,0.5615665912628174,4.49464225769043,0.5549623966217041,4.850675106048584,0.6060527563095093,4.52721643447876,0.6883116960525513,3.5373218059539795,0.5790610313415527,0.33689364790916443,0.0917244628071785,0.39677661657333374,4.59086275100708,0.49066001176834106
12,,,,12492,,,,,,,,,,,,,,,,,,,,,,,,,,,,,,,,,,,,,,,,,,,,,,,,,,,,,,,,,0.6314801573753357,0.1278809756040573,0.4713459312915802,0.4771139919757843,0.8602477312088013,0.0012656447943300009,0.005494505632668734,0.7867510318756104,0.985036313533783,0.7191967368125916,0.9979314208030701,0.9869815111160278,0.9939749240875244,0.890967071056366,0.0,0.02535117417573929,0.8879565000534058,0.3696227967739105,,,,,,,,,,,,,,,,,,,,,,,,,,,,,,,,,,,,,,,,,,,,,,,,,,,,,,,,
,2e-05,1e-05,1e-05,12493,,,,,,,,,,,,,,,,,,,,,,,,,,,,,,,,,,,,,,,,,,,,,,,,,,,,,,,,,,,,,,,,,,,,,,,,,,,,,,,,,,,,,,,,,,,,,,,,,,,,,,,,,,,,,,,,,,,,,,,,,,,,,,,,,,
13,,,,13453,,,,,,,,,,,,,,,,,,,,,,,,,,,,,,,,,,,,,,,,,,,,,,,,,,,,,,,,,,,,,,,,,,,,,,,,,,,0.7188016772270203,0.36315789818763733,0.6020806431770325,0.6416635513305664,0.8733865022659302,0.01593625545501709,0.9875468015670776,0.7473683953285217,1.0,0.9936873316764832,0.9863325953483582,0.9960159659385681,0.6526315808296204,3.76204776763916,0.6199609637260437,4.105395317077637,0.6093575954437256,4.596888542175293,0.5643507838249207,5.421437740325928,0.7569721341133118,3.375044584274292,0.595488965511322,0.33441394567489624,0.07769293338060379,0.3436167240142822,4.802651882171631,0.5643507838249207,0.6451418399810791,0.1282689869403839,0.5166108012199402,0.6542101502418518,0.8607087135314941,0.005772005766630173,0.9671102166175842,0.6425902843475342,1.0,0.9951468110084534,0.9577082395553589,0.9754689931869507,0.5068492889404297,5.896795272827148,0.5673575401306152,4.625800132751465,0.5595729351043701,5.155843257904053,0.6072167754173279,4.708282947540283,0.6623376607894897,3.9249463081359863,0.5820738077163696,0.34146660566329956,0.08404289186000824,0.36539438366889954,4.794243812561035,0.5068492889404297
13,,,,13453,,,,,,,,,,,,,,,,,,,,,,,,,,,,,,,,,,,,,,,,,,,,,,,,,,,,,,,,,0.6369932889938354,0.13739389181137085,0.48076099157333374,0.48633918166160583,0.8615415096282959,0.0024375380016863346,0.005102040711790323,0.7774174213409424,0.9856163263320923,0.7322105765342712,0.9980553388595581,0.987301766872406,0.9941282868385315,0.8972752094268799,0.0,0.02419269271194935,0.9004332423210144,0.3252726197242737,,,,,,,,,,,,,,,,,,,,,,,,,,,,,,,,,,,,,,,,,,,,,,,,,,,,,,,,
,2e-05,1e-05,1e-05,13454,,,,,,,,,,,,,,,,,,,,,,,,,,,,,,,,,,,,,,,,,,,,,,,,,,,,,,,,,,,,,,,,,,,,,,,,,,,,,,,,,,,,,,,,,,,,,,,,,,,,,,,,,,,,,,,,,,,,,,,,,,,,,,,,,,
14,,,,14414,,,,,,,,,,,,,,,,,,,,,,,,,,,,,,,,,,,,,,,,,,,,,,,,,,,,,,,,,,,,,,,,,,,,,,,,,,,0.7185404300689697,0.36315789818763733,0.6248374581336975,0.5985889434814453,0.881169319152832,0.023904383182525635,0.9878080487251282,0.7684210538864136,1.0,0.9910880327224731,0.9874715209007263,0.9960159659385681,0.6631578803062439,3.787707805633545,0.6118335723876953,4.371771812438965,0.5915336012840271,4.882358074188232,0.5550493597984314,5.788424015045166,0.7848605513572693,3.4496700763702393,0.5857354402542114,0.3430514633655548,0.07226523756980896,0.34445443749427795,5.1143693923950195,0.5550493597984314,0.6447401642799377,0.12951432168483734,0.5435842871665955,0.5913613438606262,0.8700206875801086,0.007215007208287716,0.9679136276245117,0.6475716233253479,1.0,0.9944188594818115,0.9596481919288635,0.9754689931869507,0.5043586492538452,6.098029136657715,0.5606522560119629,4.92199182510376,0.5515651702880859,5.5099310874938965,0.6060527563095093,5.083456516265869,0.6839826703071594,3.9640204906463623,0.5784082412719727,0.347891628742218,0.07823044806718826,0.35073137283325195,5.119876861572266,0.5043586492538452
14,,,,14414,,,,,,,,,,,,,,,,,,,,,,,,,,,,,,,,,,,,,,,,,,,,,,,,,,,,,,,,,0.6418415307998657,0.14580699801445007,0.48901602625846863,0.4946749806404114,0.8625727891921997,0.0035750558599829674,0.004761904943734407,0.7707352042198181,0.9861068725585938,0.7433207035064697,0.9981595277786255,0.9875980019569397,0.994255542755127,0.9022953510284424,0.0,0.02450082264840603,0.913417398929596,0.2832085192203522,,,,,,,,,,,,,,,,,,,,,,,,,,,,,,,,,,,,,,,,,,,,,,,,,,,,,,,,
,2e-05,1e-05,1e-05,14415,,,,,,,,,,,,,,,,,,,,,,,,,,,,,,,,,,,,,,,,,,,,,,,,,,,,,,,,,,,,,,,,,,,,,,,,,,,,,,,,,,,,,,,,,,,,,,,,,,,,,,,,,,,,,,,,,,,,,,,,,,,,,,,,,,
15,,,,15375,,,,,,,,,,,,,,,,,,,,,,,,,,,,,,,,,,,,,,,,,,,,,,,,,,,,,,,,,,,,,,,,,,,,,,,,,,,0.7220238447189331,0.36315789818763733,0.6196358799934387,0.6201262474060059,0.8807896971702576,0.023904383182525635,0.9786641001701355,0.7631579041481018,1.0,0.9524693489074707,0.9874715209007263,0.9960159659385681,0.6736842393875122,4.385801792144775,0.6202861070632935,4.675109386444092,0.6082435846328735,5.462182998657227,0.561123788356781,6.067759037017822,0.7609561681747437,4.0478129386901855,0.5942698121070862,0.34202051162719727,0.07065583020448685,0.3042184114456177,5.479361057281494,0.561123788356781,0.6517198085784912,0.1282689869403839,0.541603147983551,0.6306721568107605,0.8691153526306152,0.0043290043249726295,0.9662566184997559,0.6550436019897461,1.0,0.9733074307441711,0.9658561944961548,0.9754689931869507,0.5143212676048279,6.346141815185547,0.5621761679649353,5.301705360412598,0.5607861876487732,6.017124176025391,0.6074753999710083,5.352323055267334,0.6695526838302612,4.478237628936768,0.581320583820343,0.3491832911968231,0.0711105614900589,0.3268101215362549,5.482015609741211,0.5143212676048279
15,,,,15375,,,,,,,,,,,,,,,,,,,,,,,,,,,,,,,,,,,,,,,,,,,,,,,,,,,,,,,,,0.6462650895118713,0.15308944880962372,0.4966772794723511,0.5022074580192566,0.863494873046875,0.004532297607511282,0.004464285913854837,0.7632001638412476,0.9865840673446655,0.7541877627372742,0.9982507228851318,0.9878748059272766,0.9943883419036865,0.9071831107139587,0.0,0.02273649163544178,0.923253059387207,0.24705925583839417,,,,,,,,,,,,,,,,,,,,,,,,,,,,,,,,,,,,,,,,,,,,,,,,,,,,,,,,
,2e-05,1e-05,1e-05,15376,,,,,,,,,,,,,,,,,,,,,,,,,,,,,,,,,,,,,,,,,,,,,,,,,,,,,,,,,,,,,,,,,,,,,,,,,,,,,,,,,,,,,,,,,,,,,,,,,,,,,,,,,,,,,,,,,,,,,,,,,,,,,,,,,,
16,,,,16336,,,,,,,,,,,,,,,,,,,,,,,,,,,,,,,,,,,,,,,,,,,,,,,,,,,,,,,,,,,,,,,,,,,,,,,,,,,0.7251589298248291,0.36315789818763733,0.6492197513580322,0.6093575954437256,0.8743355870246887,0.055776894092559814,0.9808412194252014,0.7473683953285217,1.0,0.964352011680603,0.9867122173309326,0.9960159659385681,0.678947389125824,4.643702030181885,0.6124837398529053,4.754369735717773,0.6067582368850708,5.448671340942383,0.5601746439933777,6.627628803253174,0.7729083895683289,3.8136143684387207,0.591831386089325,0.3470940887928009,0.06628057360649109,0.2924390137195587,5.760224342346191,0.5601746439933777,0.6498619318008423,0.12702366709709167,0.5595855116844177,0.6061635613441467,0.8610967397689819,0.017316017299890518,0.9664072394371033,0.6438356041908264,1.0,0.9776753187179565,0.965080201625824,0.9754689931869507,0.5018680095672607,6.426144599914551,0.5630905032157898,5.380797386169434,0.548653244972229,6.117428779602051,0.6066994071006775,5.853194236755371,0.6652236580848694,4.639803409576416,0.5781069397926331,0.3559141159057617,0.06774645298719406,0.3099743127822876,5.732866287231445,0.5018680095672607
16,,,,16336,,,,,,,,,,,,,,,,,,,,,,,,,,,,,,,,,,,,,,,,,,,,,,,,,,,,,,,,,0.6503075361251831,0.15892019867897034,0.504104733467102,0.5089396238327026,0.864161491394043,0.006129691377282143,0.004201680887490511,0.7579829692840576,0.987026572227478,0.7642596960067749,0.9983479976654053,0.9881454706192017,0.9945191144943237,0.9112449288368225,0.0,0.021669378504157066,0.9313974380493164,0.2204282134771347,,,,,,,,,,,,,,,,,,,,,,,,,,,,,,,,,,,,,,,,,,,,,,,,,,,,,,,,
,2e-05,1e-05,1e-05,16337,,,,,,,,,,,,,,,,,,,,,,,,,,,,,,,,,,,,,,,,,,,,,,,,,,,,,,,,,,,,,,,,,,,,,,,,,,,,,,,,,,,,,,,,,,,,,,,,,,,,,,,,,,,,,,,,,,,,,,,,,,,,,,,,,,
17,,,,17297,,,,,,,,,,,,,,,,,,,,,,,,,,,,,,,,,,,,,,,,,,,,,,,,,,,,,,,,,,,,,,,,,,,,,,,,,,,0.7296002507209778,0.36315789818763733,0.6336150765419006,0.6450055837631226,0.8745254278182983,0.06374502182006836,0.9810154438018799,0.38947367668151855,1.0,0.9884886741638184,0.9876613616943359,0.9960159659385681,0.6631578803062439,5.121279239654541,0.6206111907958984,5.036135196685791,0.6034162640571594,5.708017349243164,0.5569475889205933,6.74367094039917,0.7649402618408203,3.9773917198181152,0.591221809387207,0.3513740003108978,0.05553438887000084,0.2820826470851898,5.9532976150512695,0.5569475889205933,0.6543309092521667,0.1282689869403839,0.5432794690132141,0.6425625085830688,0.8666580319404602,0.020202020183205605,0.9637961387634277,0.49066001176834106,1.0,0.9929628968238831,0.9661148190498352,0.9754689931869507,0.4931506812572479,7.7307281494140625,0.5696433782577515,5.741544723510742,0.5525357723236084,6.549078941345215,0.6037247776985168,6.1216959953308105,0.6522366404533386,4.756701946258545,0.5791614651679993,0.3589096963405609,0.06319700181484222,0.28882768750190735,6.101020336151123,0.4931506812572479
17,,,,17297,,,,,,,,,,,,,,,,,,,,,,,,,,,,,,,,,,,,,,,,,,,,,,,,,,,,,,,,,0.654009222984314,0.16494591534137726,0.5106909871101379,0.5153917074203491,0.8646854758262634,0.008395964279770851,0.003968254197388887,0.752890944480896,0.9874148368835449,0.7730720639228821,0.9984291791915894,0.9883641600608826,0.9946305155754089,0.9151601195335388,0.0,0.02135159820318222,0.9391905069351196,0.19406919181346893,,,,,,,,,,,,,,,,,,,,,,,,,,,,,,,,,,,,,,,,,,,,,,,,,,,,,,,,
,2e-05,1e-05,1e-05,17298,,,,,,,,,,,,,,,,,,,,,,,,,,,,,,,,,,,,,,,,,,,,,,,,,,,,,,,,,,,,,,,,,,,,,,,,,,,,,,,,,,,,,,,,,,,,,,,,,,,,,,,,,,,,,,,,,,,,,,,,,,,,,,,,,,
18,,,,18258,,,,,,,,,,,,,,,,,,,,,,,,,,,,,,,,,,,,,,,,,,,,,,,,,,,,,,,,,,,,,,,,,,,,,,,,,,,0.7350866794586182,0.36315789818763733,0.6644993424415588,0.6424062252044678,0.8697798252105713,0.06374502182006836,0.9866759777069092,0.7894737124443054,1.0,0.9706646800041199,0.9946848750114441,0.9960159659385681,0.6473684310913086,5.373847961425781,0.6176853179931641,5.348573207855225,0.5889343023300171,6.098034858703613,0.5497342348098755,7.239084243774414,0.8007968068122864,4.277628421783447,0.5842549800872803,0.3592289984226227,0.057699911296367645,0.2680075168609619,6.37364387512207,0.5497342348098755,0.6590007543563843,0.1282689869403839,0.5830539464950562,0.624605655670166,0.8545007705688477,0.020202020183205605,0.9683655500411987,0.6562889218330383,1.0,0.9803445935249329,0.9674081802368164,0.9754689931869507,0.49439600110054016,7.810439586639404,0.5637000799179077,6.020981788635254,0.5510798096656799,6.908463954925537,0.5967408418655396,6.4288458824157715,0.6883116960525513,5.243390083312988,0.5754958391189575,0.3639238476753235,0.06174831464886665,0.28084614872932434,6.407530307769775,0.49439600110054016
18,,,,18258,,,,,,,,,,,,,,,,,,,,,,,,,,,,,,,,,,,,,,,,,,,,,,,,,,,,,,,,,0.6574184894561768,0.1698383092880249,0.5168600082397461,0.5212444067001343,0.8651920557022095,0.010263318195939064,0.003759398590773344,0.7453341484069824,0.9877718091011047,0.7812895178794861,0.9985043406486511,0.9885835647583008,0.9947271943092346,0.9185670018196106,0.0,0.02031313255429268,0.9462029933929443,0.17027831077575684,,,,,,,,,,,,,,,,,,,,,,,,,,,,,,,,,,,,,,,,,,,,,,,,,,,,,,,,
,2e-05,1e-05,1e-05,18259,,,,,,,,,,,,,,,,,,,,,,,,,,,,,,,,,,,,,,,,,,,,,,,,,,,,,,,,,,,,,,,,,,,,,,,,,,,,,,,,,,,,,,,,,,,,,,,,,,,,,,,,,,,,,,,,,,,,,,,,,,,,,,,,,,
19,,,,19219,,,,,,,,,,,,,,,,,,,,,,,,,,,,,,,,,,,,,,,,,,,,,,,,,,,,,,,,,,,,,,,,,,,,,,,,,,,0.7313419580459595,0.36315789818763733,0.6664499640464783,0.6401782631874084,0.8621867895126343,0.05179283022880554,0.9848471879959106,0.4368421137332916,1.0,0.9907166957855225,0.9931662678718567,0.9960159659385681,0.6684210300445557,5.0934295654296875,0.6215865015983582,5.471929550170898,0.6026735901832581,6.223957061767578,0.5643507838249207,7.154514312744141,0.7649402618408203,4.518745422363281,0.5948793888092041,0.3512304723262787,0.05720027908682823,0.25485894083976746,6.396455764770508,0.5643507838249207,0.6594526767730713,0.132004976272583,0.5795488953590393,0.6384372711181641,0.8507501482963562,0.021645022556185722,0.9653527736663818,0.5392279028892517,1.0,0.9939334988594055,0.9645628333091736,0.9754689931869507,0.49439600110054016,8.672663688659668,0.5629381537437439,6.218546390533447,0.556175708770752,6.821346282958984,0.6034660935401917,6.485349178314209,0.6839826703071594,5.089160919189453,0.5787597298622131,0.3649602234363556,0.05756622925400734,0.2667335867881775,6.505399703979492,0.49439600110054016
19,,,,19219,,,,,,,,,,,,,,,,,,,,,,,,,,,,,,,,,,,,,,,,,,,,,,,,,,,,,,,,,0.6606189012527466,0.17474715411663055,0.5225957036018372,0.5267252326011658,0.8656795620918274,0.01230956707149744,0.0035714285913854837,0.7405447959899902,0.9881054759025574,0.7888432145118713,0.9985672235488892,0.9887893795967102,0.9948299527168274,0.9216940999031067,0.0,0.019834499806165695,0.9500409960746765,0.15816402435302734,,,,,,,,,,,,,,,,,,,,,,,,,,,,,,,,,,,,,,,,,,,,,,,,,,,,,,,,
,2e-05,1e-05,1e-05,19220,,,,,,,,,,,,,,,,,,,,,,,,,,,,,,,,,,,,,,,,,,,,,,,,,,,,,,,,,,,,,,,,,,,,,,,,,,,,,,,,,,,,,,,,,,,,,,,,,,,,,,,,,,,,,,,,,,,,,,,,,,,,,,,,,,
20,,,,20180,,,,,,,,,,,,,,,,,,,,,,,,,,,,,,,,,,,,,,,,,,,,,,,,,,,,,,,,,,,,,,,,,,,,,,,,,,,0.7366541624069214,0.36315789818763733,0.654746413230896,0.6424062252044678,0.8771830201148987,0.09960159659385681,0.979360818862915,0.821052610874176,1.0,0.9528406858444214,0.9867122173309326,0.9960159659385681,0.6631578803062439,5.358680248260498,0.6160598397254944,5.763723850250244,0.6034162640571594,6.311437606811523,0.5569475889205933,7.691555023193359,0.7848605513572693,4.654623031616211,0.5905251502990723,0.3556218445301056,0.053967494517564774,0.25550663471221924,6.74623966217041,0.5569475889205933,0.6606075763702393,0.13075965642929077,0.5591283440589905,0.6398932337760925,0.8691153526306152,0.036075036972761154,0.9666081070899963,0.6824408173561096,1.0,0.9725794792175293,0.9643042087554932,0.9754689931869507,0.49066001176834106,8.7002592086792,0.5568424463272095,6.626979351043701,0.5496239066123962,7.174309730529785,0.6033368110656738,6.984342098236084,0.6969696879386902,5.187222957611084,0.5756465196609497,0.3684849739074707,0.05914881452918053,0.2547588646411896,6.9115071296691895,0.49066001176834106
20,,,,20180,,,,,,,,,,,,,,,,,,,,,,,,,,,,,,,,,,,,,,,,,,,,,,,,,,,,,,,,,0.6636780500411987,0.17906808853149414,0.5280235409736633,0.5320851802825928,0.866123378276825,0.014480137266218662,0.003401360474526882,0.7322871088981628,0.9884160161018372,0.796129047870636,0.9986263513565063,0.9889542460441589,0.9949270486831665,0.924610435962677,0.0,0.019107520580291748,0.9544774293899536,0.14160345494747162,,,,,,,,,,,,,,,,,,,,,,,,,,,,,,,,,,,,,,,,,,,,,,,,,,,,,,,,
,2e-05,1e-05,1e-05,20181,,,,,,,,,,,,,,,,,,,,,,,,,,,,,,,,,,,,,,,,,,,,,,,,,,,,,,,,,,,,,,,,,,,,,,,,,,,,,,,,,,,,,,,,,,,,,,,,,,,,,,,,,,,,,,,,,,,,,,,,,,,,,,,,,,
21,,,,21141,,,,,,,,,,,,,,,,,,,,,,,,,,,,,,,,,,,,,,,,,,,,,,,,,,,,,,,,,,,,,,,,,,,,,,,,,,,0.7377862930297852,0.36315789818763733,0.6631989479064941,0.6546602249145508,0.8680713772773743,0.10756972432136536,0.9870243072509766,0.7684210538864136,1.0,0.9896026849746704,0.986522376537323,0.9960159659385681,0.6578947305679321,5.399630546569824,0.6209362745285034,5.717503547668457,0.598960280418396,6.816633701324463,0.5546696782112122,7.882874965667725,0.7848605513572693,4.750977516174316,0.5895671844482422,0.359293669462204,0.05193625018000603,0.23830008506774902,6.947296142578125,0.5546696782112122,0.6634195446968079,0.13075965642929077,0.5740627646446228,0.6517835259437561,0.8573461174964905,0.036075036972761154,0.9670097827911377,0.6513075828552246,1.0,0.9927201867103577,0.9578375816345215,0.9754689931869507,0.4844333827495575,8.510713577270508,0.5652239918708801,6.745765209197998,0.5588449239730835,7.562714099884033,0.6047594547271729,7.0240092277526855,0.6868686676025391,5.349145412445068,0.5802159309387207,0.36807090044021606,0.05301026254892349,0.24099893867969513,7.04559850692749,0.4844333827495575
21,,,,21141,,,,,,,,,,,,,,,,,,,,,,,,,,,,,,,,,,,,,,,,,,,,,,,,,,,,,,,,,0.6666015982627869,0.1829962134361267,0.5333545804023743,0.5370088815689087,0.8665581941604614,0.01684117130935192,0.003246753243729472,0.7283256649971008,0.9886941909790039,0.8026089072227478,0.9986822605133057,0.9891194105148315,0.9950127601623535,0.927067756652832,0.0,0.018911726772785187,0.9580422043800354,0.12927691638469696,,,,,,,,,,,,,,,,,,,,,,,,,,,,,,,,,,,,,,,,,,,,,,,,,,,,,,,,
,2e-05,1e-05,1e-05,21142,,,,,,,,,,,,,,,,,,,,,,,,,,,,,,,,,,,,,,,,,,,,,,,,,,,,,,,,,,,,,,,,,,,,,,,,,,,,,,,,,,,,,,,,,,,,,,,,,,,,,,,,,,,,,,,,,,,,,,,,,,,,,,,,,,
22,,,,22102,,,,,,,,,,,,,,,,,,,,,,,,,,,,,,,,,,,,,,,,,,,,,,,,,,,,,,,,,,,,,,,,,,,,,,,,,,,0.734738290309906,0.36315789818763733,0.6749024987220764,0.6360935568809509,0.864654541015625,0.09561753273010254,0.987895131111145,0.7947368621826172,1.0,0.9773486852645874,0.9937357902526855,0.9960159659385681,0.6526315808296204,5.798723220825195,0.618335485458374,5.948355197906494,0.6011882424354553,6.9715728759765625,0.561123788356781,8.032585144042969,0.7330677509307861,5.138031959533691,0.591221809387207,0.35795268416404724,0.04957558959722519,0.239033043384552,7.1277031898498535,0.561123788356781,0.6629676222801208,0.11083436757326126,0.5896068215370178,0.6231496930122375,0.8600620627403259,0.03896103799343109,0.9668089151382446,0.666251540184021,1.0,0.9856830835342407,0.9595189094543457,0.9754689931869507,0.5093399882316589,8.55741024017334,0.5649192333221436,6.931294918060303,0.5539917349815369,7.598237037658691,0.6030781269073486,7.286694526672363,0.668109655380249,6.070465564727783,0.578809916973114,0.36931896209716797,0.05067363381385803,0.2428208440542221,7.24228048324585,0.5093399882316589
22,,,,22102,,,,,,,,,,,,,,,,,,,,,,,,,,,,,,,,,,,,,,,,,,,,,,,,,,,,,,,,,0.6691035032272339,0.1864178478717804,0.5379898548126221,0.5413506031036377,0.8668078780174255,0.019076384603977203,0.003105590119957924,0.7276878952980042,0.98895663022995,0.8088550567626953,0.9987375140190125,0.9892799854278564,0.9950809478759766,0.9294173717498779,0.0010351967066526413,0.018412725999951363,0.9621143937110901,0.11722949147224426,,,,,,,,,,,,,,,,,,,,,,,,,,,,,,,,,,,,,,,,,,,,,,,,,,,,,,,,
,2e-05,1e-05,1e-05,22103,,,,,,,,,,,,,,,,,,,,,,,,,,,,,,,,,,,,,,,,,,,,,,,,,,,,,,,,,,,,,,,,,,,,,,,,,,,,,,,,,,,,,,,,,,,,,,,,,,,,,,,,,,,,,,,,,,,,,,,,,,,,,,,,,,
23,,,,23063,,,,,,,,,,,,,,,,,,,,,,,,,,,,,,,,,,,,,,,,,,,,,,,,,,,,,,,,,,,,,,,,,,,,,,,,,,,0.7393538355827332,0.36315789818763733,0.6583225131034851,0.6687709093093872,0.8661731481552124,0.12749004364013672,0.9822345972061157,0.7789473533630371,1.0,0.9535833597183228,0.99411541223526,0.9960159659385681,0.6631578803062439,6.056661605834961,0.618660569190979,6.238747596740723,0.5930189490318298,7.092989444732666,0.5628321766853333,8.134063720703125,0.7410358786582947,5.076635360717773,0.5904380679130554,0.3621666133403778,0.04570401832461357,0.22623951733112335,7.284125328063965,0.5628321766853333,0.6635701656341553,0.13075965642929077,0.5652239918708801,0.6624605655670166,0.8583807349205017,0.04906205087900162,0.9669093489646912,0.661270260810852,1.0,0.9740354418754578,0.9658561944961548,0.9826839566230774,0.4993773400783539,9.298517227172852,0.5620237588882446,7.166068077087402,0.5549623966217041,7.928216934204102,0.6011381149291992,7.497000217437744,0.6738816499710083,6.267467498779297,0.5771529078483582,0.37300100922584534,0.04789223521947861,0.23340322077274323,7.5063910484313965,0.4993773400783539
23,,,,23063,,,,,,,,,,,,,,,,,,,,,,,,,,,,,,,,,,,,,,,,,,,,,,,,,,,,,,,,,0.6715368032455444,0.18950168788433075,0.5425368547439575,0.5454545617103577,0.8670953512191772,0.021328458562493324,0.0029761905316263437,0.7261057496070862,0.9892037510871887,0.8147913813591003,0.9987861514091492,0.9894412159919739,0.9951435327529907,0.9315457940101624,0.0019841270986944437,0.017472553998231888,0.9651718139648438,0.10656701028347015,,,,,,,,,,,,,,,,,,,,,,,,,,,,,,,,,,,,,,,,,,,,,,,,,,,,,,,,
,2e-05,1e-05,1e-05,23064,,,,,,,,,,,,,,,,,,,,,,,,,,,,,,,,,,,,,,,,,,,,,,,,,,,,,,,,,,,,,,,,,,,,,,,,,,,,,,,,,,,,,,,,,,,,,,,,,,,,,,,,,,,,,,,,,,,,,,,,,,,,,,,,,,
24,,,,24024,,,,,,,,,,,,,,,,,,,,,,,,,,,,,,,,,,,,,,,,,,,,,,,,,,,,,,,,,,,,,,,,,,,,,,,,,,,0.7389184236526489,0.36315789818763733,0.6677502989768982,0.6524322032928467,0.8673120737075806,0.1434262990951538,0.9859792590141296,0.7947368621826172,1.0,0.9673227071762085,0.9946848750114441,0.9960159659385681,0.6684210300445557,5.936607360839844,0.6163849234580994,6.287860870361328,0.6060156226158142,7.126851558685303,0.557706892490387,8.422245979309082,0.7569721341133118,5.0575714111328125,0.5910476446151733,0.361674427986145,0.04452656954526901,0.22610101103782654,7.432982444763184,0.557706892490387,0.6657293438911438,0.132004976272583,0.5781773924827576,0.6525115370750427,0.8576047420501709,0.05483405664563179,0.9664574265480042,0.661270260810852,1.0,0.9784033298492432,0.963010847568512,0.9754689931869507,0.4993773400783539,9.025482177734375,0.5629381537437439,7.222716808319092,0.5595729351043701,7.780014514923096,0.5999741554260254,7.641530513763428,0.6911976933479309,5.707735061645508,0.5785588622093201,0.37077850103378296,0.048166945576667786,0.23576028645038605,7.5193071365356445,0.4993773400783539
24,,,,24024,,,,,,,,,,,,,,,,,,,,,,,,,,,,,,,,,,,,,,,,,,,,,,,,,,,,,,,,,0.6737015247344971,0.19259165227413177,0.5465903878211975,0.5492324233055115,0.8672369122505188,0.023936623707413673,0.0028571428265422583,0.7232294082641602,0.9894430637359619,0.8204804062843323,0.9988327622413635,0.9895873069763184,0.9952160120010376,0.9335283637046814,0.0028571428265422583,0.0177718847990036,0.9673314690589905,0.10139916837215424,,,,,,,,,,,,,,,,,,,,,,,,,,,,,,,,,,,,,,,,,,,,,,,,,,,,,,,,
,2e-05,1e-05,1e-05,24025,,,,,,,,,,,,,,,,,,,,,,,,,,,,,,,,,,,,,,,,,,,,,,,,,,,,,,,,,,,,,,,,,,,,,,,,,,,,,,,,,,,,,,,,,,,,,,,,,,,,,,,,,,,,,,,,,,,,,,,,,,,,,,,,,,
25,,,,24985,,,,,,,,,,,,,,,,,,,,,,,,,,,,,,,,,,,,,,,,,,,,,,,,,,,,,,,,,,,,,,,,,,,,,,,,,,,0.7353479266166687,0.36315789818763733,0.6466189622879028,0.6398069262504578,0.8768033385276794,0.175298810005188,0.9908560514450073,0.8105263113975525,1.0,0.9884886741638184,0.9939255714416504,0.9960159659385681,0.6736842393875122,6.117918014526367,0.6163849234580994,6.313760757446289,0.6045302748680115,7.438040256500244,0.5654897689819336,8.723540306091309,0.7609561681747437,5.4391255378723145,0.594356894493103,0.360506534576416,0.04480589181184769,0.21480706334114075,7.661581039428711,0.5654897689819336,0.6641225218772888,0.12702366709709167,0.5665955543518066,0.6428051590919495,0.8679513931274414,0.06637806445360184,0.9684659838676453,0.6674968600273132,1.0,0.9922348856925964,0.9595189094543457,0.9826839566230774,0.496886670589447,9.76482105255127,0.568119466304779,7.587390422821045,0.5598155856132507,8.224761009216309,0.6065701246261597,7.943508148193359,0.6623376607894897,6.200140953063965,0.58177250623703,0.37140944600105286,0.04570439085364342,0.21734416484832764,7.8955841064453125,0.496886670589447
25,,,,24985,,,,,,,,,,,,,,,,,,,,,,,,,,,,,,,,,,,,,,,,,,,,,,,,,,,,,,,,,0.6757918000221252,0.1952008157968521,0.5502899289131165,0.5529918074607849,0.8674736022949219,0.02622697316110134,0.002747252816334367,0.721489667892456,0.9896638989448547,0.8256345391273499,0.9988740086555481,0.9897242784500122,0.9952762722969055,0.935592770576477,0.0036630036775022745,0.017193708568811417,0.9690748453140259,0.09293269366025925,,,,,,,,,,,,,,,,,,,,,,,,,,,,,,,,,,,,,,,,,,,,,,,,,,,,,,,,
,2e-05,1e-05,1e-05,24986,,,,,,,,,,,,,,,,,,,,,,,,,,,,,,,,,,,,,,,,,,,,,,,,,,,,,,,,,,,,,,,,,,,,,,,,,,,,,,,,,,,,,,,,,,,,,,,,,,,,,,,,,,,,,,,,,,,,,,,,,,,,,,,,,,
26,,,,25946,,,,,,,,,,,,,,,,,,,,,,,,,,,,,,,,,,,,,,,,,,,,,,,,,,,,,,,,,,,,,,,,,,,,,,,,,,,0.7398763298988342,0.36315789818763733,0.6615734696388245,0.6591162085533142,0.8692103028297424,0.15139442682266235,0.9870243072509766,0.7947368621826172,1.0,0.9710360169410706,0.9950645565986633,0.9960159659385681,0.6684210300445557,6.129082679748535,0.6235370635986328,6.713054656982422,0.6019309163093567,7.476709842681885,0.5719438195228577,8.710748672485352,0.7450199127197266,5.5546088218688965,0.5981886386871338,0.3586326837539673,0.04503149911761284,0.20284736156463623,7.775206089019775,0.5719438195228577,0.6662817001342773,0.13325031101703644,0.5754343271255493,0.6627032160758972,0.8552767634391785,0.06060606241226196,0.9688676595687866,0.6674968600273132,1.0,0.9803445935249329,0.9668908715248108,0.9826839566230774,0.4931506812572479,10.099736213684082,0.5630905032157898,7.8139119148254395,0.557874321937561,8.542505264282227,0.6061820983886719,8.028560638427734,0.6911976933479309,5.8139142990112305,0.5804167985916138,0.3741241693496704,0.046497855335474014,0.20857368409633636,8.069832801818848,0.4931506812572479
26,,,,25946,,,,,,,,,,,,,,,,,,,,,,,,,,,,,,,,,,,,,,,,,,,,,,,,,,,,,,,,,0.6778019070625305,0.1975933015346527,0.5540103316307068,0.5564373135566711,0.86767578125,0.0288442000746727,0.0026455025654286146,0.7148542404174805,0.9898645877838135,0.8302429914474487,0.9989086389541626,0.9898573756217957,0.9953384399414062,0.9373462200164795,0.0035273367539048195,0.016792701557278633,0.9709222912788391,0.08837045729160309,,,,,,,,,,,,,,,,,,,,,,,,,,,,,,,,,,,,,,,,,,,,,,,,,,,,,,,,
,2e-05,1e-05,1e-05,25947,,,,,,,,,,,,,,,,,,,,,,,,,,,,,,,,,,,,,,,,,,,,,,,,,,,,,,,,,,,,,,,,,,,,,,,,,,,,,,,,,,,,,,,,,,,,,,,,,,,,,,,,,,,,,,,,,,,,,,,,,,,,,,,,,,
27,,,,26907,,,,,,,,,,,,,,,,,,,,,,,,,,,,,,,,,,,,,,,,,,,,,,,,,,,,,,,,,,,,,,,,,,,,,,,,,,,0.7407472133636475,0.36315789818763733,0.6605981588363647,0.6412922143936157,0.8813591599464417,0.13944223523139954,0.9907689690589905,0.7947368621826172,1.0,0.9896026849746704,0.9937357902526855,0.9960159659385681,0.6421052813529968,6.464228630065918,0.6085825562477112,7.182433128356934,0.5959895849227905,7.672299385070801,0.5622627139091492,9.216240882873535,0.737051784992218,6.1719255447387695,0.5878254771232605,0.3685392439365387,0.04097161442041397,0.20722253620624542,8.19798755645752,0.5622627139091492,0.6689429879188538,0.12951432168483734,0.5772630572319031,0.641349196434021,0.8731246590614319,0.051948051899671555,0.9706753492355347,0.6550436019897461,1.0,0.9939334988594055,0.9655975103378296,0.9826839566230774,0.4919053614139557,10.032463073730469,0.5603474378585815,8.16469955444336,0.5471972823143005,8.918307304382324,0.6023021340370178,8.243304252624512,0.6608946323394775,6.526875019073486,0.57469242811203,0.3789544403553009,0.043498504906892776,0.21289615333080292,8.368744850158691,0.4919053614139557
27,,,,26907,,,,,,,,,,,,,,,,,,,,,,,,,,,,,,,,,,,,,,,,,,,,,,,,,,,,,,,,,0.6797400116920471,0.19997291266918182,0.5576165914535522,0.5596588253974915,0.8679065704345703,0.03138330206274986,0.0025510203558951616,0.710771381855011,0.9900686144828796,0.8348835110664368,0.9989442229270935,0.989995002746582,0.9954054355621338,0.9390397667884827,0.004251700825989246,0.015946242958307266,0.9726786613464355,0.08422766625881195,,,,,,,,,,,,,,,,,,,,,,,,,,,,,,,,,,,,,,,,,,,,,,,,,,,,,,,,
,2e-05,1e-05,1e-05,26908,,,,,,,,,,,,,,,,,,,,,,,,,,,,,,,,,,,,,,,,,,,,,,,,,,,,,,,,,,,,,,,,,,,,,,,,,,,,,,,,,,,,,,,,,,,,,,,,,,,,,,,,,,,,,,,,,,,,,,,,,,,,,,,,,,
28,,,,27868,,,,,,,,,,,,,,,,,,,,,,,,,,,,,,,,,,,,,,,,,,,,,,,,,,,,,,,,,,,,,,,,,,,,,,,,,,,0.7437951564788818,0.3684210479259491,0.6667750477790833,0.6695135831832886,0.8690205216407776,0.15537849068641663,0.9906818866729736,0.7947368621826172,1.0,0.9896026849746704,0.9935459494590759,0.9960159659385681,0.6684210300445557,6.225955009460449,0.631989598274231,6.855962753295898,0.6119569540023804,7.455753803253174,0.5634016990661621,9.235740661621094,0.737051784992218,5.554445266723633,0.5987982153892517,0.358181357383728,0.04216513782739639,0.2051074355840683,8.058355331420898,0.5634016990661621,0.6683404445648193,0.13449564576148987,0.5637000799179077,0.6862412095069885,0.8583807349205017,0.05483405664563179,0.9680642485618591,0.6525529026985168,1.0,0.9939334988594055,0.9591308832168579,0.9826839566230774,0.5056039690971375,10.002374649047852,0.5665955543518066,8.126657485961914,0.5590875744819641,8.424757957458496,0.6034660935401917,8.219987869262695,0.6897546648979187,6.379275798797607,0.5811699628829956,0.3748016953468323,0.042167387902736664,0.20606841146945953,8.23820686340332,0.5056039690971375
28,,,,27868,,,,,,,,,,,,,,,,,,,,,,,,,,,,,,,,,,,,,,,,,,,,,,,,,,,,,,,,,0.6814807653427124,0.2023845911026001,0.5607521533966064,0.5627084970474243,0.868093729019165,0.03345311060547829,0.002463054144755006,0.7114657163619995,0.9902508854866028,0.8391385674476624,0.9989756941795349,0.9901037812232971,0.9954648017883301,0.9406165480613708,0.004926108289510012,0.016586080193519592,0.9728217720985413,0.08072597533464432,,,,,,,,,,,,,,,,,,,,,,,,,,,,,,,,,,,,,,,,,,,,,,,,,,,,,,,,
,2e-05,1e-05,1e-05,27869,,,,,,,,,,,,,,,,,,,,,,,,,,,,,,,,,,,,,,,,,,,,,,,,,,,,,,,,,,,,,,,,,,,,,,,,,,,,,,,,,,,,,,,,,,,,,,,,,,,,,,,,,,,,,,,,,,,,,,,,,,,,,,,,,,
29,,,,28829,,,,,,,,,,,,,,,,,,,,,,,,,,,,,,,,,,,,,,,,,,,,,,,,,,,,,,,,,,,,,,,,,,,,,,,,,,,0.7395280003547668,0.36315789818763733,0.6475942730903625,0.6453769207000732,0.8836370706558228,0.15139442682266235,0.9916397929191589,0.8105263113975525,1.0,0.9896026849746704,0.9950645565986633,0.9960159659385681,0.6368421316146851,6.2305498123168945,0.6196358799934387,7.177714824676514,0.5963609218597412,8.014158248901367,0.5596051812171936,9.482784271240234,0.7529880404472351,6.047327041625977,0.5899155139923096,0.3694780468940735,0.038900602608919144,0.19340260326862335,8.401349067687988,0.5596051812171936,0.6643735766410828,0.1357409656047821,0.557756781578064,0.6474156975746155,0.8729953169822693,0.0634920671582222,0.9704745411872864,0.6625155806541443,1.0,0.9927201867103577,0.9649508595466614,0.9826839566230774,0.49439600110054016,10.492568016052246,0.5597378611564636,8.376765251159668,0.5569036602973938,9.142796516418457,0.6046301126480103,8.506314277648926,0.6695526838302612,6.754887580871582,0.5778056979179382,0.3787820637226105,0.041976626962423325,0.2000933736562729,8.613285064697266,0.49439600110054016
29,,,,28829,,,,,,,,,,,,,,,,,,,,,,,,,,,,,,,,,,,,,,,,,,,,,,,,,,,,,,,,,0.6831392645835876,0.20444585382938385,0.5637661218643188,0.5654575228691101,0.8683306574821472,0.03577087074518204,0.0023809524718672037,0.7085935473442078,0.990426242351532,0.8432153463363647,0.9990082383155823,0.9902071952819824,0.995525062084198,0.9420475363731384,0.0063492064364254475,0.01564323715865612,0.9763995409011841,0.0732119083404541,,,,,,,,,,,,,,,,,,,,,,,,,,,,,,,,,,,,,,,,,,,,,,,,,,,,,,,,
,2e-05,1e-05,1e-05,28830,,,,,,,,,,,,,,,,,,,,,,,,,,,,,,,,,,,,,,,,,,,,,,,,,,,,,,,,,,,,,,,,,,,,,,,,,,,,,,,,,,,,,,,,,,,,,,,,,,,,,,,,,,,,,,,,,,,,,,,,,,,,,,,,,,
30,,,,29790,,,,,,,,,,,,,,,,,,,,,,,,,,,,,,,,,,,,,,,,,,,,,,,,,,,,,,,,,,,,,,,,,,,,,,,,,,,0.7455368638038635,0.35789474844932556,0.6810793280601501,0.6520609259605408,0.8731966614723206,0.16733068227767944,0.9848471879959106,0.4368421137332916,1.0,0.9884886741638184,0.9943052530288696,0.9960159659385681,0.6526315808296204,5.633432388305664,0.6212613582611084,7.278738021850586,0.6067582368850708,7.6024370193481445,0.5620728731155396,9.648751258850098,0.7729083895683289,5.83457088470459,0.5945310592651367,0.3643914759159088,0.04141262173652649,0.19164569675922394,8.400468826293945,0.5620728731155396,0.6700477004051208,0.12328767031431198,0.5786345601081848,0.6648871898651123,0.8620020747184753,0.06204906105995178,0.9652020931243896,0.5242839455604553,1.0,0.9927201867103577,0.9657268524169922,0.9826839566230774,0.5118306279182434,9.359875679016113,0.5673575401306152,8.46538257598877,0.5520504713058472,8.951967239379883,0.6060527563095093,8.587425231933594,0.6796537041664124,6.437869548797607,0.5809189081192017,0.3776280879974365,0.04157556965947151,0.19138361513614655,8.578129768371582,0.5118306279182434
30,,,,29790,,,,,,,,,,,,,,,,,,,,,,,,,,,,,,,,,,,,,,,,,,,,,,,,,,,,,,,,,0.6847512125968933,0.20629256963729858,0.566697895526886,0.5681723356246948,0.8685504198074341,0.03789978474378586,0.0023041474632918835,0.7043158411979675,0.9905920028686523,0.8469067215919495,0.9990355968475342,0.9903238415718079,0.9955785870552063,0.9434648156166077,0.007680491544306278,0.015229436568915844,0.976438581943512,0.07158228754997253,,,,,,,,,,,,,,,,,,,,,,,,,,,,,,,,,,,,,,,,,,,,,,,,,,,,,,,,
,2e-05,1e-05,1e-05,29791,,,,,,,,,,,,,,,,,,,,,,,,,,,,,,,,,,,,,,,,,,,,,,,,,,,,,,,,,,,,,,,,,,,,,,,,,,,,,,,,,,,,,,,,,,,,,,,,,,,,,,,,,,,,,,,,,,,,,,,,,,,,,,,,,,
31,,,,30751,,,,,,,,,,,,,,,,,,,,,,,,,,,,,,,,,,,,,,,,,,,,,,,,,,,,,,,,,,,,,,,,,,,,,,,,,,,0.7477139830589294,0.36315789818763733,0.6820546388626099,0.6550315618515015,0.8760440349578857,0.1593625545501709,0.9917268753051758,0.8052631616592407,1.0,0.9896026849746704,0.9954441785812378,0.9960159659385681,0.6684210300445557,6.145230293273926,0.61378413438797,7.530783653259277,0.5974749326705933,8.241578102111816,0.5662490725517273,9.96340560913086,0.7569721341133118,5.854775905609131,0.592266857624054,0.3687632977962494,0.03627421334385872,0.1852792650461197,8.751778602600098,0.5662490725517273,0.6708511114120483,0.132004976272583,0.5827491879463196,0.6554234623908997,0.8648473620414734,0.06060606241226196,0.9691187739372253,0.6699875593185425,1.0,0.9929628968238831,0.9612001776695251,0.9754689931869507,0.4931506812572479,10.705806732177734,0.571014940738678,8.529297828674316,0.5576316714286804,9.316570281982422,0.6068287491798401,8.977086067199707,0.6695526838302612,7.008422374725342,0.5824252963066101,0.3760811984539032,0.04228711873292923,0.18889202177524567,8.900354385375977,0.4931506812572479
31,,,,30751,,,,,,,,,,,,,,,,,,,,,,,,,,,,,,,,,,,,,,,,,,,,,,,,,,,,,,,,,0.6863022446632385,0.207944855093956,0.5696877837181091,0.5706331729888916,0.8687394261360168,0.04002894461154938,0.0022321429569274187,0.7017632126808167,0.9907534122467041,0.8506439924240112,0.9990627765655518,0.9904349446296692,0.995628833770752,0.944755494594574,0.0096726194024086,0.015346209518611431,0.9788845181465149,0.06593474745750427,,,,,,,,,,,,,,,,,,,,,,,,,,,,,,,,,,,,,,,,,,,,,,,,,,,,,,,,
,2e-05,1e-05,1e-05,30752,,,,,,,,,,,,,,,,,,,,,,,,,,,,,,,,,,,,,,,,,,,,,,,,,,,,,,,,,,,,,,,,,,,,,,,,,,,,,,,,,,,,,,,,,,,,,,,,,,,,,,,,,,,,,,,,,,,,,,,,,,,,,,,,,,
32,,,,31712,,,,,,,,,,,,,,,,,,,,,,,,,,,,,,,,,,,,,,,,,,,,,,,,,,,,,,,,,,,,,,,,,,,,,,,,,,,0.7484977841377258,0.36315789818763733,0.6833550333976746,0.676568865776062,0.8650341629981995,0.17928287386894226,0.9872855544090271,0.800000011920929,1.0,0.9706646800041199,0.9956340193748474,0.9960159659385681,0.6368421316146851,6.739466190338135,0.6290637254714966,7.033109188079834,0.6008169054985046,8.168564796447754,0.5597949624061584,9.96307373046875,0.7848605513572693,5.856303691864014,0.5941827297210693,0.36647647619247437,0.03787783533334732,0.18741373717784882,8.612320899963379,0.5597949624061584,0.6720060110092163,0.132004976272583,0.5822919607162476,0.6731376051902771,0.8579927682876587,0.06926406919956207,0.9690183401107788,0.6650062203407288,1.0,0.9801019430160522,0.9676668643951416,0.9826839566230774,0.5043586492538452,9.812793731689453,0.5638524889945984,8.604971885681152,0.553263783454895,9.28274917602539,0.6016554832458496,8.961029052734375,0.6652236580848694,7.373345375061035,0.5775043964385986,0.3801270127296448,0.042673006653785706,0.19296512007713318,8.8882474899292,0.5043586492538452
32,,,,31712,,,,,,,,,,,,,,,,,,,,,,,,,,,,,,,,,,,,,,,,,,,,,,,,,,,,,,,,,0.6877936124801636,0.2096310704946518,0.5724430680274963,0.5732171535491943,0.8688830137252808,0.04195520281791687,0.0021645021624863148,0.6994533538818359,0.9909110069274902,0.8542696237564087,0.9990897178649902,0.9905410408973694,0.9956820607185364,0.9459863901138306,0.010822511278092861,0.015068317763507366,0.9782209992408752,0.06699908524751663,,,,,,,,,,,,,,,,,,,,,,,,,,,,,,,,,,,,,,,,,,,,,,,,,,,,,,,,
,2e-05,1e-05,1e-05,31713,,,,,,,,,,,,,,,,,,,,,,,,,,,,,,,,,,,,,,,,,,,,,,,,,,,,,,,,,,,,,,,,,,,,,,,,,,,,,,,,,,,,,,,,,,,,,,,,,,,,,,,,,,,,,,,,,,,,,,,,,,,,,,,,,,
33,,,,32673,,,,,,,,,,,,,,,,,,,,,,,,,,,,,,,,,,,,,,,,,,,,,,,,,,,,,,,,,,,,,,,,,,,,,,,,,,,0.7491073608398438,0.3684210479259491,0.6947334408760071,0.6583735346794128,0.8684509992599487,0.1872510015964508,0.9827570915222168,0.800000011920929,1.0,0.9513553380966187,0.9956340193748474,0.9960159659385681,0.6736842393875122,6.603423118591309,0.6267880201339722,7.265934467315674,0.6082435846328735,8.302310943603516,0.5675778388977051,10.012194633483887,0.7689242959022522,5.777990818023682,0.5991465449333191,0.3636317849159241,0.03799625113606453,0.17433156073093414,8.736804962158203,0.5675778388977051,0.6736630797386169,0.13325031101703644,0.6075891256332397,0.6498422622680664,0.8533368110656738,0.06637806445360184,0.9673110842704773,0.6637609004974365,1.0,0.9720941781997681,0.9676668643951416,0.9826839566230774,0.4844333827495575,10.713021278381348,0.577415406703949,8.81976318359375,0.5535064339637756,9.783575057983398,0.6033368110656738,9.012632369995117,0.6767676472663879,7.143345832824707,0.5822746753692627,0.3778853416442871,0.03739058971405029,0.18652431666851044,9.112466812133789,0.4844333827495575
33,,,,32673,,,,,,,,,,,,,,,,,,,,,,,,,,,,,,,,,,,,,,,,,,,,,,,,,,,,,,,,,0.6892170906066895,0.21158994734287262,0.57503342628479,0.5755731463432312,0.8690586686134338,0.044341687113046646,0.0021008404437452555,0.6964055299758911,0.9910554885864258,0.8576448559761047,0.9991136789321899,0.9906541109085083,0.9957186579704285,0.9471448659896851,0.012605042196810246,0.014679895713925362,0.9801464676856995,0.06164931878447533,,,,,,,,,,,,,,,,,,,,,,,,,,,,,,,,,,,,,,,,,,,,,,,,,,,,,,,,
,2e-05,1e-05,1e-05,32674,,,,,,,,,,,,,,,,,,,,,,,,,,,,,,,,,,,,,,,,,,,,,,,,,,,,,,,,,,,,,,,,,,,,,,,,,,,,,,,,,,,,,,,,,,,,,,,,,,,,,,,,,,,,,,,,,,,,,,,,,,,,,,,,,,
34,,,,33634,,,,,,,,,,,,,,,,,,,,,,,,,,,,,,,,,,,,,,,,,,,,,,,,,,,,,,,,,,,,,,,,,,,,,,,,,,,0.7518070340156555,0.3684210479259491,0.7100130319595337,0.6817675232887268,0.8544039726257324,0.16733068227767944,0.9859792590141296,0.8263157606124878,1.0,0.9639806747436523,0.9952543377876282,0.9960159659385681,0.6894736886024475,6.672918796539307,0.6225617527961731,7.452788829803467,0.6182695627212524,8.28111457824707,0.559415340423584,10.186039924621582,0.7410358786582947,6.832403182983398,0.5963598489761353,0.36596718430519104,0.03595300018787384,0.1769004464149475,8.876352310180664,0.559415340423584,0.6755209565162659,0.12577833235263824,0.6138372421264648,0.6699830293655396,0.8432488441467285,0.06204906105995178,0.9687672853469849,0.6799501776695251,1.0,0.9767046570777893,0.9672788381576538,0.9826839566230774,0.5006226897239685,10.604820251464844,0.5746723413467407,8.843567848205566,0.5569036602973938,9.658214569091797,0.598034143447876,9.148146629333496,0.6810966730117798,8.002974510192871,0.5807682871818542,0.37908923625946045,0.039508916437625885,0.18368031084537506,9.170644760131836,0.5006226897239685
34,,,,33634,,,,,,,,,,,,,,,,,,,,,,,,,,,,,,,,,,,,,,,,,,,,,,,,,,,,,,,,,0.6906083226203918,0.2133285105228424,0.5774703621864319,0.5778859853744507,0.8692874908447266,0.04673108831048012,0.0020408162381500006,0.692309558391571,0.9911850690841675,0.8607187867164612,0.9991390109062195,0.9907318353652954,0.9957523345947266,0.9483067989349365,0.014965986832976341,0.015176893211901188,0.9803676605224609,0.05896838754415512,,,,,,,,,,,,,,,,,,,,,,,,,,,,,,,,,,,,,,,,,,,,,,,,,,,,,,,,
,2e-05,1e-05,1e-05,33635,,,,,,,,,,,,,,,,,,,,,,,,,,,,,,,,,,,,,,,,,,,,,,,,,,,,,,,,,,,,,,,,,,,,,,,,,,,,,,,,,,,,,,,,,,,,,,,,,,,,,,,,,,,,,,,,,,,,,,,,,,,,,,,,,,
35,,,,34595,,,,,,,,,,,,,,,,,,,,,,,,,,,,,,,,,,,,,,,,,,,,,,,,,,,,,,,,,,,,,,,,,,,,,,,,,,,0.7525907754898071,0.378947377204895,0.6804291009902954,0.7077608704566956,0.8595292568206787,0.17131474614143372,0.9830183982849121,0.8105263113975525,1.0,0.9524693489074707,0.9952543377876282,0.9960159659385681,0.6684210300445557,7.58444881439209,0.6271131634712219,7.299198627471924,0.6108429431915283,8.579668045043945,0.559415340423584,10.139676094055176,0.7569721341133118,6.658801555633545,0.5957502126693726,0.3671564757823944,0.03497914969921112,0.17880608141422272,8.893473625183105,0.559415340423584,0.6757720112800598,0.13823163509368896,0.5877780914306641,0.6988595128059387,0.8489394783973694,0.06637806445360184,0.9678131937980652,0.6762142181396484,1.0,0.9725794792175293,0.9674081802368164,0.9826839566230774,0.4993773400783539,10.771339416503906,0.5736055970191956,8.62042236328125,0.552778422832489,9.778158187866211,0.6064407825469971,8.88187313079834,0.6724386811256409,7.450133800506592,0.5825257301330566,0.37642911076545715,0.04085390269756317,0.18864677846431732,9.006475448608398,0.4993773400783539
35,,,,34595,,,,,,,,,,,,,,,,,,,,,,,,,,,,,,,,,,,,,,,,,,,,,,,,,,,,,,,,,0.6919577121734619,0.21511097252368927,0.5799956917762756,0.5801358222961426,0.8694078922271729,0.048970818519592285,0.0019841270986944437,0.6903703212738037,0.9913164377212524,0.8637624382972717,0.9991589784622192,0.9908348321914673,0.9957873821258545,0.9494041800498962,0.015211639925837517,0.014451969414949417,0.9810572266578674,0.05795563384890556,,,,,,,,,,,,,,,,,,,,,,,,,,,,,,,,,,,,,,,,,,,,,,,,,,,,,,,,
,2e-05,1e-05,1e-05,34596,,,,,,,,,,,,,,,,,,,,,,,,,,,,,,,,,,,,,,,,,,,,,,,,,,,,,,,,,,,,,,,,,,,,,,,,,,,,,,,,,,,,,,,,,,,,,,,,,,,,,,,,,,,,,,,,,,,,,,,,,,,,,,,,,,
36,,,,35556,,,,,,,,,,,,,,,,,,,,,,,,,,,,,,,,,,,,,,,,,,,,,,,,,,,,,,,,,,,,,,,,,,,,,,,,,,,0.7487590312957764,0.37368419766426086,0.6739271879196167,0.6735982298851013,0.8718678951263428,0.1872510015964508,0.9874597191810608,0.821052610874176,1.0,0.9710360169410706,0.9950645565986633,0.9960159659385681,0.6473684310913086,7.704160690307617,0.6326397657394409,7.346238613128662,0.6160416007041931,8.508041381835938,0.5525816082954407,10.575845718383789,0.7649402618408203,5.683261394500732,0.5951406359672546,0.3668288290500641,0.036839041858911514,0.18064478039741516,9.074553489685059,0.5525816082954407,0.6748681664466858,0.13698630034923553,0.5800061225891113,0.6816306710243225,0.8620020747184753,0.07215007394552231,0.9694702625274658,0.6824408173561096,1.0,0.9803445935249329,0.9668908715248108,0.9826839566230774,0.4844333827495575,10.637988090515137,0.5667479634284973,8.841971397399902,0.5508371591567993,10.154701232910156,0.6038541197776794,9.348958015441895,0.6940836906433105,6.562628746032715,0.5790107846260071,0.38157331943511963,0.03748501092195511,0.18289083242416382,9.30265998840332,0.4844333827495575
36,,,,35556,,,,,,,,,,,,,,,,,,,,,,,,,,,,,,,,,,,,,,,,,,,,,,,,,,,,,,,,,0.6931820511817932,0.21681416034698486,0.5822879076004028,0.5821471810340881,0.8695396184921265,0.05076008290052414,0.00193050189409405,0.6915755271911621,0.9914425015449524,0.8665049076080322,0.9991791248321533,0.990921676158905,0.9958305954933167,0.9505245685577393,0.016087515279650688,0.014585680328309536,0.9810962080955505,0.05773133412003517,,,,,,,,,,,,,,,,,,,,,,,,,,,,,,,,,,,,,,,,,,,,,,,,,,,,,,,,
,2e-05,1e-05,1e-05,35557,,,,,,,,,,,,,,,,,,,,,,,,,,,,,,,,,,,,,,,,,,,,,,,,,,,,,,,,,,,,,,,,,,,,,,,,,,,,,,,,,,,,,,,,,,,,,,,,,,,,,,,,,,,,,,,,,,,,,,,,,,,,,,,,,,
37,,,,36517,,,,,,,,,,,,,,,,,,,,,,,,,,,,,,,,,,,,,,,,,,,,,,,,,,,,,,,,,,,,,,,,,,,,,,,,,,,0.7467560768127441,0.378947377204895,0.6654746532440186,0.6810249090194702,0.8692103028297424,0.17131474614143372,0.9931202530860901,0.8368421196937561,1.0,0.9896026849746704,0.9973424673080444,0.9960159659385681,0.678947389125824,7.38915491104126,0.6235370635986328,7.358328342437744,0.6097289323806763,8.783228874206543,0.5620728731155396,10.609068870544434,0.7848605513572693,6.290727615356445,0.596534013748169,0.36661913990974426,0.03552667796611786,0.17541441321372986,9.170858383178711,0.5620728731155396,0.6725583672523499,0.13698630034923553,0.5781773924827576,0.6762921810150146,0.8610967397689819,0.06493506580591202,0.9719809293746948,0.7222914099693298,1.0,0.992477536201477,0.963010847568512,0.9797979593276978,0.5093399882316589,9.83083724975586,0.5618714094161987,8.91678237915039,0.5520504713058472,10.286744117736816,0.612519383430481,9.128896713256836,0.6796537041664124,7.343783855438232,0.5814712643623352,0.3803859353065491,0.03700597584247589,0.17755712568759918,9.265035629272461,0.5093399882316589
37,,,,36517,,,,,,,,,,,,,,,,,,,,,,,,,,,,,,,,,,,,,,,,,,,,,,,,,,,,,,,,,0.6944056749343872,0.21852751076221466,0.5845121741294861,0.584204912185669,0.8696818351745605,0.05264761671423912,0.001879699295386672,0.6874226927757263,0.9915595054626465,0.869286060333252,0.9991994500160217,0.9910010099411011,0.9958541393280029,0.9515860080718994,0.020676691085100174,0.014715085737407207,0.9817597270011902,0.055199380964040756,,,,,,,,,,,,,,,,,,,,,,,,,,,,,,,,,,,,,,,,,,,,,,,,,,,,,,,,
,2e-05,1e-05,1e-05,36518,,,,,,,,,,,,,,,,,,,,,,,,,,,,,,,,,,,,,,,,,,,,,,,,,,,,,,,,,,,,,,,,,,,,,,,,,,,,,,,,,,,,,,,,,,,,,,,,,,,,,,,,,,,,,,,,,,,,,,,,,,,,,,,,,,
38,,,,37478,,,,,,,,,,,,,,,,,,,,,,,,,,,,,,,,,,,,,,,,,,,,,,,,,,,,,,,,,,,,,,,,,,,,,,,,,,,0.749542772769928,0.3842105269432068,0.6745773553848267,0.6598588824272156,0.8788914084434509,0.20717132091522217,0.9816250205039978,0.8315789699554443,1.0,0.9439287185668945,0.9956340193748474,1.0,0.6315789222717285,7.4078874588012695,0.6332899928092957,7.845048904418945,0.6052729487419128,8.9773530960083,0.555239200592041,11.07470989227295,0.7649402618408203,6.069426536560059,0.5937472581863403,0.3692571520805359,0.03434585779905319,0.17386941611766815,9.538723945617676,0.555239200592041,0.6783831119537354,0.13325031101703644,0.5864065885543823,0.6728949546813965,0.8700206875801086,0.0793650820851326,0.9684659838676453,0.7247820496559143,1.0,0.9655423164367676,0.9676668643951416,0.9841269850730896,0.47447073459625244,12.05417251586914,0.5760439038276672,9.480692863464355,0.5547197461128235,10.33737564086914,0.6076047420501709,9.642691612243652,0.6854256987571716,7.254236698150635,0.5835801959037781,0.37760841846466064,0.037496618926525116,0.17667818069458008,9.746655464172363,0.47447073459625244
38,,,,37478,,,,,,,,,,,,,,,,,,,,,,,,,,,,,,,,,,,,,,,,,,,,,,,,,,,,,,,,,0.6955982446670532,0.22005575895309448,0.5865917801856995,0.5862550139427185,0.8698520660400391,0.054594602435827255,0.0018315018387511373,0.6841171383857727,0.9916688203811646,0.8718435168266296,0.999218761920929,0.9910719394683838,0.9958823919296265,0.9525617361068726,0.02319902367889881,0.014627502299845219,0.9826834797859192,0.052834466099739075,,,,,,,,,,,,,,,,,,,,,,,,,,,,,,,,,,,,,,,,,,,,,,,,,,,,,,,,
,2e-05,1e-05,1e-05,37479,,,,,,,,,,,,,,,,,,,,,,,,,,,,,,,,,,,,,,,,,,,,,,,,,,,,,,,,,,,,,,,,,,,,,,,,,,,,,,,,,,,,,,,,,,,,,,,,,,,,,,,,,,,,,,,,,,,,,,,,,,,,,,,,,,
39,,,,38439,,,,,,,,,,,,,,,,,,,,,,,,,,,,,,,,,,,,,,,,,,,,,,,,,,,,,,,,,,,,,,,,,,,,,,,,,,,0.7521553635597229,0.378947377204895,0.6921326518058777,0.6769402027130127,0.8657934665679932,0.20717132091522217,0.9777061939239502,0.42105263471603394,1.0,0.9535833597183228,0.9971526265144348,0.9960159659385681,0.6736842393875122,7.125481128692627,0.6381664276123047,7.795709133148193,0.6108429431915283,8.745442390441895,0.5580865740776062,10.692694664001465,0.7569721341133118,6.114973545074463,0.5982757210731506,0.36525851488113403,0.03556786850094795,0.17212854325771332,9.305144309997559,0.5580865740776062,0.679136335849762,0.13325031101703644,0.6066747903823853,0.6639165282249451,0.8586394190788269,0.08946608752012253,0.9615867733955383,0.5080946683883667,1.0,0.9728221297264099,0.9693481922149658,0.9754689931869507,0.5093399882316589,10.6619234085083,0.5675098896026611,9.560035705566406,0.5552050471305847,10.03451156616211,0.6101914048194885,9.491236686706543,0.6883116960525513,6.850735187530518,0.5833793878555298,0.3799571692943573,0.03440340235829353,0.17018580436706543,9.581300735473633,0.5093399882316589
39,,,,38439,,,,,,,,,,,,,,,,,,,,,,,,,,,,,,,,,,,,,,,,,,,,,,,,,,,,,,,,,0.6967422366142273,0.22164981067180634,0.5885984301567078,0.5882812142372131,0.869963526725769,0.05664229020476341,0.0017857142956927419,0.6827831268310547,0.9917727112770081,0.8742414712905884,0.9992359280586243,0.9911407232284546,0.9959099292755127,0.9535039663314819,0.02559523843228817,0.014449154026806355,0.9838283658027649,0.04996934160590172,,,,,,,,,,,,,,,,,,,,,,,,,,,,,,,,,,,,,,,,,,,,,,,,,,,,,,,,
,2e-05,1e-05,1e-05,38440,,,,,,,,,,,,,,,,,,,,,,,,,,,,,,,,,,,,,,,,,,,,,,,,,,,,,,,,,,,,,,,,,,,,,,,,,,,,,,,,,,,,,,,,,,,,,,,,,,,,,,,,,,,,,,,,,,,,,,,,,,,,,,,,,,
40,,,,39400,,,,,,,,,,,,,,,,,,,,,,,,,,,,,,,,,,,,,,,,,,,,,,,,,,,,,,,,,,,,,,,,,,,,,,,,,,,0.7545066475868225,0.3842105269432068,0.6888816356658936,0.6917935609817505,0.864654541015625,0.2151394486427307,0.9922494292259216,0.800000011920929,1.0,0.9910880327224731,0.995823860168457,1.0,0.6684210300445557,7.852194786071777,0.6280884146690369,7.398880958557129,0.6186408996582031,8.948931694030762,0.5615034103393555,10.662346839904785,0.7808765172958374,6.458032608032227,0.5994077920913696,0.36636149883270264,0.03240817040205002,0.16614776849746704,9.254325866699219,0.5615034103393555,0.6782826781272888,0.1357409656047821,0.5960072875022888,0.6847852468490601,0.8545007705688477,0.08513708412647247,0.9720813632011414,0.6625155806541443,1.0,0.9946615099906921,0.9676668643951416,0.9870129823684692,0.496886670589447,11.681587219238281,0.5743675827980042,8.892704010009766,0.5595729351043701,10.223614692687988,0.6130367517471313,9.450485229492188,0.6969696879386902,7.663989543914795,0.5874968767166138,0.37443166971206665,0.03650926426053047,0.17815446853637695,9.453363418579102,0.496886670589447
40,,,,39400,,,,,,,,,,,,,,,,,,,,,,,,,,,,,,,,,,,,,,,,,,,,,,,,,,,,,,,,,0.6978057026863098,0.2231661081314087,0.590458333492279,0.5902496576309204,0.8700225949287415,0.05860495567321777,0.001742160296998918,0.6784143447875977,0.9918730854988098,0.876676619052887,0.999254584312439,0.9912034273147583,0.9959354400634766,0.9542961716651917,0.02961672469973564,0.01445356197655201,0.9847521185874939,0.0467352531850338,,,,,,,,,,,,,,,,,,,,,,,,,,,,,,,,,,,,,,,,,,,,,,,,,,,,,,,,
,2e-05,1e-05,1e-05,39401,,,,,,,,,,,,,,,,,,,,,,,,,,,,,,,,,,,,,,,,,,,,,,,,,,,,,,,,,,,,,,,,,,,,,,,,,,,,,,,,,,,,,,,,,,,,,,,,,,,,,,,,,,,,,,,,,,,,,,,,,,,,,,,,,,
41,,,,40361,,,,,,,,,,,,,,,,,,,,,,,,,,,,,,,,,,,,,,,,,,,,,,,,,,,,,,,,,,,,,,,,,,,,,,,,,,,0.7494556903839111,0.3842105269432068,0.6927828192710876,0.6620869040489197,0.8667426109313965,0.21115538477897644,0.9871113896369934,0.8421052694320679,1.0,0.9624953866004944,0.9979119300842285,0.9960159659385681,0.6684210300445557,7.055513381958008,0.6303641200065613,7.76443338394165,0.6164129376411438,8.716166496276855,0.5637813210487366,10.472346305847168,0.7649402618408203,6.6819586753845215,0.600191593170166,0.36357900500297546,0.03604159504175186,0.17247582972049713,9.19709300994873,0.5637813210487366,0.6795380115509033,0.12079700827598572,0.6110941767692566,0.6636738777160645,0.8588981032371521,0.07215007394552231,0.9716796278953552,0.7235367298126221,1.0,0.9762193560600281,0.9707708358764648,0.9797979593276978,0.4881693720817566,10.99873161315918,0.5662907361984253,9.206840515136719,0.562484860420227,9.886302947998047,0.6113554239273071,9.33995246887207,0.6753246784210205,7.377767086029053,0.5836304426193237,0.37798821926116943,0.03788606822490692,0.17728014290332794,9.406551361083984,0.4881693720817566
41,,,,40361,,,,,,,,,,,,,,,,,,,,,,,,,,,,,,,,,,,,,,,,,,,,,,,,,,,,,,,,,0.6988317966461182,0.22470049560070038,0.5922478437423706,0.5920040607452393,0.8701465725898743,0.060648269951343536,0.001700680237263441,0.6808187365531921,0.9919649958610535,0.8788604140281677,0.9992677569389343,0.9912510514259338,0.9959617853164673,0.9551666975021362,0.032879818230867386,0.014056888408958912,0.9838283658027649,0.04886104539036751,,,,,,,,,,,,,,,,,,,,,,,,,,,,,,,,,,,,,,,,,,,,,,,,,,,,,,,,
,2e-05,1e-05,1e-05,40362,,,,,,,,,,,,,,,,,,,,,,,,,,,,,,,,,,,,,,,,,,,,,,,,,,,,,,,,,,,,,,,,,,,,,,,,,,,,,,,,,,,,,,,,,,,,,,,,,,,,,,,,,,,,,,,,,,,,,,,,,,,,,,,,,,
42,,,,41322,,,,,,,,,,,,,,,,,,,,,,,,,,,,,,,,,,,,,,,,,,,,,,,,,,,,,,,,,,,,,,,,,,,,,,,,,,,0.7482365369796753,0.37368419766426086,0.6833550333976746,0.6446342468261719,0.8788914084434509,0.21115538477897644,0.9927719235420227,0.800000011920929,1.0,0.9896026849746704,0.9977220892906189,1.0,0.6684210300445557,7.261865139007568,0.6284134984016418,7.523781776428223,0.6108429431915283,8.999221801757812,0.5658693909645081,10.75529956817627,0.7649402618408203,6.232146739959717,0.5993207097053528,0.36449742317199707,0.033755429089069366,0.1754351258277893,9.327363967895508,0.5658693909645081,0.680040180683136,0.13449564576148987,0.6063700318336487,0.6495996117591858,0.869503378868103,0.08080808073282242,0.9717298746109009,0.661270260810852,1.0,0.9917495846748352,0.9684428572654724,0.9870129823684692,0.465753436088562,12.196972846984863,0.5726912617683411,9.148270606994629,0.5634554624557495,10.296433448791504,0.6037247776985168,9.703794479370117,0.7027416825294495,6.975109577178955,0.5830278396606445,0.3792557418346405,0.0369596891105175,0.17252513766288757,9.648322105407715,0.465753436088562
42,,,,41322,,,,,,,,,,,,,,,,,,,,,,,,,,,,,,,,,,,,,,,,,,,,,,,,,,,,,,,,,0.6998226046562195,0.22626642882823944,0.5940262079238892,0.5936442017555237,0.8702540993690491,0.06273826211690903,0.001661129528656602,0.6822287440299988,0.9920589327812195,0.8810895681381226,0.9992836713790894,0.9913108944892883,0.9959848523139954,0.9559826254844666,0.03654485195875168,0.013651750050485134,0.9839194416999817,0.0481017604470253,,,,,,,,,,,,,,,,,,,,,,,,,,,,,,,,,,,,,,,,,,,,,,,,,,,,,,,,
,2e-05,1e-05,1e-05,41323,,,,,,,,,,,,,,,,,,,,,,,,,,,,,,,,,,,,,,,,,,,,,,,,,,,,,,,,,,,,,,,,,,,,,,,,,,,,,,,,,,,,,,,,,,,,,,,,,,,,,,,,,,,,,,,,,,,,,,,,,,,,,,,,,,
43,,,,42283,,,,,,,,,,,,,,,,,,,,,,,,,,,,,,,,,,,,,,,,,,,,,,,,,,,,,,,,,,,,,,,,,,,,,,,,,,,0.7521553635597229,0.38947367668151855,0.7005851864814758,0.6735982298851013,0.8627562522888184,0.19521912932395935,0.9853696823120117,0.41578948497772217,0.9990246891975403,0.9896026849746704,0.9962034821510315,0.9960159659385681,0.6631578803062439,7.760083198547363,0.6245123744010925,8.233304023742676,0.6019309163093567,9.256298065185547,0.5649202466011047,11.330659866333008,0.737051784992218,7.304622173309326,0.5950535535812378,0.3718579411506653,0.030842676758766174,0.16048601269721985,9.875324249267578,0.5649202466011047,0.679337203502655,0.13698630034923553,0.6083511114120483,0.6794467568397522,0.8502327799797058,0.07647907733917236,0.9652523398399353,0.496886670589447,0.9996952414512634,0.9939334988594055,0.9683135151863098,0.9826839566230774,0.4806973934173584,13.112797737121582,0.5678147077560425,9.597186088562012,0.5600582361221313,10.473706245422363,0.6048887968063354,10.10091495513916,0.6911976933479309,7.330212593078613,0.5813708305358887,0.38186559081077576,0.036380790174007416,0.16686740517616272,10.036038398742676,0.4806973934173584
43,,,,42283,,,,,,,,,,,,,,,,,,,,,,,,,,,,,,,,,,,,,,,,,,,,,,,,,,,,,,,,,0.7008141875267029,0.22760315239429474,0.5958082675933838,0.5953080654144287,0.870368480682373,0.06463630497455597,0.001623376621864736,0.6764508485794067,0.9921566247940063,0.8832749128341675,0.9992988705635071,0.9913858771324158,0.9960134625434875,0.9567614197731018,0.03950216621160507,0.012885037809610367,0.9858319163322449,0.04253494367003441,,,,,,,,,,,,,,,,,,,,,,,,,,,,,,,,,,,,,,,,,,,,,,,,,,,,,,,,
,2e-05,1e-05,1e-05,42284,,,,,,,,,,,,,,,,,,,,,,,,,,,,,,,,,,,,,,,,,,,,,,,,,,,,,,,,,,,,,,,,,,,,,,,,,,,,,,,,,,,,,,,,,,,,,,,,,,,,,,,,,,,,,,,,,,,,,,,,,,,,,,,,,,
44,,,,43244,,,,,,,,,,,,,,,,,,,,,,,,,,,,,,,,,,,,,,,,,,,,,,,,,,,,,,,,,,,,,,,,,,,,,,,,,,,0.75581294298172,0.378947377204895,0.6879063844680786,0.7029335498809814,0.8606681823730469,0.25498008728027344,0.985805094242096,0.4421052634716034,1.0,0.9892313480377197,0.9956340193748474,1.0,0.7052631378173828,7.479479789733887,0.6235370635986328,8.148160934448242,0.6104716062545776,9.084962844848633,0.5679574608802795,11.001384735107422,0.7689242959022522,6.591084003448486,0.5995820164680481,0.3657003939151764,0.0350685641169548,0.16118250787258148,9.646783828735352,0.5679574608802795,0.680241048336029,0.12079700827598572,0.5963121056556702,0.7051686644554138,0.8488101363182068,0.09812410175800323,0.9658548831939697,0.5168119668960571,1.0,0.9927201867103577,0.9677961468696594,0.9870129823684692,0.49066001176834106,12.777270317077637,0.5702529549598694,9.400476455688477,0.5600582361221313,10.077709197998047,0.6087687611579895,9.914274215698242,0.6911976933479309,7.617621421813965,0.5840823650360107,0.3796730041503906,0.03466689586639404,0.1692526936531067,9.813520431518555,0.49066001176834106
44,,,,43244,,,,,,,,,,,,,,,,,,,,,,,,,,,,,,,,,,,,,,,,,,,,,,,,,,,,,,,,,0.7017845511436462,0.22896474599838257,0.5974825024604797,0.5969653129577637,0.8705129027366638,0.06632812321186066,0.0015873016091063619,0.6755077242851257,0.9922436475753784,0.8852788209915161,0.9993123412132263,0.9914475083351135,0.9960337281227112,0.9575462341308594,0.04285714402794838,0.013463621959090233,0.9859750270843506,0.04318809136748314,,,,,,,,,,,,,,,,,,,,,,,,,,,,,,,,,,,,,,,,,,,,,,,,,,,,,,,,
,2e-05,1e-05,1e-05,43245,,,,,,,,,,,,,,,,,,,,,,,,,,,,,,,,,,,,,,,,,,,,,,,,,,,,,,,,,,,,,,,,,,,,,,,,,,,,,,,,,,,,,,,,,,,,,,,,,,,,,,,,,,,,,,,,,,,,,,,,,,,,,,,,,,
45,,,,44205,,,,,,,,,,,,,,,,,,,,,,,,,,,,,,,,,,,,,,,,,,,,,,,,,,,,,,,,,,,,,,,,,,,,,,,,,,,0.7510232329368591,0.37368419766426086,0.7012353539466858,0.6476048827171326,0.8730068206787109,0.21115538477897644,0.9857180118560791,0.41578948497772217,1.0,0.9925733208656311,0.9948747158050537,0.9960159659385681,0.6842105388641357,7.26343297958374,0.6280884146690369,8.203126907348633,0.6130709052085876,9.215038299560547,0.5639711618423462,10.966682434082031,0.7490040063858032,6.830286979675293,0.5987111330032349,0.36698082089424133,0.02997436188161373,0.1671137511730194,9.672496795654297,0.5639711618423462,0.6819984912872314,0.08966375887393951,0.6179518699645996,0.6539674997329712,0.8669167160987854,0.08225107938051224,0.9625408053398132,0.496886670589447,1.0,0.9944188594818115,0.9608122110366821,0.9826839566230774,0.4881693720817566,11.649330139160156,0.5704053640365601,9.65827751159668,0.5610288977622986,10.400912284851074,0.6082514524459839,9.951303482055664,0.709956705570221,7.3954386711120605,0.584735095500946,0.37899765372276306,0.03546430543065071,0.16824163496494293,9.925469398498535,0.4881693720817566
45,,,,44205,,,,,,,,,,,,,,,,,,,,,,,,,,,,,,,,,,,,,,,,,,,,,,,,,,,,,,,,,0.7026912569999695,0.23028087615966797,0.599082887172699,0.5984992980957031,0.8706185817718506,0.06818483024835587,0.001552795059978962,0.67561274766922,0.9923254251480103,0.8871269226074219,0.9993252158164978,0.9914991855621338,0.9960606694221497,0.9582836627960205,0.043478261679410934,0.013573285192251205,0.9859099984169006,0.04348650947213173,,,,,,,,,,,,,,,,,,,,,,,,,,,,,,,,,,,,,,,,,,,,,,,,,,,,,,,,
,2e-05,1e-05,1e-05,44206,,,,,,,,,,,,,,,,,,,,,,,,,,,,,,,,,,,,,,,,,,,,,,,,,,,,,,,,,,,,,,,,,,,,,,,,,,,,,,,,,,,,,,,,,,,,,,,,,,,,,,,,,,,,,,,,,,,,,,,,,,,,,,,,,,
46,,,,45166,,,,,,,,,,,,,,,,,,,,,,,,,,,,,,,,,,,,,,,,,,,,,,,,,,,,,,,,,,,,,,,,,,,,,,,,,,,0.7553775310516357,0.3842105269432068,0.7002601027488708,0.697363555431366,0.8568716645240784,0.21912351250648499,0.9790995121002197,0.4263157844543457,1.0,0.9628666639328003,0.9950645565986633,1.0,0.678947389125824,7.5390729904174805,0.6261378526687622,8.670284271240234,0.6160416007041931,9.173161506652832,0.5683371424674988,11.248711585998535,0.7569721341133118,7.102194786071777,0.6010624170303345,0.36424520611763,0.03680732846260071,0.15901006758213043,9.923585891723633,0.5683371424674988,0.6838061809539795,0.12577833235263824,0.6121609210968018,0.6864838600158691,0.8551474213600159,0.08513708412647247,0.9622897505760193,0.529265284538269,1.0,0.9754914045333862,0.966502845287323,0.9870129823684692,0.49066001176834106,12.688298225402832,0.5745199918746948,9.919272422790527,0.5644261240959167,10.103129386901855,0.6112260818481445,10.070268630981445,0.7085137367248535,7.680750846862793,0.5879487991333008,0.37705910205841064,0.03433322161436081,0.1618196815252304,10.048523902893066,0.49066001176834106
46,,,,45166,,,,,,,,,,,,,,,,,,,,,,,,,,,,,,,,,,,,,,,,,,,,,,,,,,,,,,,,,0.7035233378410339,0.23156790435314178,0.600644588470459,0.5998580455780029,0.8706769943237305,0.06997549533843994,0.0015197568573057652,0.6744135618209839,0.9924139976501465,0.8890039324760437,0.9993375539779663,0.991571307182312,0.9960907101631165,0.9589767456054688,0.04609929025173187,0.012558896094560623,0.9860791563987732,0.04184701293706894,,,,,,,,,,,,,,,,,,,,,,,,,,,,,,,,,,,,,,,,,,,,,,,,,,,,,,,,
,2e-05,1e-05,1e-05,45167,,,,,,,,,,,,,,,,,,,,,,,,,,,,,,,,,,,,,,,,,,,,,,,,,,,,,,,,,,,,,,,,,,,,,,,,,,,,,,,,,,,,,,,,,,,,,,,,,,,,,,,,,,,,,,,,,,,,,,,,,,,,,,,,,,
47,,,,46127,,,,,,,,,,,,,,,,,,,,,,,,,,,,,,,,,,,,,,,,,,,,,,,,,,,,,,,,,,,,,,,,,,,,,,,,,,,0.7504136562347412,0.3842105269432068,0.6801040172576904,0.6658002138137817,0.8737661242485046,0.22310757637023926,0.9852825999259949,0.44736841320991516,1.0,0.9899740219116211,0.9939255714416504,1.0,0.6736842393875122,7.532656669616699,0.6199609637260437,8.268184661865234,0.613813579082489,9.355647087097168,0.5681473016738892,11.172674179077148,0.7649402618408203,6.577598571777344,0.5988852977752686,0.36747580766677856,0.03256290778517723,0.15945613384246826,9.815412521362305,0.5681473016738892,0.6821993589401245,0.13449564576148987,0.5955501198768616,0.6743508577346802,0.8692446947097778,0.10101009905338287,0.9640471935272217,0.5429638624191284,1.0,0.9934481978416443,0.9600362181663513,0.9870129823684692,0.4806973934173584,13.57217025756836,0.5731484293937683,9.74384593963623,0.5622421503067017,10.468656539916992,0.6165286898612976,9.997565269470215,0.6926407217979431,7.509415149688721,0.5881496071815491,0.3761272430419922,0.03475742042064667,0.16450266540050507,10.068585395812988,0.4806973934173584
47,,,,46127,,,,,,,,,,,,,,,,,,,,,,,,,,,,,,,,,,,,,,,,,,,,,,,,,,,,,,,,,0.7044010162353516,0.23289348185062408,0.6021491885185242,0.6013309955596924,0.8708100914955139,0.07176772505044937,0.0014880952658131719,0.6723969578742981,0.9924982786178589,0.8907764554023743,0.9993493556976318,0.991641640663147,0.9961164593696594,0.95966637134552,0.0496031753718853,0.012508250772953033,0.9861051440238953,0.041274718940258026,,,,,,,,,,,,,,,,,,,,,,,,,,,,,,,,,,,,,,,,,,,,,,,,,,,,,,,,
,2e-05,1e-05,1e-05,46128,,,,,,,,,,,,,,,,,,,,,,,,,,,,,,,,,,,,,,,,,,,,,,,,,,,,,,,,,,,,,,,,,,,,,,,,,,,,,,,,,,,,,,,,,,,,,,,,,,,,,,,,,,,,,,,,,,,,,,,,,,,,,,,,,,
48,,,,47088,,,,,,,,,,,,,,,,,,,,,,,,,,,,,,,,,,,,,,,,,,,,,,,,,,,,,,,,,,,,,,,,,,,,,,,,,,,0.7528520226478577,0.378947377204895,0.6866059899330139,0.6646862030029297,0.875284731388092,0.23904383182525635,0.9939040541648865,0.8157894611358643,1.0,0.9925733208656311,0.9981017708778381,1.0,0.678947389125824,7.721954345703125,0.6332899928092957,8.267890930175781,0.6134422421455383,9.313024520874023,0.5692862272262573,11.166816711425781,0.788844645023346,6.7938947677612305,0.6035008430480957,0.3647189736366272,0.031605079770088196,0.15164099633693695,9.816961288452148,0.5692862272262573,0.6830529570579529,0.12453299760818481,0.6031697392463684,0.666343092918396,0.869891345500946,0.10533910244703293,0.9710770845413208,0.6762142181396484,1.0,0.9934481978416443,0.9643042087554932,0.9870129823684692,0.48692402243614197,13.936321258544922,0.571014940738678,9.84040641784668,0.5685513019561768,10.180732727050781,0.6112260818481445,9.935036659240723,0.7272727489471436,7.32326602935791,0.5881998538970947,0.37719348073005676,0.03404267877340317,0.16155073046684265,10.025106430053711,0.48692402243614197
48,,,,47088,,,,,,,,,,,,,,,,,,,,,,,,,,,,,,,,,,,,,,,,,,,,,,,,,,,,,,,,,0.7052322626113892,0.23413917422294617,0.6036351919174194,0.6027576327323914,0.8708879947662354,0.07337486743927002,0.0014577260008081794,0.6713441014289856,0.9925743937492371,0.8924508094787598,0.9993606805801392,0.9917056560516357,0.9961382746696472,0.9602780938148499,0.051020409911870956,0.012632661499083042,0.986729621887207,0.041281379759311676,,,,,,,,,,,,,,,,,,,,,,,,,,,,,,,,,,,,,,,,,,,,,,,,,,,,,,,,
,2e-05,1e-05,1e-05,47089,,,,,,,,,,,,,,,,,,,,,,,,,,,,,,,,,,,,,,,,,,,,,,,,,,,,,,,,,,,,,,,,,,,,,,,,,,,,,,,,,,,,,,,,,,,,,,,,,,,,,,,,,,,,,,,,,,,,,,,,,,,,,,,,,,
49,,,,48049,,,,,,,,,,,,,,,,,,,,,,,,,,,,,,,,,,,,,,,,,,,,,,,,,,,,,,,,,,,,,,,,,,,,,,,,,,,0.7548549771308899,0.38947367668151855,0.6901820302009583,0.6676568984985352,0.8775626420974731,0.19920319318771362,0.9920752644538879,0.8473684191703796,1.0,0.9884886741638184,0.9952543377876282,0.9960159659385681,0.6631578803062439,8.0955228805542,0.6206111907958984,8.403509140014648,0.6141849160194397,9.191984176635742,0.5571374297142029,11.395173072814941,0.7649402618408203,7.163393497467041,0.593921422958374,0.37287771701812744,0.030242333188652992,0.1583777219057083,9.930824279785156,0.5571374297142029,0.6875219941139221,0.1357409656047821,0.6167327165603638,0.6775054335594177,0.8652353882789612,0.07792207598686218,0.9728847742080688,0.698630154132843,1.0,0.9929628968238831,0.9672788381576538,0.9826839566230774,0.4993773400783539,12.115676879882812,0.5684242844581604,9.926935195922852,0.5719485282897949,10.513714790344238,0.6048887968063354,10.04096794128418,0.7041847109794617,7.559192657470703,0.5852372646331787,0.38019290566444397,0.03326992318034172,0.1619339883327484,10.09774398803711,0.4993773400783539
49,,,,48049,,,,,,,,,,,,,,,,,,,,,,,,,,,,,,,,,,,,,,,,,,,,,,,,,,,,,,,,,0.7060320377349854,0.2354108691215515,0.6050255298614502,0.6041293740272522,0.8709782958030701,0.07503961026668549,0.0014285714132711291,0.6678085327148438,0.9926497936248779,0.8940834403038025,0.9993725419044495,0.991763710975647,0.9961592555046082,0.9609628319740295,0.05285714194178581,0.012763459235429764,0.987185001373291,0.03861226513981819,,,,,,,,,,,,,,,,,,,,,,,,,,,,,,,,,,,,,,,,,,,,,,,,,,,,,,,,
50,,,,48050,0.7224331498146057,0.31578946113586426,0.6089456677436829,0.6340343952178955,0.8801941871643066,0.0917431190609932,0.9766045808792114,0.8086124658584595,1.0,0.9495219588279724,0.9833009839057922,0.9908257126808167,0.7368420958518982,3.128899335861206,0.610223650932312,4.6872735023498535,0.5636711120605469,6.206445217132568,0.5582524538040161,6.219606399536133,0.7201834917068481,3.28647518157959,0.580206573009491,0.3522785007953644,0.07074270397424698,0.32003578543663025,5.699825763702393,0.5582524538040161,0.5712864398956299,0.0050134980119764805,0.5492272973060608,0.6723755598068237,0.8310003280639648,0.007507507689297199,0.9237832427024841,0.5827227234840393,1.0,0.9850896596908569,0.9131102561950684,0.9759759902954102,0.3382182717323303,10.351961135864258,0.5372632145881653,6.0141143798828125,0.5399959683418274,6.127058029174805,0.5404574871063232,6.458332061767578,0.6021021008491516,5.0742621421813965,0.5174145102500916,0.4059273302555084,0.08122082054615021,0.32296833395957947,6.653815746307373,0.3382182717323303,,,,,,,,,,,,,,,,,,,,,,,,,,,,,,,,,,,,,,,,,,,,,,,,,,,,,,,,,,,,,,,,,,,,,,,,,,
