epoch,lr-Adam,lr-Adam-1,step,train/train-hr-domain-acc,train/train-hr-domain-acc-africa,train/train-hr-domain-acc-americas,train/train-hr-domain-acc-europe,train/train-hr-domain-acc-oceania,train/train-hr-domain-acc-other,train/train-hr-domain-loss,train/train-task-acc,train/train-task-loss,val/val-id-hr-domain-acc,val/val-id-hr-domain-acc-africa,val/val-id-hr-domain-acc-americas,val/val-id-hr-domain-acc-europe,val/val-id-hr-domain-acc-oceania,val/val-id-region-africa-task-acc,val/val-id-region-africa-task-loss,val/val-id-region-africa-top5-task-acc,val/val-id-region-americas-task-acc,val/val-id-region-americas-task-loss,val/val-id-region-americas-top5-task-acc,val/val-id-region-europe-task-acc,val/val-id-region-europe-task-loss,val/val-id-region-europe-top5-task-acc,val/val-id-region-oceania-task-acc,val/val-id-region-oceania-task-loss,val/val-id-region-oceania-top5-task-acc,val/val-id-task-acc,val/val-id-task-ece,val/val-id-task-entropy-correct,val/val-id-task-entropy-incorrect,val/val-id-task-loss,val/val-id-top5-task-acc,val/val-id-worst-group-task-acc,val/val-id-worst-group-top5-task-acc,val/val-od-hr-domain-acc,val/val-od-hr-domain-acc-africa,val/val-od-hr-domain-acc-americas,val/val-od-hr-domain-acc-europe,val/val-od-hr-domain-acc-oceania,val/val-od-region-africa-task-acc,val/val-od-region-africa-task-loss,val/val-od-region-africa-top5-task-acc,val/val-od-region-americas-task-acc,val/val-od-region-americas-task-loss,val/val-od-region-americas-top5-task-acc,val/val-od-region-europe-task-acc,val/val-od-region-europe-task-loss,val/val-od-region-europe-top5-task-acc,val/val-od-region-oceania-task-acc,val/val-od-region-oceania-task-loss,val/val-od-region-oceania-top5-task-acc,val/val-od-task-acc,val/val-od-task-ece,val/val-od-task-entropy-correct,val/val-od-task-entropy-incorrect,val/val-od-task-loss,val/val-od-top5-task-acc,val/val-od-worst-group-task-acc,val/val-od-worst-group-top5-task-acc
,2e-05,1e-05,0,,,,,,,,,,,,,,,,,,,,,,,,,,,,,,,,,,,,,,,,,,,,,,,,,,,,,,,,,,,
0,,,461,,,,,,,,,,0.5739476680755615,0.0,0.13686606287956238,0.8777524828910828,0.0,0.4684210419654846,2.2187416553497314,0.6315789222717285,0.3517555296421051,2.7107322216033936,0.600130021572113,0.31283220648765564,2.7986068725585938,0.5687167644500732,0.3585657477378845,2.5378050804138184,0.7211155295372009,0.3313993215560913,0.09404563903808594,2.572481393814087,3.510338068008423,2.7476112842559814,0.5855517387390137,0.31283220648765564,0.5687167644500732,0.49791058897972107,0.0,0.1299908608198166,0.9067511558532715,0.0,0.2478206753730774,3.001099109649658,0.47073474526405334,0.3139286935329437,2.7887821197509766,0.5896068215370178,0.3669167160987854,2.594121217727661,0.602948784828186,0.3030303120613098,2.6367759704589844,0.6450216174125671,0.33601367473602295,0.07699783146381378,2.4397289752960205,3.4469387531280518,2.697942018508911,0.5925034880638123,0.2478206753730774,0.47073474526405334
0,,,461,0.5305652618408203,0.0044247787445783615,0.08077051490545273,0.850959300994873,0.0024375380016863346,0.0,1.1470555067062378,0.21692010760307312,3.258579730987549,,,,,,,,,,,,,,,,,,,,,,,,,,,,,,,,,,,,,,,,,,,,,,,,,,
,2e-05,1e-05,462,,,,,,,,,,,,,,,,,,,,,,,,,,,,,,,,,,,,,,,,,,,,,,,,,,,,,,,,,,,
1,,,923,,,,,,,,,,0.6857792735099792,0.0,0.41059818863868713,0.9045178294181824,0.0,0.5210526585578918,1.9532761573791504,0.7105262875556946,0.4330299198627472,2.2119786739349365,0.7181404232978821,0.40299925208091736,2.3403220176696777,0.6708428263664246,0.5179283022880554,1.9499658346176147,0.8525896668434143,0.41956770420074463,0.08670568466186523,2.093796491622925,3.1914560794830322,2.275477170944214,0.6935153603553772,0.40299925208091736,0.6708428263664246,0.6060529351234436,0.0,0.4017067849636078,0.897051215171814,0.0,0.31631383299827576,2.7044334411621094,0.5828144550323486,0.41206949949264526,2.3410727977752686,0.6933861374855042,0.4609415531158447,2.13277530670166,0.700982928276062,0.44155845046043396,2.115844964981079,0.8051947951316833,0.4323793947696686,0.07872913777828217,2.0205297470092773,3.1429128646850586,2.2479703426361084,0.6963403820991516,0.31631383299827576,0.5828144550323486
1,,,923,0.582339882850647,0.0022123893722891808,0.17758546769618988,0.880615234375,0.0012187690008431673,0.0,0.8692950010299683,0.3820401728153229,2.4697470664978027,,,,,,,,,,,,,,,,,,,,,,,,,,,,,,,,,,,,,,,,,,,,,,,,,,
,2e-05,1e-05,924,,,,,,,,,,,,,,,,,,,,,,,,,,,,,,,,,,,,,,,,,,,,,,,,,,,,,,,,,,,
2,,,1385,,,,,,,,,,0.7187713384628296,0.0,0.5396618843078613,0.8842065334320068,0.0,0.5736842155456543,1.7731879949569702,0.7263157963752747,0.5016254782676697,1.896955966949463,0.7818595767021179,0.45956718921661377,2.075350761413574,0.731776773929596,0.5896414518356323,1.6058323383331299,0.8525896668434143,0.4806598424911499,0.08369377255439758,1.8720486164093018,2.9814250469207764,1.9925512075424194,0.7527872323989868,0.45956718921661377,0.7263157963752747,0.6458781957626343,0.0,0.5312404632568359,0.868468701839447,0.0,0.364881694316864,2.4720475673675537,0.6550436019897461,0.46357816457748413,2.0642642974853516,0.7496190071105957,0.5124159455299377,1.8694140911102295,0.7622866034507751,0.5194805264472961,1.768797516822815,0.8542568683624268,0.48493099212646484,0.07037905603647232,1.7957011461257935,2.952256917953491,1.9768452644348145,0.7555400729179382,0.364881694316864,0.6550436019897461
2,,,1385,0.621769905090332,0.0014749262481927872,0.2785009443759918,0.8867570757865906,0.0008125127060338855,0.0,0.7586674094200134,0.4708233177661896,2.079251527786255,,,,,,,,,,,,,,,,,,,,,,,,,,,,,,,,,,,,,,,,,,,,,,,,,,
,2e-05,1e-05,1386,,,,,,,,,,,,,,,,,,,,,,,,,,,,,,,,,,,,,,,,,,,,,,,,,,,,,,,,,,,
3,,,1847,,,,,,,,,,0.7402730584144592,0.0,0.6053315997123718,0.8817387819290161,0.0,0.6000000238418579,1.6389050483703613,0.7947368621826172,0.5516905188560486,1.6891049146652222,0.8176202774047852,0.510060727596283,1.8892797231674194,0.7722095847129822,0.6454183459281921,1.3999805450439453,0.8525896668434143,0.5304892063140869,0.07565487921237946,1.6592282056808472,2.7946784496307373,1.7995269298553467,0.7910125255584717,0.510060727596283,0.7722095847129822,0.6684184074401855,0.0,0.599817156791687,0.8563114404678345,0.0,0.39352428913116455,2.392826557159424,0.6463263034820557,0.504571795463562,1.884116291999817,0.7822310328483582,0.5584583282470703,1.6962789297103882,0.7999224066734314,0.5786435604095459,1.5838360786437988,0.860028862953186,0.528555154800415,0.059114255011081696,1.5969533920288086,2.7655274868011475,1.8049732446670532,0.7873876094818115,0.39352428913116455,0.6463263034820557
3,,,1847,0.6476106643676758,0.0011061946861445904,0.3521670699119568,0.886237621307373,0.0006093845004215837,0.0,0.7026867270469666,0.5343414545059204,1.8028101921081543,,,,,,,,,,,,,,,,,,,,,,,,,,,,,,,,,,,,,,,,,,,,,,,,,,
,2e-05,1e-05,1848,,,,,,,,,,,,,,,,,,,,,,,,,,,,,,,,,,,,,,,,,,,,,,,,,,,,,,,,,,,
4,,,2309,,,,,,,,,,0.7518771290779114,0.0,0.6440182328224182,0.8785117864608765,0.0,0.6105263233184814,1.559507131576538,0.800000011920929,0.5913524031639099,1.545687198638916,0.8416774868965149,0.5286636352539062,1.7801107168197632,0.7862566709518433,0.7211155295372009,1.2291626930236816,0.8804780840873718,0.5580204725265503,0.06018229201436043,1.4776320457458496,2.6730785369873047,1.6771811246871948,0.8087599277496338,0.5286636352539062,0.7862566709518433,0.6754463911056519,0.0,0.6241999268531799,0.8499741554260254,0.0,0.40099626779556274,2.3357129096984863,0.6475716233253479,0.5379457473754883,1.7615629434585571,0.8035659790039062,0.5791515707969666,1.59211266040802,0.8177703022956848,0.6378066539764404,1.39803946018219,0.8744588494300842,0.55552738904953,0.043270569294691086,1.4272090196609497,2.6253325939178467,1.6919422149658203,0.8056856989860535,0.40099626779556274,0.6475716233253479
4,,,2309,0.6658075451850891,0.0008849557489156723,0.4055213928222656,0.884978175163269,0.0004875076119787991,0.0,0.6680539846420288,0.5844481587409973,1.594665288925171,,,,,,,,,,,,,,,,,,,,,,,,,,,,,,,,,,,,,,,,,,,,,,,,,,
,2e-05,1e-05,2310,,,,,,,,,,,,,,,,,,,,,,,,,,,,,,,,,,,,,,,,,,,,,,,,,,,,,,,,,,,
5,,,2771,,,,,,,,,,0.762912392616272,0.0,0.6872561573982239,0.8716780543327332,0.0,0.6421052813529968,1.4658616781234741,0.8368421196937561,0.6102080345153809,1.4620836973190308,0.8530558943748474,0.5442293286323547,1.7071114778518677,0.8020121455192566,0.6892430186271667,1.1986281871795654,0.8844621777534485,0.5736063718795776,0.034362517297267914,1.3208125829696655,2.5099236965179443,1.6013630628585815,0.8230944275856018,0.5442293286323547,0.8020121455192566,0.688932478427887,0.0,0.6612313389778137,0.8460941314697266,0.0,0.4271481931209564,2.280991792678833,0.6699875593185425,0.5550137162208557,1.6857444047927856,0.8156049847602844,0.595576822757721,1.5200804471969604,0.829022228717804,0.6248196363449097,1.3396031856536865,0.8831169009208679,0.5714195370674133,0.023705406114459038,1.2948477268218994,2.4862453937530518,1.6198351383209229,0.817715585231781,0.4271481931209564,0.6699875593185425
5,,,2771,0.6805014610290527,0.0009481668821536005,0.448171466588974,0.8842103481292725,0.00040625635301694274,0.0,0.6370653510093689,0.6207708120346069,1.4346725940704346,,,,,,,,,,,,,,,,,,,,,,,,,,,,,,,,,,,,,,,,,,,,,,,,,,
,2e-05,1e-05,2772,,,,,,,,,,,,,,,,,,,,,,,,,,,,,,,,,,,,,,,,,,,,,,,,,,,,,,,,,,,
6,,,3233,,,,,,,,,,0.7777019143104553,0.031578946858644485,0.7402470707893372,0.8642748594284058,0.0,0.6368421316146851,1.4174922704696655,0.8315789699554443,0.6235370635986328,1.395184874534607,0.8598829507827759,0.5559985041618347,1.6575348377227783,0.807706892490387,0.6932271122932434,1.166243553161621,0.8884462118148804,0.5854380130767822,0.020052023231983185,1.2089141607284546,2.420149326324463,1.5460619926452637,0.8288964629173279,0.5559985041618347,0.807706892490387,0.7003925442695618,0.0024906599428504705,0.701462984085083,0.8351008892059326,0.0,0.44458281993865967,2.2328782081604004,0.6787048578262329,0.5682718753814697,1.6324433088302612,0.8282535672187805,0.6020434498786926,1.4835360050201416,0.8362648487091064,0.6334776282310486,1.296181082725525,0.8917748928070068,0.5813599824905396,0.008358611725270748,1.1971861124038696,2.3751721382141113,1.5754579305648804,0.8273394703865051,0.44458281993865967,0.6787048578262329
6,,,3233,0.692288875579834,0.004244175739586353,0.48240935802459717,0.8834320902824402,0.00034821973531506956,0.0,0.6166034936904907,0.6538422703742981,1.3023269176483154,,,,,,,,,,,,,,,,,,,,,,,,,,,,,,,,,,,,,,,,,,,,,,,,,,
,2e-05,1e-05,3234,,,,,,,,,,,,,,,,,,,,,,,,,,,,,,,,,,,,,,,,,,,,,,,,,,,,,,,,,,,
7,,,3695,,,,,,,,,,0.7897610664367676,0.2526315748691559,0.7473992109298706,0.8722475171089172,0.0,0.6473684310913086,1.403849720954895,0.8368421196937561,0.6222366690635681,1.386821985244751,0.8602080345153809,0.5626423954963684,1.6173932552337646,0.8158693909645081,0.7330677509307861,1.0890922546386719,0.8964143395423889,0.5903299450874329,0.009463919326663017,1.118865966796875,2.3109447956085205,1.5165894031524658,0.8342434763908386,0.5626423954963684,0.8158693909645081,0.7138153910636902,0.0697384774684906,0.7156354784965515,0.8435075283050537,0.0,0.44707345962524414,2.2721877098083496,0.6861768364906311,0.5737580060958862,1.6175050735473633,0.8311490416526794,0.6073461174964905,1.4552233219146729,0.8419554829597473,0.6522366404533386,1.2327346801757812,0.9004328846931458,0.5871850252151489,0.012509940192103386,1.1291364431381226,2.265617609024048,1.5545707941055298,0.8320881128311157,0.44707345962524414,0.6861768364906311
7,,,3695,0.7024651169776917,0.017462072893977165,0.5104837417602539,0.8831822872161865,0.0003046922502107918,0.0,0.5983006358146667,0.68229079246521,1.1872166395187378,,,,,,,,,,,,,,,,,,,,,,,,,,,,,,,,,,,,,,,,,,,,,,,,,,
,2e-05,1e-05,3696,,,,,,,,,,,,,,,,,,,,,,,,,,,,,,,,,,,,,,,,,,,,,,,,,,,,,,,,,,,
8,,,4157,,,,,,,,,,0.7948805689811707,0.2789473831653595,0.7366710305213928,0.8861047625541687,0.0,0.6578947305679321,1.380679726600647,0.8263157606124878,0.6287386417388916,1.3595892190933228,0.8615084290504456,0.5671981573104858,1.6081913709640503,0.8179574608802795,0.7529880404472351,1.0449432134628296,0.892430305480957,0.5961319804191589,0.013145556673407555,1.0380879640579224,2.230989694595337,1.4996767044067383,0.8356086611747742,0.5671981573104858,0.8179574608802795,0.7145118117332458,0.11207970231771469,0.6933861374855042,0.8594154119491577,0.0,0.44831880927085876,2.2337257862091064,0.672478199005127,0.5793965458869934,1.588924527168274,0.8345016837120056,0.6129074096679688,1.429623007774353,0.8486807942390442,0.6594516634941101,1.1915231943130493,0.8917748928070068,0.5926300883293152,0.020584778860211372,1.032082200050354,2.222236156463623,1.5264008045196533,0.8356971144676208,0.44831880927085876,0.672478199005127
8,,,4157,0.7111908793449402,0.03462564945220947,0.5339457392692566,0.883045494556427,0.0008125127060338855,0.0,0.5838794708251953,0.707166314125061,1.0957088470458984,,,,,,,,,,,,,,,,,,,,,,,,,,,,,,,,,,,,,,,,,,,,,,,,,,
,2e-05,1e-05,4158,,,,,,,,,,,,,,,,,,,,,,,,,,,,,,,,,,,,,,,,,,,,,,,,,,,,,,,,,,,
9,,,4619,,,,,,,,,,0.8029578924179077,0.3526315689086914,0.7470741271972656,0.8900911211967468,0.01593625545501709,0.6578947305679321,1.3455668687820435,0.8263157606124878,0.6290637254714966,1.3446192741394043,0.8667100071907043,0.565299928188324,1.6013360023498535,0.8263098001480103,0.7490040063858032,1.0617711544036865,0.8884462118148804,0.594994306564331,0.032223641872406006,0.9548339247703552,2.1321299076080322,1.4900225400924683,0.8423207998275757,0.565299928188324,0.8263098001480103,0.7241357564926147,0.12951432168483734,0.7112160921096802,0.8616140484809875,0.005772005766630173,0.4620174467563629,2.2807748317718506,0.6749688386917114,0.576805830001831,1.600710391998291,0.8345016837120056,0.6169167160987854,1.4396567344665527,0.8440248370170593,0.6724386811256409,1.1835649013519287,0.8961039185523987,0.594782829284668,0.036488406360149384,0.9761917591094971,2.1054818630218506,1.5382671356201172,0.8337343335151672,0.4620174467563629,0.6749688386917114
9,,,4619,0.7187421917915344,0.05233881250023842,0.5535975098609924,0.8831657767295837,0.0017672150861471891,0.0,0.5717998743057251,0.7296203374862671,1.0061920881271362,,,,,,,,,,,,,,,,,,,,,,,,,,,,,,,,,,,,,,,,,,,,,,,,,,
,2e-05,1e-05,4620,,,,,,,,,,,,,,,,,,,,,,,,,,,,,,,,,,,,,,,,,,,,,,,,,,,,,,,,,,,
10,,,5081,,,,,,,,,,0.7960181832313538,0.34736841917037964,0.7581274509429932,0.8711085915565491,0.039840638637542725,0.6526315808296204,1.3575022220611572,0.8473684191703796,0.6329649090766907,1.3774842023849487,0.8676853179931641,0.5698557496070862,1.6023409366607666,0.8244115710258484,0.7450199127197266,1.038575530052185,0.9003984332084656,0.5989761352539062,0.04707846790552139,0.8915829062461853,2.046238899230957,1.5016515254974365,0.8423207998275757,0.5698557496070862,0.8244115710258484,0.7215398550033569,0.12951432168483734,0.7241694331169128,0.8448008298873901,0.011544011533260345,0.45579078793525696,2.3042385578155518,0.6824408173561096,0.5800061225891113,1.6135327816009521,0.8358731865882874,0.619891345500946,1.4465174674987793,0.846611499786377,0.6738816499710083,1.1579347848892212,0.901875913143158,0.5973154306411743,0.05547706037759781,0.8942919373512268,2.014547824859619,1.5469605922698975,0.8362036347389221,0.45579078793525696,0.6824408173561096
10,,,5081,0.7251344919204712,0.0680956244468689,0.5698365569114685,0.883415699005127,0.0037671043537557125,0.0,0.5616267919540405,0.7508212924003601,0.928902804851532,,,,,,,,,,,,,,,,,,,,,,,,,,,,,,,,,,,,,,,,,,,,,,,,,,
,2e-05,1e-05,5082,,,,,,,,,,,,,,,,,,,,,,,,,,,,,,,,,,,,,,,,,,,,,,,,,,,,,,,,,,,
11,,,5543,,,,,,,,,,0.8089874982833862,0.35789474844932556,0.7389466762542725,0.9009111523628235,0.09561753273010254,0.6473684310913086,1.3618203401565552,0.8578947186470032,0.6287386417388916,1.3572276830673218,0.8647594451904297,0.5681473016738892,1.620957612991333,0.8192862272262573,0.7569721341133118,1.0414108037948608,0.8964143395423889,0.5965870022773743,0.05586735159158707,0.8616744875907898,2.006052255630493,1.5059840679168701,0.8383390307426453,0.5681473016738892,0.8192862272262573,0.7226794958114624,0.11706101894378662,0.6999390721321106,0.8676927089691162,0.025974025949835777,0.45579078793525696,2.2808470726013184,0.6899128556251526,0.5778725743293762,1.6129896640777588,0.8348064422607422,0.6178220510482788,1.4550460577011108,0.8429901599884033,0.6782106757164001,1.169159173965454,0.8989899158477783,0.5956059098243713,0.057686783373355865,0.8855626583099365,2.0020346641540527,1.5501874685287476,0.8342408537864685,0.45579078793525696,0.6899128556251526
11,,,5543,0.7308875322341919,0.0830172747373581,0.5843068361282349,0.8836502432823181,0.006500101648271084,0.0,0.5556677579879761,0.7702272534370422,0.8549799919128418,,,,,,,,,,,,,,,,,,,,,,,,,,,,,,,,,,,,,,,,,,,,,,,,,,
,2e-05,1e-05,5544,,,,,,,,,,,,,,,,,,,,,,,,,,,,,,,,,,,,,,,,,,,,,,,,,,,,,,,,,,,
12,,,6005,,,,,,,,,,0.8111490607261658,0.36315789818763733,0.7412223815917969,0.9020501375198364,0.1155378520488739,0.6368421316146851,1.3481874465942383,0.8421052694320679,0.6388166546821594,1.3656589984893799,0.868010401725769,0.5802960991859436,1.6124156713485718,0.8227031230926514,0.7529880404472351,1.0643740892410278,0.8844621777534485,0.6070534586906433,0.06127157434821129,0.8171646595001221,1.93301522731781,1.5041240453720093,0.8408418893814087,0.5802960991859436,0.8227031230926514,0.7258452773094177,0.132004976272583,0.7013105750083923,0.8714433312416077,0.025974025949835777,0.4458281397819519,2.285282611846924,0.6936488151550293,0.5752819180488586,1.6241018772125244,0.8332825303077698,0.6188567280769348,1.464526653289795,0.8424728512763977,0.6738816499710083,1.1746327877044678,0.901875913143158,0.5943396091461182,0.07156659662723541,0.8310304284095764,1.9310745000839233,1.55991530418396,0.8336710333824158,0.4458281397819519,0.6936488151550293
12,,,6005,0.7358975410461426,0.09685889631509781,0.5963894724845886,0.8840718865394592,0.010078282095491886,0.0,0.5488007664680481,0.7880075573921204,0.7885860204696655,,,,,,,,,,,,,,,,,,,,,,,,,,,,,,,,,,,,,,,,,,,,,,,,,,
,2e-05,1e-05,6006,,,,,,,,,,,,,,,,,,,,,,,,,,,,,,,,,,,,,,,,,,,,,,,,,,,,,,,,,,,
13,,,6467,,,,,,,,,,0.8142207264900208,0.378947377204895,0.7698309421539307,0.888762354850769,0.13944223523139954,0.6631578803062439,1.330527424812317,0.8526315689086914,0.6355656981468201,1.3834214210510254,0.8676853179931641,0.5799164772033691,1.6270326375961304,0.821753978729248,0.7450199127197266,1.087031364440918,0.892430305480957,0.6060295701026917,0.07561041414737701,0.7678797841072083,1.8661483526229858,1.5193355083465576,0.8406143188476562,0.5799164772033691,0.821753978729248,0.730847179889679,0.1394769549369812,0.7261505722999573,0.8583807349205017,0.04184704273939133,0.4545454680919647,2.3153274059295654,0.6924034953117371,0.5801584720611572,1.6518704891204834,0.8323681950569153,0.6200206875801086,1.4717952013015747,0.8431195020675659,0.6796537041664124,1.1878374814987183,0.8946608901023865,0.5976319909095764,0.0825883150100708,0.7889805436134338,1.8626528978347778,1.5770772695541382,0.833227813243866,0.4545454680919647,0.6924034953117371
13,,,6467,0.7404554486274719,0.10967130213975906,0.6073727607727051,0.8844004273414612,0.014407590962946415,0.0,0.5403962135314941,0.8087852001190186,0.7213438153266907,,,,,,,,,,,,,,,,,,,,,,,,,,,,,,,,,,,,,,,,,,,,,,,,,,
,2e-05,1e-05,6468,,,,,,,,,,,,,,,,,,,,,,,,,,,,,,,,,,,,,,,,,,,,,,,,,,,,,,,,,,,
14,,,6929,,,,,,,,,,0.8133105635643005,0.37368419766426086,0.7532509565353394,0.8969248533248901,0.1434262990951538,0.6684210300445557,1.345937967300415,0.8473684191703796,0.63621586561203,1.4048349857330322,0.8660598397254944,0.5708048343658447,1.6527382135391235,0.8162490725517273,0.7569721341133118,1.0875585079193115,0.8884462118148804,0.6013652086257935,0.08897615969181061,0.7245002388954163,1.8292555809020996,1.5425914525985718,0.8365187644958496,0.5708048343658447,0.8162490725517273,0.7281246185302734,0.1394769549369812,0.7098445892333984,0.8666580319404602,0.04184704273939133,0.45205479860305786,2.3620986938476562,0.6886674761772156,0.5783298015594482,1.6716704368591309,0.831911027431488,0.6182100176811218,1.4905120134353638,0.8398861885070801,0.6767676472663879,1.1912635564804077,0.9004328846931458,0.5956692695617676,0.09489250183105469,0.753108561038971,1.8116977214813232,1.5970017910003662,0.831518292427063,0.45205479860305786,0.6886674761772156
14,,,6929,0.7444824576377869,0.12140750139951706,0.6169106364250183,0.8847522139549255,0.018647165969014168,0.0,0.5347306728363037,0.8236021399497986,0.6654635071754456,,,,,,,,,,,,,,,,,,,,,,,,,,,,,,,,,,,,,,,,,,,,,,,,,,
,2e-05,1e-05,6930,,,,,,,,,,,,,,,,,,,,,,,,,,,,,,,,,,,,,,,,,,,,,,,,,,,,,,,,,,,
15,,,7391,,,,,,,,,,0.8117178678512573,0.4000000059604645,0.7607282400131226,0.8891419768333435,0.13944223523139954,0.6631578803062439,1.370276689529419,0.8578947186470032,0.63686603307724,1.405661940574646,0.8673602342605591,0.5679574608802795,1.6713600158691406,0.815299928188324,0.7768924236297607,1.0520695447921753,0.8964143395423889,0.6002275347709656,0.09934744238853455,0.6854243874549866,1.772587537765503,1.553537368774414,0.8368600606918335,0.5679574608802795,0.815299928188324,0.7286311388015747,0.14445827901363373,0.7191405296325684,0.8598034381866455,0.036075036972761154,0.45205479860305786,2.40429949760437,0.6948941349983215,0.5830539464950562,1.6851952075958252,0.8265772461891174,0.6188567280769348,1.5166712999343872,0.8387221693992615,0.668109655380249,1.2028855085372925,0.8989899158477783,0.5976319909095764,0.10305877774953842,0.7124224901199341,1.752967357635498,1.6180423498153687,0.8289856910705566,0.45205479860305786,0.6948941349983215
15,,,7391,0.7480399012565613,0.13199272751808167,0.6252473592758179,0.8850815892219543,0.022928092628717422,0.0,0.532525360584259,0.839519739151001,0.6080309748649597,,,,,,,,,,,,,,,,,,,,,,,,,,,,,,,,,,,,,,,,,,,,,,,,,,
,2e-05,1e-05,7392,,,,,,,,,,,,,,,,,,,,,,,,,,,,,,,,,,,,,,,,,,,,,,,,,,,,,,,,,,,
16,,,7853,,,,,,,,,,0.8153583407402039,0.40526315569877625,0.7591027021408081,0.8954062461853027,0.15139442682266235,0.6684210300445557,1.3354078531265259,0.8684210777282715,0.6339401602745056,1.42848539352417,0.8699609637260437,0.5658693909645081,1.7018510103225708,0.8192862272262573,0.7529880404472351,1.1108280420303345,0.8884462118148804,0.5973833799362183,0.11227106302976608,0.6421054005622864,1.72798490524292,1.5806794166564941,0.8401592969894409,0.5658693909645081,0.8192862272262573,0.7317335605621338,0.14943960309028625,0.7153307199478149,0.8687273859977722,0.03751803934574127,0.45205479860305786,2.3500022888183594,0.6961394548416138,0.5754343271255493,1.7202410697937012,0.8258153200149536,0.6183393597602844,1.5232772827148438,0.8400155305862427,0.663780689239502,1.2343652248382568,0.8961039185523987,0.5940230488777161,0.11648063361644745,0.6707887053489685,1.708453893661499,1.6344224214553833,0.8292389512062073,0.45205479860305786,0.6961394548416138
16,,,7853,0.7514318823814392,0.14218784868717194,0.6329959034919739,0.8855292797088623,0.02663368731737137,0.0,0.5266161561012268,0.8522538542747498,0.5603954792022705,,,,,,,,,,,,,,,,,,,,,,,,,,,,,,,,,,,,,,,,,,,,,,,,,,
,2e-05,1e-05,7854,,,,,,,,,,,,,,,,,,,,,,,,,,,,,,,,,,,,,,,,,,,,,,,,,,,,,,,,,,,
17,,,8315,,,,,,,,,,0.8126279711723328,0.3947368562221527,0.7552015781402588,0.8933181762695312,0.15537849068641663,0.678947389125824,1.3488414287567139,0.8578947186470032,0.6420676112174988,1.4329197406768799,0.8657346963882446,0.5643507838249207,1.7335131168365479,0.8132118582725525,0.7490040063858032,1.0757344961166382,0.8804780840873718,0.5994311571121216,0.11781533807516098,0.6244966387748718,1.6832215785980225,1.600481629371643,0.8345847725868225,0.5643507838249207,0.8132118582725525,0.7335696816444397,0.14196762442588806,0.7215787768363953,0.8675633668899536,0.04184704273939133,0.4607720971107483,2.449563503265381,0.6874221563339233,0.5757390856742859,1.7530763149261475,0.8244437575340271,0.614976704120636,1.5454992055892944,0.8387221693992615,0.6536796689033508,1.252315640449524,0.8989899158477783,0.5924401879310608,0.12386756390333176,0.6449936628341675,1.6715909242630005,1.6648443937301636,0.8277193903923035,0.4607720971107483,0.6874221563339233
17,,,8315,0.7545391321182251,0.15142576396465302,0.6398226022720337,0.8860900402069092,0.03040151670575142,0.0,0.5219269394874573,0.8660717606544495,0.506901204586029,,,,,,,,,,,,,,,,,,,,,,,,,,,,,,,,,,,,,,,,,,,,,,,,,,
,2e-05,1e-05,8316,,,,,,,,,,,,,,,,,,,,,,,,,,,,,,,,,,,,,,,,,,,,,,,,,,,,,,,,,,,
18,,,8777,,,,,,,,,,0.8146757483482361,0.4000000059604645,0.772756814956665,0.8859149813652039,0.16334661841392517,0.678947389125824,1.3728681802749634,0.8578947186470032,0.631664514541626,1.4702690839767456,0.864109218120575,0.5673879981040955,1.7531441450119019,0.8099848031997681,0.7529880404472351,1.1088210344314575,0.8764940500259399,0.5977246761322021,0.12662091851234436,0.5993568897247314,1.635422945022583,1.626909852027893,0.8319681286811829,0.5673879981040955,0.8099848031997681,0.7371786832809448,0.14570361375808716,0.7355989217758179,0.8623900413513184,0.044733043760061264,0.43586549162864685,2.5825421810150146,0.6737235188484192,0.5736055970191956,1.7786389589309692,0.818652868270874,0.6179513931274414,1.578296422958374,0.833936870098114,0.649350643157959,1.2781352996826172,0.893217921257019,0.5916804075241089,0.13119517266750336,0.6282477378845215,1.6206684112548828,1.6993342638015747,0.8220210075378418,0.43586549162864685,0.6737235188484192
18,,,8777,0.7572462558746338,0.1598576158285141,0.6457626223564148,0.8865554928779602,0.03390102460980415,0.0,0.5214694738388062,0.8779083490371704,0.46412360668182373,,,,,,,,,,,,,,,,,,,,,,,,,,,,,,,,,,,,,,,,,,,,,,,,,,
,2e-05,1e-05,8778,,,,,,,,,,,,,,,,,,,,,,,,,,,,,,,,,,,,,,,,,,,,,,,,,,,,,,,,,,,
19,,,9239,,,,,,,,,,0.8146757483482361,0.410526305437088,0.7896618843078613,0.8758541941642761,0.1593625545501709,0.6578947305679321,1.4278689622879028,0.8578947186470032,0.6336150765419006,1.5086077451705933,0.8582574725151062,0.571184515953064,1.7825261354446411,0.8116932511329651,0.7609561681747437,1.1608428955078125,0.8884462118148804,0.6004550457000732,0.13306935131549835,0.5783063769340515,1.575477123260498,1.6606234312057495,0.8312855362892151,0.571184515953064,0.8116932511329651,0.739521324634552,0.15940223634243011,0.7612008452415466,0.8441541790962219,0.043290045112371445,0.44084683060646057,2.6110031604766846,0.661270260810852,0.5729960203170776,1.8067317008972168,0.8191100358963013,0.6120020747184753,1.6193650960922241,0.8264355659484863,0.649350643157959,1.3448078632354736,0.8917748928070068,0.5887045860290527,0.1410798281431198,0.6056760549545288,1.574426531791687,1.7354832887649536,0.8179055452346802,0.44084683060646057,0.661270260810852
19,,,9239,0.7597732543945312,0.1684892475605011,0.6512778401374817,0.8869715332984924,0.037202924489974976,0.0,0.5167198181152344,0.8902360796928406,0.4232077896595001,,,,,,,,,,,,,,,,,,,,,,,,,,,,,,,,,,,,,,,,,,,,,,,,,,
,2e-05,1e-05,9240,,,,,,,,,,,,,,,,,,,,,,,,,,,,,,,,,,,,,,,,,,,,,,,,,,,,,,,,,,,
20,,,9701,,,,,,,,,,0.8155859112739563,0.40526315569877625,0.7708062529563904,0.8885725140571594,0.1593625545501709,0.6842105388641357,1.3889186382293701,0.8684210777282715,0.631664514541626,1.5137922763824463,0.8589076995849609,0.5656795501708984,1.820425033569336,0.8097949624061584,0.7569721341133118,1.1865822076797485,0.8725099563598633,0.5969282984733582,0.14511440694332123,0.5437543988227844,1.5257161855697632,1.6850967407226562,0.830147922039032,0.5656795501708984,0.8097949624061584,0.7346460819244385,0.1469489485025406,0.7299603819847107,0.8618727326393127,0.044733043760061264,0.4371108412742615,2.7186954021453857,0.666251540184021,0.5719292759895325,1.8366328477859497,0.8191100358963013,0.614588737487793,1.6403464078903198,0.8301862478256226,0.6522366404533386,1.376232624053955,0.8903318643569946,0.5894643664360046,0.15038473904132843,0.5747122764587402,1.5122549533843994,1.7650682926177979,0.8199316263198853,0.4371108412742615,0.666251540184021
20,,,9701,0.7620563507080078,0.1760881394147873,0.6562995910644531,0.8873205780982971,0.0404515266418457,0.0,0.5161824822425842,0.9012937545776367,0.3822215795516968,,,,,,,,,,,,,,,,,,,,,,,,,,,,,,,,,,,,,,,,,,,,,,,,,,
,2e-05,1e-05,9702,,,,,,,,,,,,,,,,,,,,,,,,,,,,,,,,,,,,,,,,,,,,,,,,,,,,,,,,,,,
21,,,10163,,,,,,,,,,0.8183162808418274,0.41578948497772217,0.7578023672103882,0.9003416895866394,0.1593625545501709,0.6684210300445557,1.407555341720581,0.8526315689086914,0.6280884146690369,1.5687205791473389,0.8582574725151062,0.5637813210487366,1.874416470527649,0.8033409118652344,0.7529880404472351,1.1895537376403809,0.8764940500259399,0.5940842032432556,0.15956714749336243,0.5052498579025269,1.4598355293273926,1.7370511293411255,0.8258247971534729,0.5637813210487366,0.8033409118652344,0.7354058623313904,0.15940223634243011,0.7084730267524719,0.880496621131897,0.043290045112371445,0.4458281397819519,2.6471869945526123,0.666251540184021,0.5702529549598694,1.8815468549728394,0.8189576268196106,0.6139420866966248,1.6713552474975586,0.8283755779266357,0.6507936716079712,1.3851455450057983,0.8860028982162476,0.5888311862945557,0.15900518000125885,0.5462359189987183,1.4651907682418823,1.7956072092056274,0.818791925907135,0.4458281397819519,0.666251540184021
21,,,10163,0.7642619609832764,0.18354211747646332,0.6611704230308533,0.8876470327377319,0.04346019774675369,0.0,0.5101814270019531,0.9101839065551758,0.350284606218338,,,,,,,,,,,,,,,,,,,,,,,,,,,,,,,,,,,,,,,,,,,,,,,,,,
,2e-05,1e-05,10164,,,,,,,,,,,,,,,,,,,,,,,,,,,,,,,,,,,,,,,,,,,,,,,,,,,,,,,,,,,
22,,,10625,,,,,,,,,,0.8179749846458435,0.4263157844543457,0.7756826877593994,0.8899012804031372,0.13944223523139954,0.6578947305679321,1.4726828336715698,0.8578947186470032,0.6349154710769653,1.56985342502594,0.8624837398529053,0.567008376121521,1.8685213327407837,0.8067578077316284,0.7609561681747437,1.1458234786987305,0.8764940500259399,0.5984072685241699,0.1568104773759842,0.5050047636032104,1.4517098665237427,1.734021782875061,0.8294653296470642,0.567008376121521,0.8067578077316284,0.7370520234107971,0.16811954975128174,0.7339226007461548,0.8623900413513184,0.0317460335791111,0.4371108412742615,2.7335903644561768,0.6637609004974365,0.5748247504234314,1.8971136808395386,0.8160621523857117,0.6142007112503052,1.6856769323349,0.8250129222869873,0.6522366404533386,1.4157524108886719,0.8903318643569946,0.5904774069786072,0.16478925943374634,0.5243211388587952,1.4335428476333618,1.814834475517273,0.816006064414978,0.4371108412742615,0.6637609004974365
22,,,10625,0.7663531303405762,0.19128236174583435,0.6655430793762207,0.8880836963653564,0.04610126465559006,0.0,0.5053907036781311,0.9221051931381226,0.3102360963821411,,,,,,,,,,,,,,,,,,,,,,,,,,,,,,,,,,,,,,,,,,,,,,,,,,
,2e-05,1e-05,10626,,,,,,,,,,,,,,,,,,,,,,,,,,,,,,,,,,,,,,,,,,,,,,,,,,,,,,,,,,,
23,,,11087,,,,,,,,,,0.8219567537307739,0.42105263471603394,0.7587776184082031,0.9054669737815857,0.16334661841392517,0.6631578803062439,1.4621179103851318,0.8526315689086914,0.6238621473312378,1.6281297206878662,0.8507802486419678,0.5597949624061584,1.9240785837173462,0.7980257868766785,0.7689242959022522,1.1407238245010376,0.8804780840873718,0.5905574560165405,0.17306071519851685,0.4654875695705414,1.4022284746170044,1.7873104810714722,0.820136547088623,0.5597949624061584,0.7980257868766785,0.7364189028739929,0.16811954975128174,0.7151783108711243,0.8750646710395813,0.05339105427265167,0.4371108412742615,2.7896437644958496,0.6625155806541443,0.5696433782577515,1.9282931089401245,0.8122523427009583,0.6099327206611633,1.732475996017456,0.8244956135749817,0.6580086350440979,1.3910571336746216,0.8917748928070068,0.586425244808197,0.17400559782981873,0.5070444941520691,1.3894784450531006,1.8525468111038208,0.8141699433326721,0.4371108412742615,0.6625155806541443
23,,,11087,0.7682573199272156,0.1986936330795288,0.6695453524589539,0.8884409070014954,0.04875076189637184,0.0,0.5046848654747009,0.928878664970398,0.28552910685539246,,,,,,,,,,,,,,,,,,,,,,,,,,,,,,,,,,,,,,,,,,,,,,,,,,
,2e-05,1e-05,11088,,,,,,,,,,,,,,,,,,,,,,,,,,,,,,,,,,,,,,,,,,,,,,,,,,,,,,,,,,,
24,,,11549,,,,,,,,,,0.8229806423187256,0.4263157844543457,0.7766579985618591,0.8965451717376709,0.16334661841392517,0.6578947305679321,1.4778485298156738,0.8473684191703796,0.6274382472038269,1.6131144762039185,0.8569570779800415,0.5654897689819336,1.9269471168518066,0.799354612827301,0.7450199127197266,1.2370030879974365,0.8725099563598633,0.5944254994392395,0.1725231409072876,0.46528029441833496,1.3876912593841553,1.7869083881378174,0.8227531313896179,0.5654897689819336,0.799354612827301,0.7438267469406128,0.16562889516353607,0.7386467456817627,0.8711847066879272,0.04617604613304138,0.4371108412742615,2.677461624145508,0.6787048578262329,0.5659859776496887,1.9477180242538452,0.8128619194030762,0.6107087135314941,1.7360588312149048,0.8221676349639893,0.6522366404533386,1.452172875404358,0.8831169009208679,0.5850955843925476,0.17690274119377136,0.4917692244052887,1.3907663822174072,1.8593099117279053,0.8137267231941223,0.4371108412742615,0.6787048578262329
24,,,11549,0.7700897455215454,0.20541086792945862,0.6732732653617859,0.888884425163269,0.0511639229953289,0.0,0.502473771572113,0.9358214735984802,0.25802698731422424,,,,,,,,,,,,,,,,,,,,,,,,,,,,,,,,,,,,,,,,,,,,,,,,,,
,2e-05,1e-05,11550,,,,,,,,,,,,,,,,,,,,,,,,,,,,,,,,,,,,,,,,,,,,,,,,,,,,,,,,,,,
25,,,12011,,,,,,,,,,0.8171786069869995,0.43157893419265747,0.7574772238731384,0.8978739380836487,0.16334661841392517,0.6736842393875122,1.489760398864746,0.8578947186470032,0.6284134984016418,1.6613579988479614,0.8527308106422424,0.5637813210487366,1.9793572425842285,0.7982156276702881,0.7529880404472351,1.2156044244766235,0.8685259222984314,0.5943117141723633,0.18059533834457397,0.4440586268901825,1.3425382375717163,1.8348767757415771,0.8207053542137146,0.5637813210487366,0.7982156276702881,0.7382550239562988,0.18057285249233246,0.7167022228240967,0.8768753409385681,0.04617604613304138,0.4420921504497528,2.686903238296509,0.6874221563339233,0.564614474773407,1.9964052438735962,0.8096616864204407,0.6081221103668213,1.7892851829528809,0.8225556015968323,0.6623376607894897,1.534201979637146,0.8672438859939575,0.5839559435844421,0.1877671182155609,0.4668181538581848,1.330461025238037,1.9096959829330444,0.8123338222503662,0.4420921504497528,0.6874221563339233
25,,,12011,0.7717968821525574,0.21168433129787445,0.676844596862793,0.8892363905906677,0.05343833565711975,0.0,0.5008313655853271,0.9423070549964905,0.2316349744796753,,,,,,,,,,,,,,,,,,,,,,,,,,,,,,,,,,,,,,,,,,,,,,,,,,
,2e-05,1e-05,12012,,,,,,,,,,,,,,,,,,,,,,,,,,,,,,,,,,,,,,,,,,,,,,,,,,,,,,,,,,,
26,,,12473,,,,,,,,,,0.823208212852478,0.43157893419265747,0.7799089550971985,0.8948367238044739,0.16334661841392517,0.6473684310913086,1.5771446228027344,0.8631578683853149,0.6238621473312378,1.7060459852218628,0.8472041487693787,0.5645406246185303,2.001891851425171,0.7965072393417358,0.7490040063858032,1.2767938375473022,0.8764940500259399,0.5924914479255676,0.18865305185317993,0.4313366413116455,1.2932180166244507,1.8676691055297852,0.818088710308075,0.5645406246185303,0.7965072393417358,0.7431303262710571,0.1818181872367859,0.738494336605072,0.8675633668899536,0.05339105427265167,0.4346201717853546,3.0042824745178223,0.6637609004974365,0.5606522560119629,2.0319724082946777,0.8041755557060242,0.6007501482963562,1.8315653800964355,0.8193222880363464,0.6666666865348816,1.471472144126892,0.868686854839325,0.5785741209983826,0.1967591792345047,0.44841885566711426,1.299344778060913,1.9584816694259644,0.807331919670105,0.4346201717853546,0.6637609004974365
26,,,12473,0.7734389901161194,0.21803155541419983,0.680038332939148,0.8897079825401306,0.05558941140770912,0.0,0.4962877929210663,0.9499779939651489,0.206974595785141,,,,,,,,,,,,,,,,,,,,,,,,,,,,,,,,,,,,,,,,,,,,,,,,,,
,2e-05,1e-05,12474,,,,,,,,,,,,,,,,,,,,,,,,,,,,,,,,,,,,,,,,,,,,,,,,,,,,,,,,,,,
27,,,12935,,,,,,,,,,0.8222980499267578,0.43157893419265747,0.7896618843078613,0.8874335885047913,0.16733068227767944,0.6526315808296204,1.6566905975341797,0.8578947186470032,0.6306892037391663,1.7345107793807983,0.8520806431770325,0.5527714490890503,2.0585854053497314,0.791761577129364,0.7689242959022522,1.248870611190796,0.8645418286323547,0.5885096788406372,0.19790063798427582,0.3977290391921997,1.2797728776931763,1.912494421005249,0.8164960145950317,0.5527714490890503,0.791761577129364,0.7428770661354065,0.18555417656898499,0.7509905695915222,0.8569580912590027,0.043290045112371445,0.4221668839454651,3.015773057937622,0.6587795615196228,0.5662907361984253,2.0623788833618164,0.807680606842041,0.6085100769996643,1.8506964445114136,0.8185462951660156,0.6421356201171875,1.5513720512390137,0.8744588494300842,0.5829429030418396,0.19847148656845093,0.4399981200695038,1.268912434577942,1.984626293182373,0.808408260345459,0.4221668839454651,0.6587795615196228
27,,,12935,0.7749965190887451,0.22394798696041107,0.683107852935791,0.8901254534721375,0.0578480027616024,0.0,0.4929446280002594,0.9551596641540527,0.18428252637386322,,,,,,,,,,,,,,,,,,,,,,,,,,,,,,,,,,,,,,,,,,,,,,,,,,
,2e-05,1e-05,12936,,,,,,,,,,,,,,,,,,,,,,,,,,,,,,,,,,,,,,,,,,,,,,,,,,,,,,,,,,,
28,,,13397,,,,,,,,,,0.8199089765548706,0.43157893419265747,0.772756814956665,0.8935079574584961,0.16334661841392517,0.6684210300445557,1.6196662187576294,0.8473684191703796,0.6280884146690369,1.729217529296875,0.8498049378395081,0.5618830919265747,2.081254482269287,0.7955580949783325,0.7609561681747437,1.2601351737976074,0.8645418286323547,0.5931740403175354,0.19436344504356384,0.4014556109905243,1.2610273361206055,1.9236375093460083,0.8177474141120911,0.5618830919265747,0.7955580949783325,0.7392680644989014,0.17932751774787903,0.726302981376648,0.870926022529602,0.04617604613304138,0.43212950229644775,2.987539529800415,0.6463263034820557,0.5632429122924805,2.0888924598693848,0.8066138625144958,0.6042420864105225,1.8850222826004028,0.8138903379440308,0.663780689239502,1.544445514678955,0.8658008575439453,0.580980122089386,0.2008940875530243,0.4332212507724762,1.2618521451950073,2.0106875896453857,0.8046726584434509,0.43212950229644775,0.6463263034820557
28,,,13397,0.776501476764679,0.2296307533979416,0.6860347390174866,0.8905526995658875,0.060055896639823914,0.0,0.49181967973709106,0.9610187411308289,0.1675175130367279,,,,,,,,,,,,,,,,,,,,,,,,,,,,,,,,,,,,,,,,,,,,,,,,,,
,2e-05,1e-05,13398,,,,,,,,,,,,,,,,,,,,,,,,,,,,,,,,,,,,,,,,,,,,,,,,,,,,,,,,,,,
29,,,13859,,,,,,,,,,0.8210466504096985,0.4368421137332916,0.804291307926178,0.876423716545105,0.17131474614143372,0.6631578803062439,1.5283862352371216,0.8473684191703796,0.6384915709495544,1.7566298246383667,0.8472041487693787,0.5626423954963684,2.1218814849853516,0.7930903434753418,0.7490040063858032,1.3328596353530884,0.8605577945709229,0.5969282984733582,0.19955436885356903,0.3812004625797272,1.20017671585083,1.9576709270477295,0.8152446150779724,0.5626423954963684,0.7930903434753418,0.744966447353363,0.19053548574447632,0.7663822174072266,0.8468701243400574,0.051948051899671555,0.4333748519420624,3.0028817653656006,0.6587795615196228,0.5682718753814697,2.113131523132324,0.8105760216712952,0.6032074689865112,1.943082332611084,0.8141489624977112,0.649350643157959,1.6126353740692139,0.8701298832893372,0.5821197628974915,0.21074651181697845,0.4072735905647278,1.193185567855835,2.0529768466949463,0.8072685599327087,0.4333748519420624,0.6587795615196228
29,,,13859,0.7778778672218323,0.23485040664672852,0.6889588236808777,0.8907992243766785,0.06195409223437309,0.0,0.4894540011882782,0.9656416177749634,0.1497383713722229,,,,,,,,,,,,,,,,,,,,,,,,,,,,,,,,,,,,,,,,,,,,,,,,,,
,2e-05,1e-05,13860,,,,,,,,,,,,,,,,,,,,,,,,,,,,,,,,,,,,,,,,,,,,,,,,,,,,,,,,,,,
30,,,14321,,,,,,,,,,0.8268486857414246,0.4421052634716034,0.7643042802810669,0.9098329544067383,0.1593625545501709,0.6421052813529968,1.5797991752624512,0.8421052694320679,0.6303641200065613,1.7898863554000854,0.8465539813041687,0.5683371424674988,2.1274843215942383,0.7904328107833862,0.7490040063858032,1.3543528318405151,0.8764940500259399,0.5969282984733582,0.20647913217544556,0.36290937662124634,1.179230809211731,1.9743866920471191,0.8137656450271606,0.5683371424674988,0.7904328107833862,0.745093047618866,0.19053548574447632,0.7295032143592834,0.8788152933120728,0.0476190485060215,0.4296388626098633,3.0121004581451416,0.6500622630119324,0.5621761679649353,2.1378939151763916,0.8044803142547607,0.6073461174964905,1.9091463088989258,0.8193222880363464,0.6320346593856812,1.6690515279769897,0.8658008575439453,0.5806635618209839,0.21376962959766388,0.38571321964263916,1.1990824937820435,2.049488067626953,0.8066354393959045,0.4296388626098633,0.6500622630119324
30,,,14321,0.7792938351631165,0.23997797071933746,0.691801905632019,0.8911744356155396,0.06367085129022598,0.0,0.4845697581768036,0.9681139588356018,0.13729438185691833,,,,,,,,,,,,,,,,,,,,,,,,,,,,,,,,,,,,,,,,,,,,,,,,,,
,2e-05,1e-05,14322,,,,,,,,,,,,,,,,,,,,,,,,,,,,,,,,,,,,,,,,,,,,,,,,,,,,,,,,,,,
31,,,14783,,,,,,,,,,0.8295790553092957,0.4421052634716034,0.7916125059127808,0.8980637788772583,0.16733068227767944,0.6578947305679321,1.6485652923583984,0.8578947186470032,0.6306892037391663,1.8127001523971558,0.8504551649093628,0.5630220174789429,2.1685166358947754,0.7946089506149292,0.7729083895683289,1.2876386642456055,0.8725099563598633,0.5948805212974548,0.21482068300247192,0.3377498388290405,1.1379765272140503,2.0065789222717285,0.8178611993789673,0.5630220174789429,0.7946089506149292,0.7464860081672668,0.209215447306633,0.7480950951576233,0.8636834025382996,0.05050504952669144,0.449564129114151,3.1938703060150146,0.6712328791618347,0.5629381537437439,2.1911041736602783,0.8114904165267944,0.6038541197776794,1.953961968421936,0.8198396563529968,0.6594516634941101,1.6303503513336182,0.8744588494300842,0.5814233422279358,0.22553971409797668,0.35438042879104614,1.1249927282333374,2.101208448410034,0.8112574219703674,0.449564129114151,0.6712328791618347
31,,,14783,0.780621349811554,0.24565424025058746,0.6944434642791748,0.8914902806282043,0.06550883501768112,0.0,0.4817788898944855,0.9719409346580505,0.12238752841949463,,,,,,,,,,,,,,,,,,,,,,,,,,,,,,,,,,,,,,,,,,,,,,,,,,
,2e-05,1e-05,14784,,,,,,,,,,,,,,,,,,,,,,,,,,,,,,,,,,,,,,,,,,,,,,,,,,,,,,,,,,,
32,,,15245,,,,,,,,,,0.8284413814544678,0.4421052634716034,0.7779583930969238,0.9039483666419983,0.17131474614143372,0.6684210300445557,1.6174434423446655,0.8473684191703796,0.6287386417388916,1.8509849309921265,0.8472041487693787,0.5578967332839966,2.2051329612731934,0.7961275577545166,0.7569721341133118,1.3926419019699097,0.8605577945709229,0.5907849669456482,0.22331111133098602,0.3246994912624359,1.1021894216537476,2.0446836948394775,0.8170648217201233,0.5578967332839966,0.7961275577545166,0.7488920092582703,0.19925279915332794,0.738951563835144,0.8770046830177307,0.05483405664563179,0.43586549162864685,3.132495641708374,0.6687422394752502,0.5545565485954285,2.2165987491607666,0.8157573938369751,0.6023021340370178,2.0006184577941895,0.8185462951660156,0.6594516634941101,1.6621334552764893,0.8730158805847168,0.5765480399131775,0.23308047652244568,0.34937605261802673,1.0959062576293945,2.1328094005584717,0.8122071623802185,0.43586549162864685,0.6687422394752502
32,,,15245,0.7818976044654846,0.250584214925766,0.6969133615493774,0.8918635249137878,0.0671984925866127,0.0,0.4807318449020386,0.9753445982933044,0.11037035286426544,,,,,,,,,,,,,,,,,,,,,,,,,,,,,,,,,,,,,,,,,,,,,,,,,,
,2e-05,1e-05,15246,,,,,,,,,,,,,,,,,,,,,,,,,,,,,,,,,,,,,,,,,,,,,,,,,,,,,,,,,,,
33,,,15707,,,,,,,,,,0.8258247971534729,0.46315789222717285,0.786736011505127,0.8933181762695312,0.17928287386894226,0.6578947305679321,1.7750238180160522,0.8473684191703796,0.6261378526687622,1.8654311895370483,0.8481794595718384,0.5618830919265747,2.244882345199585,0.7856871485710144,0.7609561681747437,1.3409403562545776,0.8685259222984314,0.59226393699646,0.22166001796722412,0.328325092792511,1.102586269378662,2.0750844478607178,0.8113765716552734,0.5618830919265747,0.7856871485710144,0.7455995678901672,0.2166874259710312,0.7450472712516785,0.8629074096679688,0.059163060039281845,0.4296388626098633,3.1938090324401855,0.6575342416763306,0.5632429122924805,2.250823497772217,0.8044803142547607,0.6034660935401917,2.0003082752227783,0.8164770007133484,0.6464646458625793,1.6682796478271484,0.868686854839325,0.5798404216766357,0.23007237911224365,0.3488334119319916,1.1015523672103882,2.1503851413726807,0.8057489991188049,0.4296388626098633,0.6575342416763306
33,,,15707,0.7831326723098755,0.2557261884212494,0.6993234753608704,0.8921996355056763,0.06875291466712952,0.0,0.47676146030426025,0.9778338670730591,0.10005751252174377,,,,,,,,,,,,,,,,,,,,,,,,,,,,,,,,,,,,,,,,,,,,,,,,,,
,2e-05,1e-05,15708,,,,,,,,,,,,,,,,,,,,,,,,,,,,,,,,,,,,,,,,,,,,,,,,,,,,,,,,,,,
34,,,16169,,,,,,,,,,0.8331058025360107,0.4421052634716034,0.8036410808563232,0.8965451717376709,0.175298810005188,0.6578947305679321,1.7622337341308594,0.8526315689086914,0.6245123744010925,1.9076935052871704,0.8442782759666443,0.5624525547027588,2.267642021179199,0.7898633480072021,0.7768924236297607,1.3960827589035034,0.8565737009048462,0.5923777222633362,0.2258642166852951,0.319530189037323,1.063083529472351,2.104921340942383,0.8122866749763489,0.5624525547027588,0.7898633480072021,0.753324031829834,0.1980074793100357,0.762724757194519,0.8656233549118042,0.059163060039281845,0.4333748519420624,3.255797863006592,0.6488169431686401,0.5598902702331543,2.279351234436035,0.8056994676589966,0.6020434498786926,2.0659070014953613,0.8140196800231934,0.6522366404533386,1.6626567840576172,0.8744588494300842,0.5780676007270813,0.2355533093214035,0.34132298827171326,1.0689295530319214,2.197283983230591,0.8048626184463501,0.4333748519420624,0.6488169431686401
34,,,16169,0.7843624949455261,0.26042982935905457,0.7015809416770935,0.8926413059234619,0.07025332748889923,0.0,0.4752318263053894,0.9790022969245911,0.0933113843202591,,,,,,,,,,,,,,,,,,,,,,,,,,,,,,,,,,,,,,,,,,,,,,,,,,
,2e-05,1e-05,16170,,,,,,,,,,,,,,,,,,,,,,,,,,,,,,,,,,,,,,,,,,,,,,,,,,,,,,,,,,,
35,,,16631,,,,,,,,,,0.830147922039032,0.47894737124443054,0.8111183643341064,0.8864844441413879,0.16334661841392517,0.6684210300445557,1.8205679655075073,0.8526315689086914,0.6287386417388916,1.8748046159744263,0.8494798541069031,0.5622627139091492,2.274052381515503,0.7938496470451355,0.7649402618408203,1.3828625679016113,0.8804780840873718,0.5938566327095032,0.227931946516037,0.3066108822822571,1.0615108013153076,2.097935199737549,0.8171786069869995,0.5622627139091492,0.7938496470451355,0.7535772919654846,0.23038604855537415,0.7708016037940979,0.8566994071006775,0.05050504952669144,0.44084683060646057,3.289907693862915,0.660024881362915,0.5624809265136719,2.2517199516296387,0.8038707971572876,0.6035954356193542,2.070159435272217,0.8132436871528625,0.6479076743125916,1.7114758491516113,0.8672438859939575,0.5801570415496826,0.2357538491487503,0.3262579143047333,1.069963812828064,2.19164776802063,0.8039761781692505,0.44084683060646057,0.660024881362915
35,,,16631,0.7855569124221802,0.2651706635951996,0.7038719058036804,0.8929978013038635,0.07182274013757706,0.0,0.4707801342010498,0.9821180701255798,0.08235783874988556,,,,,,,,,,,,,,,,,,,,,,,,,,,,,,,,,,,,,,,,,,,,,,,,,,
,2e-05,1e-05,16632,,,,,,,,,,,,,,,,,,,,,,,,,,,,,,,,,,,,,,,,,,,,,,,,,,,,,,,,,,,
36,,,17093,,,,,,,,,,0.8306029438972473,0.4684210419654846,0.7903121113777161,0.8992027044296265,0.175298810005188,0.6526315808296204,1.8453303575515747,0.8421052694320679,0.6326397657394409,1.8959909677505493,0.8475292325019836,0.5605542659759521,2.3191637992858887,0.787015974521637,0.7649402618408203,1.4158902168273926,0.8525896668434143,0.5937429070472717,0.23173941671848297,0.30187153816223145,1.0416141748428345,2.134103298187256,0.8113765716552734,0.5605542659759521,0.787015974521637,0.7471191883087158,0.22789539396762848,0.7419993877410889,0.8680806756019592,0.051948051899671555,0.449564129114151,3.259059429168701,0.6699875593185425,0.5624809265136719,2.296797275543213,0.8047851324081421,0.6028194427490234,2.0851309299468994,0.8101396560668945,0.6406926512718201,1.7022088766098022,0.8715728521347046,0.5799670815467834,0.2395758032798767,0.3190779685974121,1.050520658493042,2.215679407119751,0.8035329580307007,0.449564129114151,0.6699875593185425
36,,,17093,0.7866707444190979,0.2698431611061096,0.7060609459877014,0.8932799100875854,0.07343906909227371,0.0,0.4681490659713745,0.9841331839561462,0.07568556070327759,,,,,,,,,,,,,,,,,,,,,,,,,,,,,,,,,,,,,,,,,,,,,,,,,,
