epoch,lr-Adam,lr-Adam-1,lr-Adam-2,step,train/d3g-consistency-loss,train/train-hr-domain-acc,train/train-hr-domain-acc-africa,train/train-hr-domain-acc-americas,train/train-hr-domain-acc-asia,train/train-hr-domain-acc-europe,train/train-hr-domain-acc-oceania,train/train-hr-domain-acc-other,train/train-hr-domain-loss,train/train-lr-domain-acc,train/train-lr-domain-acc-africa,train/train-lr-domain-acc-americas,train/train-lr-domain-acc-asia,train/train-lr-domain-acc-europe,train/train-lr-domain-acc-oceania,train/train-lr-domain-acc-other,train/train-lr-domain-loss,train/train-task-acc,train/train-task-loss,val/val-id-hr-domain-acc,val/val-id-hr-domain-acc-africa,val/val-id-hr-domain-acc-americas,val/val-id-hr-domain-acc-asia,val/val-id-hr-domain-acc-europe,val/val-id-hr-domain-acc-oceania,val/val-id-lr-domain-acc,val/val-id-lr-domain-acc-africa,val/val-id-lr-domain-acc-americas,val/val-id-lr-domain-acc-asia,val/val-id-lr-domain-acc-europe,val/val-id-lr-domain-acc-oceania,val/val-id-region-africa-task-acc,val/val-id-region-africa-task-loss,val/val-id-region-africa-top5-task-acc,val/val-id-region-americas-task-acc,val/val-id-region-americas-task-loss,val/val-id-region-americas-top5-task-acc,val/val-id-region-asia-task-acc,val/val-id-region-asia-task-loss,val/val-id-region-asia-top5-task-acc,val/val-id-region-europe-task-acc,val/val-id-region-europe-task-loss,val/val-id-region-europe-top5-task-acc,val/val-id-region-oceania-task-acc,val/val-id-region-oceania-task-loss,val/val-id-region-oceania-top5-task-acc,val/val-id-task-acc,val/val-id-task-ece,val/val-id-task-entropy-correct,val/val-id-task-entropy-incorrect,val/val-id-task-loss,val/val-id-top5-task-acc,val/val-id-worst-group-task-acc,val/val-id-worst-group-top5-task-acc,val/val-od-hr-domain-acc,val/val-od-hr-domain-acc-africa,val/val-od-hr-domain-acc-americas,val/val-od-hr-domain-acc-asia,val/val-od-hr-domain-acc-europe,val/val-od-hr-domain-acc-oceania,val/val-od-lr-domain-acc,val/val-od-lr-domain-acc-africa,val/val-od-lr-domain-acc-americas,val/val-od-lr-domain-acc-asia,val/val-od-lr-domain-acc-europe,val/val-od-lr-domain-acc-oceania,val/val-od-region-africa-task-acc,val/val-od-region-africa-task-loss,val/val-od-region-africa-top5-task-acc,val/val-od-region-americas-task-acc,val/val-od-region-americas-task-loss,val/val-od-region-americas-top5-task-acc,val/val-od-region-asia-task-acc,val/val-od-region-asia-task-loss,val/val-od-region-asia-top5-task-acc,val/val-od-region-europe-task-acc,val/val-od-region-europe-task-loss,val/val-od-region-europe-top5-task-acc,val/val-od-region-oceania-task-acc,val/val-od-region-oceania-task-loss,val/val-od-region-oceania-top5-task-acc,val/val-od-task-acc,val/val-od-task-ece,val/val-od-task-entropy-correct,val/val-od-task-entropy-incorrect,val/val-od-task-loss,val/val-od-top5-task-acc,val/val-od-worst-group-task-acc,val/val-od-worst-group-top5-task-acc
,2e-05,1e-05,1e-05,0,,,,,,,,,,,,,,,,,,,,,,,,,,,,,,,,,,,,,,,,,,,,,,,,,,,,,,,,,,,,,,,,,,,,,,,,,,,,,,,,,,,,,,,,,
0,,,,2401,,,,,,,,,,,,,,,,,,,,0.5192893743515015,0.0,0.18498049676418304,0.1281099170446396,0.9584282636642456,0.0,0.543760359287262,0.0,0.08127438277006149,0.4756776690483093,0.894646942615509,0.0,0.43157893419265747,2.868840456008911,0.5263158082962036,0.1934330314397812,3.3369507789611816,0.4704161286354065,0.18195320665836334,3.3645827770233154,0.4686223566532135,0.14160971343517303,3.5631954669952393,0.3794609010219574,0.10358566045761108,3.415379524230957,0.4661354720592499,0.169032484292984,0.08096751570701599,3.754528522491455,3.800884485244751,3.441133499145508,0.4291561543941498,0.10358566045761108,0.3794609010219574,0.45694199204444885,0.0,0.16824139654636383,0.14316913485527039,0.9578375816345215,0.0,0.44042178988456726,0.0,0.06476683914661407,0.3392380475997925,0.8986032009124756,0.0,0.20423412322998047,3.2959790229797363,0.5130759477615356,0.16991770267486572,3.4265949726104736,0.4417860507965088,0.18029604852199554,3.3668477535247803,0.4790099561214447,0.15662182867527008,3.545149803161621,0.41257113218307495,0.09090909361839294,3.5195505619049072,0.37518036365509033,0.1655033826828003,0.07533983141183853,3.7540831565856934,3.7957210540771484,3.4584336280822754,0.43871453404426575,0.09090909361839294,0.37518036365509033
0,,,,2401,6.965295314788818,0.4819613993167877,0.0,0.2424069046974182,0.20877084136009216,0.8111787438392639,0.0006093845004215837,0.0,1.2456554174423218,0.539076030254364,0.0025284450966864824,0.27096742391586304,0.3338199853897095,0.8550379276275635,0.020719073712825775,0.0,1.2087488174438477,0.12799395620822906,3.5967557430267334,,,,,,,,,,,,,,,,,,,,,,,,,,,,,,,,,,,,,,,,,,,,,,,,,,,,,,,,,,,,,,,,,,,,,,
,2e-05,1e-05,1e-05,2402,,,,,,,,,,,,,,,,,,,,,,,,,,,,,,,,,,,,,,,,,,,,,,,,,,,,,,,,,,,,,,,,,,,,,,,,,,,,,,,,,,,,,,,,,
1,,,,4803,,,,,,,,,,,,,,,,,,,,0.6207436919212341,0.0,0.5087776184082031,0.450798362493515,0.8255504965782166,0.0,0.5861708521842957,0.0,0.29941481351852417,0.43705904483795166,0.879460871219635,0.0,0.5210526585578918,1.976075291633606,0.7684210538864136,0.3998699486255646,2.4100606441497803,0.709037721157074,0.3776457607746124,2.561912775039673,0.7099888324737549,0.37395596504211426,2.634650468826294,0.6361047625541687,0.5338645577430725,2.241466999053955,0.7968127727508545,0.38779065012931824,0.17521041631698608,3.021430253982544,3.395142078399658,2.537727117538452,0.6787424683570862,0.37395596504211426,0.6361047625541687,0.5556113719940186,0.0,0.4465101957321167,0.44406697154045105,0.8154423236846924,0.0,0.49902084469795227,0.0,0.22874124348163605,0.3147294223308563,0.9234350919723511,0.0,0.30012452602386475,2.537093162536621,0.7061021327972412,0.3636086583137512,2.5429599285125732,0.6688509583473206,0.40839600563049316,2.520339250564575,0.7226401567459106,0.4423176348209381,2.4175820350646973,0.6799017190933228,0.3823953866958618,2.4775044918060303,0.7546897530555725,0.4015566110610962,0.1783401221036911,3.017016649246216,3.3593077659606934,2.4871227741241455,0.688727080821991,0.30012452602386475,0.6688509583473206
1,,,,4803,3.2572007179260254,0.5375538468360901,0.0,0.33700472116470337,0.26391151547431946,0.8487333655357361,0.0003046922502107918,0.0,1.0310732126235962,0.5510063171386719,0.0012642225483432412,0.27268391847610474,0.367145836353302,0.8638413548469543,0.010359536856412888,0.0,1.0941704511642456,0.26474377512931824,2.9782989025115967,,,,,,,,,,,,,,,,,,,,,,,,,,,,,,,,,,,,,,,,,,,,,,,,,,,,,,,,,,,,,,,,,,,,,,
,2e-05,1e-05,1e-05,4804,,,,,,,,,,,,,,,,,,,,,,,,,,,,,,,,,,,,,,,,,,,,,,,,,,,,,,,,,,,,,,,,,,,,,,,,,,,,,,,,,,,,,,,,,
2,,,,7205,,,,,,,,,,,,,,,,,,,,0.6536619067192078,0.0,0.5991547703742981,0.4767916798591614,0.8312452435493469,0.0,0.54698246717453,0.0,0.07152145355939865,0.46490901708602905,0.9128701686859131,0.0,0.6157894730567932,1.521472692489624,0.8315789699554443,0.5490897297859192,1.7232317924499512,0.8485045433044434,0.512811005115509,1.961980938911438,0.802079439163208,0.5260061025619507,1.8634467124938965,0.7911921143531799,0.6414342522621155,1.4509879350662231,0.8884462118148804,0.533223032951355,0.14244315028190613,2.112266778945923,2.8839528560638428,1.8340500593185425,0.8119829297065735,0.512811005115509,0.7911921143531799,0.5942254662513733,0.0,0.5449557900428772,0.5035185813903809,0.7996637225151062,0.0,0.4562390148639679,0.0,0.06400487571954727,0.3200679421424866,0.9502069354057312,0.0,0.37858033180236816,2.021881103515625,0.8144458532333374,0.5170679688453674,1.8584222793579102,0.8201767802238464,0.5263285636901855,1.9540150165557861,0.8080562949180603,0.5735902786254883,1.6511949300765991,0.8171236515045166,0.569985568523407,1.641480803489685,0.8715728521347046,0.5371830463409424,0.133146733045578,2.065389633178711,2.852741241455078,1.7967363595962524,0.8180768489837646,0.37858033180236816,0.8080562949180603
2,,,,7205,2.3436429500579834,0.5675162076950073,0.0,0.4075239598751068,0.33056318759918213,0.8383119106292725,0.00020312817650847137,0.0,0.9483277797698975,0.554640531539917,0.0008428149740211666,0.2878780663013458,0.3800138533115387,0.8563112616539001,0.0069063580594956875,0.0,1.0712958574295044,0.4566696584224701,2.1506807804107666,,,,,,,,,,,,,,,,,,,,,,,,,,,,,,,,,,,,,,,,,,,,,,,,,,,,,,,,,,,,,,,,,,,,,,
,2e-05,1e-05,1e-05,7206,,,,,,,,,,,,,,,,,,,,,,,,,,,,,,,,,,,,,,,,,,,,,,,,,,,,,,,,,,,,,,,,,,,,,,,,,,,,,,,,,,,,,,,,,
3,,,,9607,,,,,,,,,,,,,,,,,,,,0.6699468493461609,0.0,0.6124837398529053,0.5220943093299866,0.8358010649681091,0.0,0.5866062641143799,0.0,0.2526007890701294,0.4415150284767151,0.9054669737815857,0.0,0.678947389125824,1.2606890201568604,0.8842105269432068,0.668075442314148,1.2639256715774536,0.8985695838928223,0.6279242634773254,1.4532533884048462,0.8737467527389526,0.6262338757514954,1.4209504127502441,0.8583902716636658,0.7490040063858032,1.006779432296753,0.9282868504524231,0.6414700150489807,0.09897689521312714,1.4898093938827515,2.492401123046875,1.3746603727340698,0.8746843338012695,0.6262338757514954,0.8583902716636658,0.6027617454528809,0.006226649973541498,0.5393173098564148,0.5615141987800598,0.7948784232139587,0.0,0.4921918213367462,0.0,0.1914050579071045,0.2999272048473358,0.9454216361045837,0.0,0.5118306279182434,1.6821585893630981,0.8667497038841248,0.6385248303413391,1.389977216720581,0.878238320350647,0.6156272888183594,1.5106217861175537,0.8721184134483337,0.6682617664337158,1.2500089406967163,0.8851526379585266,0.6998556852340698,1.1310808658599854,0.906204879283905,0.6423299312591553,0.09226253628730774,1.4646669626235962,2.4692187309265137,1.3633062839508057,0.8801907896995544,0.5118306279182434,0.8667497038841248
3,,,,9607,1.7737985849380493,0.5898188948631287,0.00015802781854290515,0.45057931542396545,0.37931662797927856,0.836669921875,0.0001523461251053959,0.0,0.9043765664100647,0.555605411529541,0.0006321112741716206,0.24877223372459412,0.4036863446235657,0.8699807524681091,0.005179768428206444,0.0,1.083446741104126,0.6063255667686462,1.527529239654541,,,,,,,,,,,,,,,,,,,,,,,,,,,,,,,,,,,,,,,,,,,,,,,,,,,,,,,,,,,,,,,,,,,,,,
,2e-05,1e-05,1e-05,9608,,,,,,,,,,,,,,,,,,,,,,,,,,,,,,,,,,,,,,,,,,,,,,,,,,,,,,,,,,,,,,,,,,,,,,,,,,,,,,,,,,,,,,,,,
4,,,,12009,,,,,,,,,,,,,,,,,,,,0.6797004342079163,0.21578946709632874,0.6121586561203003,0.5024136900901794,0.8595292568206787,0.0,0.7189759016036987,0.0,0.6300390362739563,0.6275529265403748,0.8785117864608765,0.0,0.6842105388641357,1.1209965944290161,0.9052631855010986,0.7018855810165405,1.059120774269104,0.9141742587089539,0.6743409037590027,1.2101927995681763,0.9090234041213989,0.6668564677238464,1.2269130945205688,0.8779422640800476,0.8007968068122864,0.7718229293823242,0.9442231059074402,0.6812679767608643,0.03932269290089607,1.0457688570022583,2.149458646774292,1.1660971641540527,0.8968910574913025,0.6668564677238464,0.8779422640800476,0.617323637008667,0.0697384774684906,0.5470892786979675,0.5474399328231812,0.8266942501068115,0.0,0.6137584447860718,0.0,0.5981408357620239,0.41082262992858887,0.8542420864105225,0.0,0.5491905212402344,1.4749313592910767,0.8754670023918152,0.6699177026748657,1.2075574398040771,0.8972874283790588,0.6534821391105652,1.2959227561950684,0.89347243309021,0.7079668641090393,1.0715618133544922,0.9032591581344604,0.7878788113594055,0.8158977627754211,0.9307359457015991,0.680492103099823,0.03877265006303787,1.054722547531128,2.140564441680908,1.1701481342315674,0.8991212844848633,0.5491905212402344,0.8754670023918152
4,,,,12009,1.286712646484375,0.6073559522628784,0.012642225250601768,0.4841081500053406,0.4189904034137726,0.8343117833137512,0.0004875076119787991,0.0,0.853257954120636,0.5724939107894897,0.0005056890076957643,0.28587231040000916,0.4256611764431,0.873730480670929,0.00414381455630064,0.0,0.9377836585044861,0.6963428258895874,1.1463642120361328,,,,,,,,,,,,,,,,,,,,,,,,,,,,,,,,,,,,,,,,,,,,,,,,,,,,,,,,,,,,,,,,,,,,,,
,2e-05,1e-05,1e-05,12010,,,,,,,,,,,,,,,,,,,,,,,,,,,,,,,,,,,,,,,,,,,,,,,,,,,,,,,,,,,,,,,,,,,,,,,,,,,,,,,,,,,,,,,,,
5,,,,14411,,,,,,,,,,,,,,,,,,,,0.7023425698280334,0.2947368323802948,0.7220416069030762,0.551058292388916,0.817008376121521,0.0,0.8751197457313538,0.0,0.8654096126556396,0.8317860960960388,0.9660212397575378,0.2310757040977478,0.699999988079071,1.0873937606811523,0.9157894849777222,0.7148894667625427,1.0260645151138306,0.9245773553848267,0.6891942024230957,1.1231324672698975,0.9045674204826355,0.6721715927124023,1.1856194734573364,0.8861047625541687,0.8127490282058716,0.7871356010437012,0.9322709441184998,0.6911956667900085,0.012361118569970131,0.8110341429710388,1.9019984006881714,1.1175713539123535,0.9022903442382812,0.6721715927124023,0.8861047625541687,0.641526460647583,0.08717310428619385,0.6458396911621094,0.5743751525878906,0.7890584468841553,0.0,0.7190560102462769,0.0,0.8201767802238464,0.5430720448493958,0.8495861291885376,0.18903319537639618,0.5367372632026672,1.6136674880981445,0.8630136847496033,0.6677842140197754,1.2178759574890137,0.889667809009552,0.6566367149353027,1.2598165273666382,0.8920165300369263,0.7114588618278503,1.039365530014038,0.9062338471412659,0.7821067571640015,0.887458324432373,0.9249639511108398,0.6811448931694031,0.016083264723420143,0.8160816431045532,1.9014734029769897,1.1615753173828125,0.8967612385749817,0.5367372632026672,0.8630136847496033
5,,,,14411,0.9676504135131836,0.6219702363014221,0.04235145449638367,0.5105373859405518,0.44653451442718506,0.835090160369873,0.003148486604914069,0.0,0.8149829506874084,0.6099575161933899,0.0004214074870105833,0.3649851381778717,0.48153555393218994,0.8798636794090271,0.011375177651643753,0.0,0.575943648815155,0.7611724734306335,0.8917449712753296,,,,,,,,,,,,,,,,,,,,,,,,,,,,,,,,,,,,,,,,,,,,,,,,,,,,,,,,,,,,,,,,,,,,,,
,2e-05,1e-05,1e-05,14412,,,,,,,,,,,,,,,,,,,,,,,,,,,,,,,,,,,,,,,,,,,,,,,,,,,,,,,,,,,,,,,,,,,,,,,,,,,,,,,,,,,,,,,,,
6,,,,16813,,,,,,,,,,,,,,,,,,,,0.7200208902359009,0.3526315689086914,0.6609233021736145,0.6301522254943848,0.8485193848609924,0.0039840638637542725,0.695637047290802,0.0,0.6710013151168823,0.4838470220565796,0.8771830201148987,0.0,0.6631578803062439,1.086008906364441,0.8999999761581421,0.7103381156921387,1.0386226177215576,0.9144993424415588,0.6702561974525452,1.175683617591858,0.9030820727348328,0.6708428263664246,1.2052538394927979,0.8813591599464417,0.8007968068122864,0.7939726710319519,0.9402390718460083,0.6839675903320312,0.011547621339559555,0.8919547200202942,2.063924551010132,1.142638087272644,0.8968910574913025,0.6631578803062439,0.8813591599464417,0.6498116850852966,0.12702366709709167,0.5766534805297852,0.650570273399353,0.8243662714958191,0.0,0.5876977443695068,0.0,0.6110941767692566,0.33487018942832947,0.8166062831878662,0.0,0.5429638624191284,1.5869371891021729,0.8592777252197266,0.6651935577392578,1.2212600708007812,0.8911917209625244,0.6381946206092834,1.3355746269226074,0.8844940662384033,0.7102949023246765,1.0554165840148926,0.9067511558532715,0.761904776096344,0.8575748205184937,0.9249639511108398,0.675470769405365,0.008466403931379318,0.9206163287162781,2.047999143600464,1.182619333267212,0.8957569599151611,0.5429638624191284,0.8592777252197266
6,,,,16813,1.1191259622573853,0.6328086256980896,0.06303051859140396,0.5294698476791382,0.46293607354164124,0.8381450176239014,0.00609384523704648,0.0,0.817328155040741,0.6333625316619873,0.00045150803634896874,0.42101067304611206,0.5053063035011292,0.884215772151947,0.041264038532972336,0.0,0.6425774097442627,0.7661814093589783,0.887442946434021,,,,,,,,,,,,,,,,,,,,,,,,,,,,,,,,,,,,,,,,,,,,,,,,,,,,,,,,,,,,,,,,,,,,,,
,2e-05,1e-05,1e-05,16814,,,,,,,,,,,,,,,,,,,,,,,,,,,,,,,,,,,,,,,,,,,,,,,,,,,,,,,,,,,,,,,,,,,,,,,,,,,,,,,,,,,,,,,,,
7,,,,19215,,,,,,,,,,,,,,,,,,,,0.7398763298988342,0.35789474844932556,0.677178144454956,0.6795395612716675,0.8547835946083069,0.04780876636505127,0.8008360266685486,0.005263158120214939,0.8172951936721802,0.6932788491249084,0.9138193130493164,0.0,0.7105262875556946,1.008476734161377,0.9157894849777222,0.7347204089164734,0.9482883214950562,0.9281534552574158,0.7059041857719421,1.062119722366333,0.9149647355079651,0.6892558932304382,1.1513617038726807,0.8891419768333435,0.804780900478363,0.7435330152511597,0.9362549781799316,0.7082644104957581,0.03642677888274193,0.6230880618095398,1.7372961044311523,1.0646567344665527,0.9070800542831421,0.6892558932304382,0.8891419768333435,0.6712528467178345,0.12702366709709167,0.5908259749412537,0.7129337787628174,0.8334195613861084,0.010101010091602802,0.6892292499542236,0.0,0.7712587714195251,0.5049745440483093,0.851526141166687,0.0,0.5828144550323486,1.3905376195907593,0.8866749405860901,0.6828711032867432,1.1568634510040283,0.902468740940094,0.6661004424095154,1.2233211994171143,0.9031788110733032,0.7282721400260925,1.0040119886398315,0.9119244813919067,0.8008658289909363,0.800713837146759,0.9264069199562073,0.6970624923706055,0.03891343995928764,0.6568086743354797,1.7321079969406128,1.1082639694213867,0.9065026640892029,0.5828144550323486,0.8866749405860901
7,,,,19215,0.7455373406410217,0.6442095041275024,0.0882585346698761,0.5477101802825928,0.48442500829696655,0.8400627374649048,0.00875990279018879,0.0,0.7603834271430969,0.6484654545783997,0.00039506953908130527,0.46115243434906006,0.521155059337616,0.8855159878730774,0.03610603138804436,0.0,0.6906265616416931,0.8269128203392029,0.6480574607849121,,,,,,,,,,,,,,,,,,,,,,,,,,,,,,,,,,,,,,,,,,,,,,,,,,,,,,,,,,,,,,,,,,,,,,
,2e-05,1e-05,1e-05,19216,,,,,,,,,,,,,,,,,,,,,,,,,,,,,,,,,,,,,,,,,,,,,,,,,,,,,,,,,,,,,,,,,,,,,,,,,,,,,,,,,,,,,,,,,
8,,,,21617,,,,,,,,,,,,,,,,,,,,0.7382217049598694,0.35789474844932556,0.631989598274231,0.6338655948638916,0.898823082447052,0.09163346886634827,0.7728816270828247,0.0,0.7815344333648682,0.626067578792572,0.9083143472671509,0.0,0.7105262875556946,1.0111124515533447,0.9157894849777222,0.7412223815917969,0.9415065050125122,0.9255526661872864,0.7085035443305969,1.0474655628204346,0.9153360724449158,0.696469247341156,1.1292461156845093,0.891230046749115,0.8326693177223206,0.7562020421028137,0.9402390718460083,0.7145345211029053,0.03779435530304909,0.5938024520874023,1.7079187631607056,1.0494226217269897,0.9076025485992432,0.696469247341156,0.891230046749115,0.6721064448356628,0.1282689869403839,0.5611094236373901,0.6707109808921814,0.8814019560813904,0.03030303120613098,0.6641727089881897,0.0,0.7259981632232666,0.45450133085250854,0.8523021340370178,0.0,0.5703611373901367,1.5180021524429321,0.8455790877342224,0.6886619925498962,1.1423487663269043,0.9041450619697571,0.6721669435501099,1.213243842124939,0.9019655585289001,0.732022762298584,0.9909841418266296,0.9147697687149048,0.8051947951316833,0.7897031903266907,0.9220778942108154,0.7013306617736816,0.047755733132362366,0.6090002059936523,1.680863857269287,1.1011594533920288,0.9061009287834167,0.5703611373901367,0.8455790877342224
8,,,,21617,0.5772013068199158,0.6544226408004761,0.10816125571727753,0.5627870559692383,0.5021618008613586,0.843268096446991,0.014760646969079971,0.0,0.7325460314750671,0.6701924204826355,0.013485039584338665,0.5040342807769775,0.5536838173866272,0.8902484178543091,0.0396777018904686,0.0,0.44714370369911194,0.8565629720687866,0.5306766033172607,,,,,,,,,,,,,,,,,,,,,,,,,,,,,,,,,,,,,,,,,,,,,,,,,,,,,,,,,,,,,,,,,,,,,,
,2e-05,1e-05,1e-05,21618,,,,,,,,,,,,,,,,,,,,,,,,,,,,,,,,,,,,,,,,,,,,,,,,,,,,,,,,,,,,,,,,,,,,,,,,,,,,,,,,,,,,,,,,,
9,,,,24019,,,,,,,,,,,,,,,,,,,,0.7505878210067749,0.36315789818763733,0.7532509565353394,0.6858522295951843,0.8293470144271851,0.06772908568382263,0.9171819090843201,0.4368421137332916,0.8985695838928223,0.8971407413482666,0.9741837382316589,0.5458167195320129,0.6947368383407593,1.067246913909912,0.9210526347160339,0.7278933525085449,0.9868259429931641,0.9236021041870117,0.7148162126541138,1.056986927986145,0.9179353713989258,0.6877372860908508,1.178199052810669,0.8904707431793213,0.8127490282058716,0.8842245936393738,0.9322709441184998,0.7077418565750122,0.06565812975168228,0.510983943939209,1.5794528722763062,1.089943289756775,0.9072542190551758,0.6877372860908508,0.8904707431793213,0.6858649253845215,0.12702366709709167,0.6845473647117615,0.7032274007797241,0.7963010668754578,0.014430014416575432,0.7407481670379639,0.20672477781772614,0.7683632969856262,0.5957291722297668,0.870926022529602,0.5122655034065247,0.5579078197479248,1.5408024787902832,0.874221682548523,0.6810423731803894,1.211789846420288,0.8985065817832947,0.6646444797515869,1.2416199445724487,0.9007522463798523,0.7216761708259583,1.0503654479980469,0.9132177829742432,0.8008658289909363,0.8474569320678711,0.9191918969154358,0.6926437616348267,0.07651190459728241,0.5341775417327881,1.5448634624481201,1.155779480934143,0.9044438600540161,0.5579078197479248,0.874221682548523
9,,,,24019,0.5229380130767822,0.6634440422058105,0.12402022629976273,0.5765603184700012,0.5170531868934631,0.8462287187576294,0.021572211757302284,0.0,0.7133920192718506,0.6903230547904968,0.019595447927713394,0.5413722395896912,0.5837497711181641,0.8952895402908325,0.066240094602108,0.0,0.37903204560279846,0.8743869066238403,0.46502289175987244,,,,,,,,,,,,,,,,,,,,,,,,,,,,,,,,,,,,,,,,,,,,,,,,,,,,,,,,,,,,,,,,,,,,,,
,2e-05,1e-05,1e-05,24020,,,,,,,,,,,,,,,,,,,,,,,,,,,,,,,,,,,,,,,,,,,,,,,,,,,,,,,,,,,,,,,,,,,,,,,,,,,,,,,,,,,,,,,,,
10,,,,26421,,,,,,,,,,,,,,,,,,,,0.7525036931037903,0.36315789818763733,0.6885565519332886,0.6795395612716675,0.873576283454895,0.087649405002594,0.6764782667160034,0.0,0.4730169177055359,0.626067578792572,0.8783219456672668,0.0,0.7210526466369629,1.0015689134597778,0.9368420839309692,0.72691810131073,0.9814988970756531,0.922626793384552,0.7051615118980408,1.0956199169158936,0.9116227030754089,0.690584659576416,1.155316948890686,0.8923690319061279,0.8167330622673035,0.7892090082168579,0.9402390718460083,0.7070451974868774,0.0643392950296402,0.5166503190994263,1.5847665071487427,1.0839287042617798,0.9068187475204468,0.690584659576416,0.8923690319061279,0.68094402551651,0.1282689869403839,0.6059128046035767,0.7071099281311035,0.8475168347358704,0.021645022556185722,0.5657544732093811,0.0,0.4021639823913574,0.4074253737926483,0.8987325429916382,0.0,0.5865504145622253,1.4013489484786987,0.8879203200340271,0.6874428391456604,1.1646544933319092,0.9033831357955933,0.6656151413917542,1.232540488243103,0.8971123695373535,0.7315054535865784,1.032938838005066,0.9120538234710693,0.8066378235816956,0.8822885155677795,0.9177489280700684,0.700125515460968,0.06607306003570557,0.5411012172698975,1.5715481042861938,1.1272403001785278,0.9053477048873901,0.5865504145622253,0.8879203200340271
10,,,,26421,2.415224075317383,0.6701167225837708,0.13590392470359802,0.5861042141914368,0.527496337890625,0.8491315245628357,0.02576034516096115,0.0,0.724741518497467,0.6818081140518188,0.019308125600218773,0.5281205773353577,0.5806053280830383,0.8863270878791809,0.06132624298334122,0.0,0.9938858151435852,0.8477290868759155,0.5726630687713623,,,,,,,,,,,,,,,,,,,,,,,,,,,,,,,,,,,,,,,,,,,,,,,,,,,,,,,,,,,,,,,,,,,,,,
,2e-05,1e-05,1e-05,26422,,,,,,,,,,,,,,,,,,,,,,,,,,,,,,,,,,,,,,,,,,,,,,,,,,,,,,,,,,,,,,,,,,,,,,,,,,,,,,,,,,,,,,,,,
11,,,,28823,,,,,,,,,,,,,,,,,,,,0.7346512079238892,0.3210526406764984,0.6654746532440186,0.6476048827171326,0.867691695690155,0.05179283022880554,0.7066097855567932,0.0,0.6202861070632935,0.5896769165992737,0.8766134977340698,0.0,0.699999988079071,1.0105388164520264,0.9210526347160339,0.7061118483543396,1.0559512376785278,0.9122236967086792,0.6683995723724365,1.230979561805725,0.9012253880500793,0.6469248533248901,1.3277071714401245,0.852885365486145,0.8087649345397949,0.7681630849838257,0.9442231059074402,0.6722981929779053,0.040544718503952026,0.6704136729240417,1.873731017112732,1.214457392692566,0.8833057284355164,0.6469248533248901,0.852885365486145,0.6604569554328918,0.12453299760818481,0.5748247504234314,0.6661004424095154,0.8437661528587341,0.017316017299890518,0.61687171459198,0.0,0.5886924862861633,0.40572676062583923,0.8729953169822693,0.0,0.5865504145622253,1.4882311820983887,0.8630136847496033,0.6598597764968872,1.2587261199951172,0.8872295022010803,0.6420771479606628,1.3426971435546875,0.8764863014221191,0.684428334236145,1.1926733255386353,0.8848939538002014,0.7777777910232544,0.943670392036438,0.9090909361839294,0.6668340563774109,0.04618959128856659,0.6839441657066345,1.8186293840408325,1.248759150505066,0.8838564157485962,0.5865504145622253,0.8630136847496033
11,,,,28823,1.2518495321273804,0.6748565435409546,0.13859039545059204,0.5943633913993835,0.5353426337242126,0.8503513932228088,0.028590289875864983,0.0,0.7539415955543518,0.6831017732620239,0.017699114978313446,0.53299480676651,0.5839744210243225,0.8848374485969543,0.05621572211384773,0.0,0.8529165387153625,0.7782548069953918,0.8499088883399963,,,,,,,,,,,,,,,,,,,,,,,,,,,,,,,,,,,,,,,,,,,,,,,,,,,,,,,,,,,,,,,,,,,,,,
,2e-05,1e-05,1e-05,28824,,,,,,,,,,,,,,,,,,,,,,,,,,,,,,,,,,,,,,,,,,,,,,,,,,,,,,,,,,,,,,,,,,,,,,,,,,,,,,,,,,,,,,,,,
12,,,,31225,,,,,,,,,,,,,,,,,,,,0.7578158974647522,0.36315789818763733,0.6716514825820923,0.6984775066375732,0.8819286227226257,0.1593625545501709,0.7899503707885742,0.0,0.7600780129432678,0.7708874940872192,0.8840166926383972,0.0,0.699999988079071,1.0080283880233765,0.9263157844543457,0.7330949306488037,0.9672381281852722,0.9252275824546814,0.7044188380241394,1.133378028869629,0.9056813716888428,0.6805239319801331,1.2038750648498535,0.8817387819290161,0.8286852836608887,0.7729001641273499,0.9402390718460083,0.7038230299949646,0.07050271332263947,0.48770880699157715,1.5656437873840332,1.1109068393707275,0.9010711312294006,0.6805239319801331,0.8817387819290161,0.6860155463218689,0.12702366709709167,0.5940262079238892,0.7231254577636719,0.8605794310569763,0.04040404036641121,0.6896811723709106,0.0,0.7800975441932678,0.5236592888832092,0.8352302312850952,0.0,0.6089663505554199,1.3354204893112183,0.8966376185417175,0.6875952482223511,1.1836484670639038,0.9000304937362671,0.6685270667076111,1.2545713186264038,0.893957793712616,0.720382809638977,1.0603806972503662,0.9081737995147705,0.7979797720909119,0.8880674839019775,0.9177489280700684,0.6970624923706055,0.07386761903762817,0.5065127015113831,1.5272141695022583,1.1462410688400269,0.9024353623390198,0.6089663505554199,0.893957793712616
12,,,,31225,0.5841472148895264,0.6802772879600525,0.1488865166902542,0.601073145866394,0.544823944568634,0.8527710437774658,0.03257863223552704,0.0,0.704479455947876,0.6892293095588684,0.016337644308805466,0.5466552376747131,0.5932047963142395,0.8856803178787231,0.05189143493771553,0.0,0.6828741431236267,0.846011757850647,0.5621862411499023,,,,,,,,,,,,,,,,,,,,,,,,,,,,,,,,,,,,,,,,,,,,,,,,,,,,,,,,,,,,,,,,,,,,,,
,2e-05,1e-05,1e-05,31226,,,,,,,,,,,,,,,,,,,,,,,,,,,,,,,,,,,,,,,,,,,,,,,,,,,,,,,,,,,,,,,,,,,,,,,,,,,,,,,,,,,,,,,,,
13,,,,33627,,,,,,,,,,,,,,,,,,,,0.666202187538147,0.33157894015312195,0.577048122882843,0.6011882424354553,0.7947987914085388,0.023904383182525635,0.6014108061790466,0.015789473429322243,0.22594277560710907,0.6550315618515015,0.843583881855011,0.0,0.5947368144989014,1.6703290939331055,0.7894737124443054,0.5260078310966492,1.9560788869857788,0.7542262673377991,0.43297436833381653,2.397223711013794,0.6955068707466125,0.49601367115974426,2.0411596298217773,0.7433561086654663,0.6175298690795898,1.6258485317230225,0.8525896668434143,0.4935121536254883,0.04977116361260414,1.6365493535995483,2.7672457695007324,2.0869972705841064,0.7381346225738525,0.43297436833381653,0.6955068707466125,0.5958322882652283,0.11706101894378662,0.5412983894348145,0.5712205767631531,0.7577599883079529,0.010101010091602802,0.4835551083087921,0.0,0.2337701916694641,0.4477068781852722,0.8084583282470703,0.0,0.49439600110054016,2.0141165256500244,0.7459526658058167,0.4701310694217682,2.12509822845459,0.7354465126991272,0.4193156957626343,2.435093402862549,0.6809027194976807,0.5406104326248169,1.8997814655303955,0.7697879076004028,0.5728715658187866,1.6908046007156372,0.8109667897224426,0.49153903126716614,0.04508577659726143,1.6393767595291138,2.7180233001708984,2.0820765495300293,0.7405472993850708,0.4193156957626343,0.6809027194976807
13,,,,33627,3.70406436920166,0.6851317882537842,0.15748600661754608,0.6067324876785278,0.5547395944595337,0.8543342351913452,0.03856533393263817,0.0,0.6921343803405762,0.6999773383140564,0.019234241917729378,0.5650666356086731,0.6122225522994995,0.8883477449417114,0.054235223680734634,0.0,0.476657897233963,0.8700024485588074,0.49003326892852783,,,,,,,,,,,,,,,,,,,,,,,,,,,,,,,,,,,,,,,,,,,,,,,,,,,,,,,,,,,,,,,,,,,,,,
,2e-05,1e-05,1e-05,33628,,,,,,,,,,,,,,,,,,,,,,,,,,,,,,,,,,,,,,,,,,,,,,,,,,,,,,,,,,,,,,,,,,,,,,,,,,,,,,,,,,,,,,,,,
14,,,,36029,,,,,,,,,,,,,,,,,,,,0.7115736603736877,0.005263158120214939,0.6206111907958984,0.6186408996582031,0.8722475171089172,0.0,0.6949403285980225,0.0,0.6030558943748474,0.5948755741119385,0.8585801124572754,0.0,0.6473684310913086,1.2815204858779907,0.8526315689086914,0.6014304161071777,1.4707725048065186,0.8559817671775818,0.563312292098999,1.605367660522461,0.8362420797348022,0.5890281200408936,1.5562176704406738,0.825930118560791,0.7051792740821838,1.1853623390197754,0.9043824672698975,0.5899155139923096,0.01927660033106804,1.079425573348999,2.320053815841675,1.5318934917449951,0.8385439515113831,0.563312292098999,0.825930118560791,0.6384132504463196,0.0660024881362915,0.5502895712852478,0.6190245151519775,0.8405328392982483,0.0,0.553000271320343,0.0,0.4960377812385559,0.37272506952285767,0.8047077059745789,0.0,0.4806973934173584,1.7891508340835571,0.8244084715843201,0.575129508972168,1.6032334566116333,0.8322157859802246,0.5687939524650574,1.6470271348953247,0.8335355520248413,0.6245473623275757,1.3857271671295166,0.8545007705688477,0.6522366404533386,1.2267837524414062,0.8961039185523987,0.5918654203414917,0.021690404042601585,1.0846819877624512,2.3359086513519287,1.5225090980529785,0.8430328965187073,0.4806973934173584,0.8244084715843201
14,,,,36029,2.479159116744995,0.6871819496154785,0.16118836402893066,0.6104960441589355,0.5578490495681763,0.8546836972236633,0.04176315292716026,0.0,0.7644980549812317,0.7013153433799744,0.017951959744095802,0.574627697467804,0.618675947189331,0.8824678063392639,0.05066016688942909,0.0,0.8268243670463562,0.7244057655334473,1.018012523651123,,,,,,,,,,,,,,,,,,,,,,,,,,,,,,,,,,,,,,,,,,,,,,,,,,,,,,,,,,,,,,,,,,,,,,
,2e-05,1e-05,1e-05,36030,,,,,,,,,,,,,,,,,,,,,,,,,,,,,,,,,,,,,,,,,,,,,,,,,,,,,,,,,,,,,,,,,,,,,,,,,,,,,,,,,,,,,,,,,
15,,,,38431,,,,,,,,,,,,,,,,,,,,0.7509361505508423,0.36315789818763733,0.6817294955253601,0.6940215229988098,0.870539128780365,0.007968127727508545,0.7408342957496643,0.0,0.6797789335250854,0.6810249090194702,0.8697798252105713,0.0,0.6684210300445557,1.1304439306259155,0.9210526347160339,0.6983094811439514,1.0807430744171143,0.9154746532440186,0.6791682243347168,1.1801481246948242,0.9001113772392273,0.6695140600204468,1.2295705080032349,0.8785117864608765,0.8207171559333801,0.8209773302078247,0.9362549781799316,0.6829226016998291,0.05650397390127182,0.5919637680053711,1.6955499649047852,1.167067050933838,0.8954976797103882,0.6684210300445557,0.8785117864608765,0.6821491122245789,0.1282689869403839,0.6229807734489441,0.6813880205154419,0.8511381149291992,0.007215007208287716,0.629676103591919,0.0,0.61490398645401,0.4646930396556854,0.8523021340370178,0.0,0.5566624999046326,1.438227891921997,0.8879203200340271,0.6601645946502686,1.2600785493850708,0.8832672834396362,0.6425625085830688,1.3111876249313354,0.8815821409225464,0.7047335505485535,1.099724531173706,0.9010605216026306,0.7835497856140137,0.8719013929367065,0.9191918969154358,0.67386394739151,0.0628531202673912,0.6030813455581665,1.6846181154251099,1.2022550106048584,0.891237735748291,0.5566624999046326,0.8815821409225464
15,,,,38431,0.9578120112419128,0.690174400806427,0.16529709100723267,0.6133004426956177,0.5637564063072205,0.856513500213623,0.03919104114174843,0.0,0.7208566069602966,0.7030625939369202,0.01682996191084385,0.5783894658088684,0.6200621724128723,0.8835502862930298,0.04749390482902527,0.0,0.7910172939300537,0.7743647694587708,0.8126834034919739,,,,,,,,,,,,,,,,,,,,,,,,,,,,,,,,,,,,,,,,,,,,,,,,,,,,,,,,,,,,,,,,,,,,,,
,2e-05,1e-05,1e-05,38432,,,,,,,,,,,,,,,,,,,,,,,,,,,,,,,,,,,,,,,,,,,,,,,,,,,,,,,,,,,,,,,,,,,,,,,,,,,,,,,,,,,,,,,,,
16,,,,40833,,,,,,,,,,,,,,,,,,,,0.7345641255378723,0.28421053290367126,0.6749024987220764,0.6416635513305664,0.868830680847168,0.0,0.7414438724517822,0.0,0.6414174437522888,0.6695135831832886,0.8993925452232361,0.0,0.6842105388641357,1.1620761156082153,0.8894736766815186,0.6882314682006836,1.1466560363769531,0.9024707674980164,0.662829577922821,1.2321598529815674,0.897883415222168,0.6556568145751953,1.2984331846237183,0.8678815364837646,0.7928286790847778,0.8308996558189392,0.9482071995735168,0.6695985198020935,0.058028094470500946,0.6288778185844421,1.715645670890808,1.2293808460235596,0.8863537311553955,0.6556568145751953,0.8678815364837646,0.6650263667106628,0.08592776954174042,0.6182566285133362,0.625091016292572,0.8460941314697266,0.0,0.626663327217102,0.0,0.5714721083641052,0.45498666167259216,0.8865752816200256,0.0,0.529265284538269,1.5453579425811768,0.8754670023918152,0.6475160121917725,1.2898238897323608,0.8820481300354004,0.6360107064247131,1.3132994174957275,0.8823100924491882,0.6993016004562378,1.133150577545166,0.8942058682441711,0.7676767706871033,0.8709906935691833,0.920634925365448,0.6646246314048767,0.0584382638335228,0.6355830430984497,1.7452970743179321,1.2297687530517578,0.8878734707832336,0.529265284538269,0.8754670023918152
16,,,,40833,4.885588645935059,0.691007137298584,0.16806723177433014,0.61214280128479,0.5675748586654663,0.8570433855056763,0.037638455629348755,0.0,0.7603287696838379,0.7055333852767944,0.015839964151382446,0.5834953188896179,0.623422384262085,0.8843871355056763,0.04470014572143555,0.0,0.7362310886383057,0.7563456892967224,0.9013452529907227,,,,,,,,,,,,,,,,,,,,,,,,,,,,,,,,,,,,,,,,,,,,,,,,,,,,,,,,,,,,,,,,,,,,,,
,2e-05,1e-05,1e-05,40834,,,,,,,,,,,,,,,,,,,,,,,,,,,,,,,,,,,,,,,,,,,,,,,,,,,,,,,,,,,,,,,,,,,,,,,,,,,,,,,,,,,,,,,,,
17,,,,43235,,,,,,,,,,,,,,,,,,,,0.7593834400177002,0.37368419766426086,0.7428478598594666,0.6962495446205139,0.8483295440673828,0.07968127727508545,0.8220848441123962,0.3105263113975525,0.7574772238731384,0.7682881355285645,0.9453303217887878,0.007968127727508545,0.699999988079071,1.1172877550125122,0.8999999761581421,0.7220416069030762,1.0233445167541504,0.9157997369766235,0.6995915174484253,1.1278388500213623,0.9153360724449158,0.6867881417274475,1.2111209630966187,0.882308304309845,0.8406374454498291,0.7559239268302917,0.9482071995735168,0.7028651237487793,0.0819946676492691,0.44548457860946655,1.4600965976715088,1.1294502019882202,0.9008098840713501,0.6867881417274475,0.882308304309845,0.6931458711624146,0.12951432168483734,0.6750990748405457,0.6947342753410339,0.8269529342651367,0.018759019672870636,0.6958574056625366,0.14072228968143463,0.7252362370491028,0.4826498329639435,0.9015778303146362,0.03751803934574127,0.5790784358978271,1.4604458808898926,0.8816936612129211,0.6808899641036987,1.218016505241394,0.8942395448684692,0.6610046029090881,1.259511947631836,0.8917738199234009,0.7190895080566406,1.0926554203033447,0.9073978066444397,0.8008658289909363,0.8305966258049011,0.9191918969154358,0.691689670085907,0.08651459217071533,0.4598642885684967,1.4623198509216309,1.1742222309112549,0.8991714715957642,0.5790784358978271,0.8816936612129211
17,,,,43235,0.6333995461463928,0.6943378448486328,0.1744627058506012,0.6166473031044006,0.5736799836158752,0.858291506767273,0.037172455340623856,0.0,0.6672716736793518,0.7100642323493958,0.01826099120080471,0.5909131765365601,0.6312507390975952,0.8859193325042725,0.04231837019324303,0.0,0.5939726829528809,0.8495765328407288,0.5256935358047485,,,,,,,,,,,,,,,,,,,,,,,,,,,,,,,,,,,,,,,,,,,,,,,,,,,,,,,,,,,,,,,,,,,,,,
,2e-05,1e-05,1e-05,43236,,,,,,,,,,,,,,,,,,,,,,,,,,,,,,,,,,,,,,,,,,,,,,,,,,,,,,,,,,,,,,,,,,,,,,,,,,,,,,,,,,,,,,,,,
18,,,,45637,,,,,,,,,,,,,,,,,,,,0.5913959741592407,0.0,0.479518860578537,0.22985517978668213,0.8916097283363342,0.0,0.7071322798728943,0.0,0.4804941415786743,0.7014482021331787,0.9022399187088013,0.0,0.4684210419654846,2.344520092010498,0.6736842393875122,0.24447333812713623,3.043151378631592,0.5640442371368408,0.2328258454799652,3.0371880531311035,0.5395469665527344,0.25930145382881165,2.978980779647827,0.5484054684638977,0.4302788972854614,2.7130556106567383,0.6095617413520813,0.2562048137187958,0.0875362828373909,3.1102135181427,3.549698829650879,2.993436098098755,0.5540363788604736,0.2328258454799652,0.5395469665527344,0.5284458994865417,0.0,0.4478817582130432,0.20795923471450806,0.8701500296592712,0.0,0.5639467835426331,0.0,0.4353855550289154,0.44867751002311707,0.8438954949378967,0.0,0.24657534062862396,2.9842891693115234,0.5417185425758362,0.23925632238388062,3.096153497695923,0.5431271195411682,0.22664402425289154,3.0364575386047363,0.5438000559806824,0.31893429160118103,2.870107889175415,0.5624676942825317,0.24819624423980713,3.0923519134521484,0.4761904776096344,0.2682400345802307,0.09683592617511749,3.120173692703247,3.5537126064300537,2.9914698600769043,0.5483806133270264,0.22664402425289154,0.4761904776096344
18,,,,45637,41.343658447265625,0.6945070624351501,0.1757601946592331,0.6154429316520691,0.5720407366752625,0.860102117061615,0.03861573338508606,0.0,0.7851837873458862,0.7143646478652954,0.025850024074316025,0.5956128835678101,0.6404361128807068,0.8874519467353821,0.04416434094309807,0.0,0.5889155268669128,0.6917632818222046,1.242478370666504,,,,,,,,,,,,,,,,,,,,,,,,,,,,,,,,,,,,,,,,,,,,,,,,,,,,,,,,,,,,,,,,,,,,,,
,2e-05,1e-05,1e-05,45638,,,,,,,,,,,,,,,,,,,,,,,,,,,,,,,,,,,,,,,,,,,,,,,,,,,,,,,,,,,,,,,,,,,,,,,,,,,,,,,,,,,,,,,,,
19,,,,48039,,,,,,,,,,,,,,,,,,,,0.710964024066925,0.35789474844932556,0.6596229076385498,0.5729669332504272,0.8583902716636658,0.007968127727508545,0.7309936285018921,0.0,0.6050065159797668,0.7021908760070801,0.881169319152832,0.0,0.621052622795105,1.3275729417800903,0.8736842274665833,0.5972041487693787,1.4709968566894531,0.8524057269096375,0.5451169610023499,1.6874057054519653,0.8236168026924133,0.5823842287063599,1.588585615158081,0.8181473016738892,0.7330677509307861,1.0591890811920166,0.9203187227249146,0.5814682841300964,0.012585186399519444,1.1605968475341797,2.2926018238067627,1.5642783641815186,0.83175128698349,0.5451169610023499,0.8181473016738892,0.6429826617240906,0.12577833235263824,0.6048460602760315,0.5282698273658752,0.8476461172103882,0.005772005766630173,0.614561915397644,0.0,0.5527278184890747,0.4625090956687927,0.8673046827316284,0.0,0.5193026065826416,1.6956300735473633,0.8468244075775146,0.5597378611564636,1.6360982656478882,0.8268820643424988,0.5265712141990662,1.7474894523620605,0.8223732113838196,0.6098034381866455,1.4648041725158691,0.838463544845581,0.6147186160087585,1.3151124715805054,0.8860028982162476,0.572633683681488,0.012216133996844292,1.1409062147140503,2.26839280128479,1.5837501287460327,0.8333417177200317,0.5193026065826416,0.8223732113838196
19,,,,48039,2.0177981853485107,0.692650556564331,0.17474715411663055,0.6131883859634399,0.565669059753418,0.8607565760612488,0.036715418100357056,0.0,0.8706800937652588,0.7146852016448975,0.02455752156674862,0.5945453643798828,0.6434892416000366,0.8874037861824036,0.04195612296462059,0.0,0.7641491293907166,0.49667590856552124,1.96318781375885,,,,,,,,,,,,,,,,,,,,,,,,,,,,,,,,,,,,,,,,,,,,,,,,,,,,,,,,,,,,,,,,,,,,,,
,2e-05,1e-05,1e-05,48040,,,,,,,,,,,,,,,,,,,,,,,,,,,,,,,,,,,,,,,,,,,,,,,,,,,,,,,,,,,,,,,,,,,,,,,,,,,,,,,,,,,,,,,,,
20,,,,50441,,,,,,,,,,,,,,,,,,,,0.7491073608398438,0.378947377204895,0.6833550333976746,0.6821388602256775,0.8644647002220154,0.14741036295890808,0.7481494545936584,0.0,0.6472691893577576,0.7359821796417236,0.8766134977340698,0.0,0.7263157963752747,1.0453513860702515,0.9210526347160339,0.6882314682006836,1.115511417388916,0.9037711024284363,0.6724842190742493,1.2230451107025146,0.8967694044113159,0.660592257976532,1.2485085725784302,0.8785117864608765,0.8486055731773376,0.7937652468681335,0.9442231059074402,0.6759557723999023,0.05404752865433693,0.6253323554992676,1.7065993547439575,1.193483591079712,0.8917530179023743,0.660592257976532,0.8785117864608765,0.6830529570579529,0.13075965642929077,0.6231331825256348,0.654695451259613,0.864976704120636,0.03318903222680092,0.6411749720573425,0.0,0.6008839011192322,0.5008493065834045,0.8745473623275757,0.0,0.5828144550323486,1.4853296279907227,0.8792029619216919,0.6562023758888245,1.2967884540557861,0.8803718090057373,0.6372239589691162,1.3163721561431885,0.8840087652206421,0.702405571937561,1.1164641380310059,0.8986032009124756,0.7647907733917236,0.925591230392456,0.9249639511108398,0.6710519790649414,0.05164671689271927,0.6478791832923889,1.711549997329712,1.2253830432891846,0.8897313475608826,0.5828144550323486,0.8792029619216919
20,,,,50441,0.985835611820221,0.6944501996040344,0.17982059717178345,0.6162980794906616,0.5680701732635498,0.861389696598053,0.036882273852825165,0.0,0.7172366380691528,0.7158469557762146,0.02338811568915844,0.5964857339859009,0.6472088694572449,0.8870442509651184,0.03995821252465248,0.0,0.7109864354133606,0.7411758303642273,0.9321235418319702,,,,,,,,,,,,,,,,,,,,,,,,,,,,,,,,,,,,,,,,,,,,,,,,,,,,,,,,,,,,,,,,,,,,,,
,2e-05,1e-05,1e-05,50442,,,,,,,,,,,,,,,,,,,,,,,,,,,,,,,,,,,,,,,,,,,,,,,,,,,,,,,,,,,,,,,,,,,,,,,,,,,,,,,,,,,,,,,,,
21,,,,52843,,,,,,,,,,,,,,,,,,,,0.7519811987876892,0.37368419766426086,0.6937581300735474,0.7166728377342224,0.8507972955703735,0.0717131495475769,0.7640860676765442,0.0,0.6888816356658936,0.7330114841461182,0.8885725140571594,0.0,0.7157894968986511,1.0672060251235962,0.8947368264198303,0.6833550333976746,1.1539347171783447,0.8992197513580322,0.6580022573471069,1.268782615661621,0.8874861001968384,0.6685649156570435,1.2498914003372192,0.876423716545105,0.8326693177223206,0.7772623300552368,0.9362549781799316,0.6744753122329712,0.05959518626332283,0.6174071431159973,1.6872503757476807,1.2150623798370361,0.8867891430854797,0.6580022573471069,0.876423716545105,0.687321126461029,0.13449564576148987,0.6409631371498108,0.6932783126831055,0.8416968584060669,0.012987012974917889,0.6505649089813232,0.0,0.6379152536392212,0.4935695230960846,0.8711847066879272,0.0,0.5466998815536499,1.704406499862671,0.8455790877342224,0.6389819979667664,1.3659486770629883,0.8744285106658936,0.6187818646430969,1.4104307889938354,0.8607134222984314,0.6955509781837463,1.1244242191314697,0.8987325429916382,0.7647907733917236,0.9259777665138245,0.9191918969154358,0.6573939323425293,0.06539764255285263,0.6372447609901428,1.722804307937622,1.279620885848999,0.881446123123169,0.5466998815536499,0.8455790877342224
21,,,,52843,1.275375247001648,0.6961051225662231,0.18262268602848053,0.6182147860527039,0.5713122487068176,0.8620866537094116,0.03722785413265228,0.0,0.7115429043769836,0.7171029448509216,0.022353751584887505,0.600620687007904,0.6480584144592285,0.8870203495025635,0.03822502866387367,0.0,0.7276455163955688,0.7628377676010132,0.856155514717102,,,,,,,,,,,,,,,,,,,,,,,,,,,,,,,,,,,,,,,,,,,,,,,,,,,,,,,,,,,,,,,,,,,,,,
,2e-05,1e-05,1e-05,52844,,,,,,,,,,,,,,,,,,,,,,,,,,,,,,,,,,,,,,,,,,,,,,,,,,,,,,,,,,,,,,,,,,,,,,,,,,,,,,,,,,,,,,,,,
22,,,,55245,,,,,,,,,,,,,,,,,,,,0.7659148573875427,0.3842105269432068,0.695708692073822,0.7252135276794434,0.8739559650421143,0.09960159659385681,0.8042323589324951,0.0,0.7617034912109375,0.7953954935073853,0.9016704559326172,0.0,0.7210526466369629,1.0458484888076782,0.8999999761581421,0.7194408178329468,1.0633081197738647,0.9141742587089539,0.7014482021331787,1.1355358362197876,0.9049387574195862,0.6924828886985779,1.2219269275665283,0.8902809619903564,0.8406374454498291,0.7724043726921082,0.9402390718460083,0.7055647373199463,0.08747649937868118,0.42669039964675903,1.394052267074585,1.1460644006729126,0.901419460773468,0.6924828886985779,0.8902809619903564,0.7020838856697083,0.13698630034923553,0.6383724212646484,0.7206988334655762,0.8657526969909668,0.027417028322815895,0.6917901039123535,0.0,0.7375800013542175,0.5379762053489685,0.8691153526306152,0.0,0.5628891587257385,1.584384560585022,0.8542963862419128,0.6723560094833374,1.2925995588302612,0.8904297351837158,0.6559087634086609,1.2910553216934204,0.8837660551071167,0.717925488948822,1.0899684429168701,0.9101138114929199,0.7950937747955322,0.8715927600860596,0.9177489280700684,0.6865177154541016,0.10092595219612122,0.4296359717845917,1.3898464441299438,1.2106142044067383,0.8962088823318481,0.5628891587257385,0.8542963862419128
22,,,,55245,0.6067941784858704,0.6989001631736755,0.1875171810388565,0.6216667890548706,0.5774388909339905,0.8627405166625977,0.03894761949777603,0.0,0.6462525725364685,0.7198883891105652,0.02138184942305088,0.6056855916976929,0.6532505750656128,0.8875854015350342,0.036563072353601456,0.0,0.6263943910598755,0.8626387119293213,0.4835968315601349,,,,,,,,,,,,,,,,,,,,,,,,,,,,,,,,,,,,,,,,,,,,,,,,,,,,,,,,,,,,,,,,,,,,,,
,2e-05,1e-05,1e-05,55246,,,,,,,,,,,,,,,,,,,,,,,,,,,,,,,,,,,,,,,,,,,,,,,,,,,,,,,,,,,,,,,,,,,,,,,,,,,,,,,,,,,,,,,,,
23,,,,57647,,,,,,,,,,,,,,,,,,,,0.7646085619926453,0.38947367668151855,0.7821846604347229,0.6513182520866394,0.8559225797653198,0.14741036295890808,0.8559609651565552,0.021052632480859756,0.8211963772773743,0.8629781007766724,0.9350797533988953,0.19521912932395935,0.7315789461135864,1.0573941469192505,0.9210526347160339,0.7304941415786743,1.0852891206741333,0.9190506935119629,0.7144448757171631,1.1051760911941528,0.9168213605880737,0.6903948187828064,1.2733694314956665,0.8899012804031372,0.8286852836608887,0.7585763335227966,0.9362549781799316,0.7105286121368408,0.10646238923072815,0.35089433193206787,1.2679047584533691,1.1685545444488525,0.9055125117301941,0.6903948187828064,0.8899012804031372,0.7062515616416931,0.1394769549369812,0.7229503393173218,0.6580926775932312,0.8361355662345886,0.04617604613304138,0.7236254215240479,0.01120796985924244,0.8130143284797668,0.5423440933227539,0.8704087138175964,0.14718614518642426,0.6077210307121277,1.4849978685379028,0.8792029619216919,0.6872904896736145,1.3088620901107788,0.8899725675582886,0.6612472534179688,1.305067539215088,0.8963843584060669,0.7198655009269714,1.1507618427276611,0.9073978066444397,0.8023087978363037,0.8706004023551941,0.9191918969154358,0.695355236530304,0.11771483719348907,0.35903939604759216,1.2511863708496094,1.2384097576141357,0.8986693620681763,0.6077210307121277,0.8792029619216919
23,,,,57647,0.39340516924858093,0.7019627094268799,0.192741259932518,0.6260907053947449,0.5833988189697266,0.8633949160575867,0.04225065931677818,0.0,0.6233989000320435,0.7245916724205017,0.020543616265058517,0.6136600375175476,0.661149799823761,0.8891026973724365,0.03783262148499489,0.0,0.47842293977737427,0.9092280864715576,0.32597625255584717,,,,,,,,,,,,,,,,,,,,,,,,,,,,,,,,,,,,,,,,,,,,,,,,,,,,,,,,,,,,,,,,,,,,,,
