epoch,lr-Adam,lr-Adam-1,step,train/d3g-consistency-loss,train/train-domain-acc,train/train-domain-acc-africa,train/train-domain-acc-americas,train/train-domain-acc-asia,train/train-domain-acc-europe,train/train-domain-acc-oceania,train/train-domain-acc-other,train/train-domain-loss,train/train-task-acc,train/train-task-loss,train/train-total-loss,val/val-id-domain-acc,val/val-id-domain-acc-africa,val/val-id-domain-acc-americas,val/val-id-domain-acc-asia,val/val-id-domain-acc-europe,val/val-id-domain-acc-oceania,val/val-id-region-africa-task-acc,val/val-id-region-africa-task-loss,val/val-id-region-americas-task-acc,val/val-id-region-americas-task-loss,val/val-id-region-asia-task-acc,val/val-id-region-asia-task-loss,val/val-id-region-europe-task-acc,val/val-id-region-europe-task-loss,val/val-id-region-oceania-task-acc,val/val-id-region-oceania-task-loss,val/val-id-task-acc,val/val-id-task-ece,val/val-id-task-entropy-correct,val/val-id-task-entropy-incorrect,val/val-id-task-loss,val/val-id-worst-group-task-acc,val/val-od-domain-acc,val/val-od-domain-acc-africa,val/val-od-domain-acc-americas,val/val-od-domain-acc-asia,val/val-od-domain-acc-europe,val/val-od-domain-acc-oceania,val/val-od-region-africa-task-acc,val/val-od-region-africa-task-loss,val/val-od-region-americas-task-acc,val/val-od-region-americas-task-loss,val/val-od-region-asia-task-acc,val/val-od-region-asia-task-loss,val/val-od-region-europe-task-acc,val/val-od-region-europe-task-loss,val/val-od-region-oceania-task-acc,val/val-od-region-oceania-task-loss,val/val-od-task-acc,val/val-od-task-ece,val/val-od-task-entropy-correct,val/val-od-task-entropy-incorrect,val/val-od-task-loss,val/val-od-worst-group-task-acc
,2e-05,1e-05,0,,,,,,,,,,,,,,,,,,,,,,,,,,,,,,,,,,,,,,,,,,,,,,,,,,,,,,,,
0,,,960,,,,,,,,,,,,,0.20900461077690125,0.0,0.4717165231704712,0.2781284749507904,0.036636292934417725,0.027888447046279907,0.005263158120214939,4.1221208572387695,0.016579974442720413,4.077226638793945,0.012253992259502411,4.120545864105225,0.030751708894968033,4.051873207092285,0.007968127727508545,4.085396766662598,0.021684229373931885,0.004658348858356476,4.073824405670166,4.073792934417725,4.076939105987549,0.005263158120214939,0.2068290263414383,0.0,0.44910088181495667,0.23756369948387146,0.01836523599922657,0.07359307259321213,0.009962639771401882,4.104496955871582,0.017525143921375275,4.074634075164795,0.013346275314688683,4.135097026824951,0.027935851365327835,4.046785354614258,0.011544011533260345,4.098698139190674,0.020185789093375206,0.0061700064688920975,4.073144912719727,4.074026107788086,4.078426361083984,0.009962639771401882
0,,,960,181.88763427734375,0.18998737633228302,0.0,0.4360367953777313,0.23712728917598724,0.03397862985730171,0.029859840869903564,0.0714285746216774,1.7761824131011963,0.022247375920414925,4.149600028991699,149.9836883544922,,,,,,,,,,,,,,,,,,,,,,,,,,,,,,,,,,,,,,,,,,,,
,3.6e-05,9.600000000000001e-06,961,,,,,,,,,,,,,,,,,,,,,,,,,,,,,,,,,,,,,,,,,,,,,,,,,,,,,,,,
1,,,1921,,,,,,,,,,,,,0.465993195772171,0.0,0.655071496963501,0.5347196459770203,0.35820046067237854,0.03187251091003418,0.04736842215061188,3.957338809967041,0.035110533237457275,4.033693790435791,0.026364648714661598,4.060884475708008,0.07630979269742966,3.9881722927093506,0.011952191591262817,4.0374650955200195,0.0516415573656559,0.02470708265900612,4.064914703369141,4.066415309906006,4.018280029296875,0.011952191591262817,0.35576197504997253,0.0,0.5170679688453674,0.45911186933517456,0.22762545943260193,0.05627705529332161,0.01743461936712265,4.05422830581665,0.03489789739251137,4.033352375030518,0.02596457116305828,4.077678203582764,0.08445421606302261,3.9744324684143066,0.014430014416575432,4.0550923347473145,0.05086618289351463,0.023981736972928047,4.065293788909912,4.0669989585876465,4.021304607391357,0.014430014416575432
1,,,1921,4.086543083190918,0.2658756375312805,0.0,0.5069613456726074,0.3079341948032379,0.12244370579719543,0.03260207176208496,0.0714285746216774,1.636209487915039,0.0348542220890522,4.077884197235107,7.674358367919922,,,,,,,,,,,,,,,,,,,,,,,,,,,,,,,,,,,,,,,,,,,,
,5.2000000000000004e-05,9.216000000000001e-06,1922,,,,,,,,,,,,,,,,,,,,,,,,,,,,,,,,,,,,,,,,,,,,,,,,,,,,,,,,
2,,,2882,,,,,,,,,,,,,0.6272751092910767,0.0,0.6466189622879028,0.6787968873977661,0.6417995691299438,0.019920319318771362,0.410526305437088,2.936861515045166,0.13296489417552948,3.91975736618042,0.10620126128196716,3.914374351501465,0.16989369690418243,3.768188238143921,0.043824702501297,3.933039665222168,0.1463032364845276,0.10444138944149017,3.865295171737671,4.048590660095215,3.8337085247039795,0.043824702501297,0.4837057590484619,0.0,0.4701310694217682,0.6362533569335938,0.5050439834594727,0.03030303120613098,0.1432129442691803,3.9007256031036377,0.12099969387054443,3.9281394481658936,0.10070371627807617,3.9323489665985107,0.21831350028514862,3.677382469177246,0.06926406919956207,3.9503886699676514,0.15365302562713623,0.11199531704187393,3.903897762298584,4.048061370849609,3.8314321041107178,0.06926406919956207
2,,,2882,4.021612167358398,0.36403730511665344,0.0,0.5548562407493591,0.3986935317516327,0.26394951343536377,0.03148486837744713,0.0555555559694767,1.4197715520858765,0.09177367389202118,3.888733148574829,7.389965534210205,,,,,,,,,,,,,,,,,,,,,,,,,,,,,,,,,,,,,,,,,,,,
,6.8e-05,8.847360000000002e-06,2883,,,,,,,,,,,,,,,,,,,,,,,,,,,,,,,,,,,,,,,,,,,,,,,,,,,,,,,,
3,,,3843,,,,,,,,,,,,,0.6551423668861389,0.0,0.7096878886222839,0.6427775621414185,0.6848899126052856,0.0039840638637542725,0.4263157844543457,2.762200355529785,0.1752275675535202,3.8685643672943115,0.13219457864761353,3.84431791305542,0.17805619537830353,3.7062249183654785,0.09960159659385681,3.865455150604248,0.16885831952095032,0.12094137072563171,3.80496883392334,4.0484113693237305,3.7704904079437256,0.09960159659385681,0.5355259776115417,0.0,0.5582139492034912,0.6054355502128601,0.5819969177246094,0.010101010091602802,0.13075965642929077,3.8818347454071045,0.1621456891298294,3.874647378921509,0.12472701072692871,3.866741895675659,0.23603206872940063,3.578042507171631,0.13852813839912415,3.883037567138672,0.18096911907196045,0.1321910172700882,3.857208013534546,4.044808864593506,3.7585434913635254,0.12472701072692871
3,,,3843,5.195725440979004,0.42562416195869446,0.0,0.5898178815841675,0.45180806517601013,0.35194307565689087,0.02620353363454342,0.0476190485060215,1.3365191221237183,0.14603905379772186,3.676180839538574,8.099821090698242,,,,,,,,,,,,,,,,,,,,,,,,,,,,,,,,,,,,,,,,,,,,
,8.400000000000001e-05,8.493465600000002e-06,3844,,,,,,,,,,,,,,,,,,,,,,,,,,,,,,,,,,,,,,,,,,,,,,,,,,,,,,,,
4,,,4804,,,,,,,,,,,,,0.7126186490058899,0.031578946858644485,0.6651495695114136,0.6780542135238647,0.8171981573104858,0.0,0.4368421137332916,2.6261117458343506,0.19798439741134644,3.740340232849121,0.1704418808221817,3.7000699043273926,0.1979878544807434,3.5843145847320557,0.12749004364013672,3.750328540802002,0.19411303102970123,0.13415414094924927,3.73797607421875,4.023414611816406,3.641467571258545,0.12749004364013672,0.5857393741607666,0.0024906599428504705,0.5070100426673889,0.6432904601097107,0.7352560758590698,0.0,0.1780821979045868,3.7662346363067627,0.19247180223464966,3.7473013401031494,0.15287551283836365,3.7247238159179688,0.25387999415397644,3.4405734539031982,0.1746031790971756,3.7583467960357666,0.20687924325466156,0.14370466768741608,3.7637455463409424,4.016143798828125,3.624821662902832,0.15287551283836365
4,,,4804,3.8304004669189453,0.47865942120552063,0.0025284450966864824,0.6047966480255127,0.4989050626754761,0.43602365255355835,0.021694088354706764,0.03809523954987526,1.0792129039764404,0.1809583306312561,3.5279109477996826,6.808058261871338,,,,,,,,,,,,,,,,,,,,,,,,,,,,,,,,,,,,,,,,,,,,
,0.0001,8.153726976e-06,4805,,,,,,,,,,,,,,,,,,,,,,,,,,,,,,,,,,,,,,,,,,,,,,,,,,,,,,,,
5,,,5765,,,,,,,,,,,,,0.7552904486656189,0.34736841917037964,0.6859557628631592,0.7370961904525757,0.8564920425415039,0.0,0.4684210419654846,2.457278251647949,0.22399219870567322,3.5477826595306396,0.20943185687065125,3.50675892829895,0.21165527403354645,3.43742299079895,0.15537849068641663,3.580199956893921,0.21762605011463165,0.13161888718605042,3.5448851585388184,3.971773386001587,3.4711437225341797,0.15537849068641663,0.6100928783416748,0.04483187943696976,0.4961901903152466,0.6840572953224182,0.7807811498641968,0.0028860028833150864,0.21419675648212433,3.5872669219970703,0.21517829596996307,3.559861898422241,0.20189274847507477,3.5282340049743652,0.27095189690589905,3.264577627182007,0.16161616146564484,3.5763165950775146,0.2321365773677826,0.14021538197994232,3.560410261154175,3.959372043609619,3.4405570030212402,0.16161616146564484
5,,,5765,3.70470929145813,0.5216640830039978,0.01864728145301342,0.6178419589996338,0.5347203016281128,0.5042078495025635,0.018586227670311928,0.0317460335791111,0.8817553520202637,0.21877886354923248,3.3367645740509033,6.476867198944092,,,,,,,,,,,,,,,,,,,,,,,,,,,,,,,,,,,,,,,,,,,,
,9.98794204878613e-05,7.82757789696e-06,5766,,,,,,,,,,,,,,,,,,,,,,,,,,,,,,,,,,,,,,,,,,,,,,,,,,,,,,,,
6,,,6726,,,,,,,,,,,,,0.7453626990318298,0.0,0.6716514825820923,0.7070181965827942,0.8707289099693298,0.007968127727508545,0.46315789222717285,2.491011619567871,0.20578673481941223,3.483365058898926,0.19235053658485413,3.4630424976348877,0.19741837680339813,3.443547487258911,0.131474107503891,3.5317602157592773,0.20142820477485657,0.10466820001602173,3.47212290763855,3.933635711669922,3.445815324783325,0.131474107503891,0.6076826453208923,0.0,0.5076196193695068,0.599611759185791,0.8147956728935242,0.0,0.21170610189437866,3.490154504776001,0.1976531594991684,3.489147424697876,0.1917010396718979,3.473253011703491,0.25245732069015503,3.281996011734009,0.14141413569450378,3.466341972351074,0.21626915037631989,0.10970078408718109,3.4371178150177,3.9151744842529297,3.40490460395813,0.14141413569450378
6,,,6726,5.697588920593262,0.549919068813324,0.024562036618590355,0.6231412887573242,0.5543104410171509,0.5532267689704895,0.016105161979794502,0.027210883796215057,0.9216057062149048,0.20835772156715393,3.3247299194335938,8.066726684570312,,,,,,,,,,,,,,,,,,,,,,,,,,,,,,,,,,,,,,,,,,,,
,9.951826940270773e-05,7.5144747810815995e-06,6727,,,,,,,,,,,,,,,,,,,,,,,,,,,,,,,,,,,,,,,,,,,,,,,,,,,,,,,,
7,,,7687,,,,,,,,,,,,,0.7861186265945435,0.27368420362472534,0.6999349594116211,0.7649461627006531,0.9024297595024109,0.03187251091003418,0.4736842215061188,2.2965550422668457,0.2347204089164734,3.26816463470459,0.22502784430980682,3.2506003379821777,0.22114653885364532,3.2696473598480225,0.1872510015964508,3.2546212673187256,0.22929547727108002,0.09195109456777573,3.182138204574585,3.8330042362213135,3.2496135234832764,0.1872510015964508,0.6310821175575256,0.004981319885700941,0.5103626847267151,0.652996838092804,0.8420848250389099,0.018759019672870636,0.22415940463542938,3.236182689666748,0.2284364551305771,3.2930145263671875,0.22251880168914795,3.268777847290039,0.27987584471702576,3.077054977416992,0.190476194024086,3.2261922359466553,0.2456439882516861,0.09512776881456375,3.14030385017395,3.809746265411377,3.1998417377471924,0.190476194024086
7,,,7687,3.508840322494507,0.576327383518219,0.02236093580722809,0.6327778697013855,0.5757762789726257,0.5949204564094543,0.014549055136740208,0.02380952425301075,0.7776926159858704,0.24511143565177917,3.121079444885254,6.083694934844971,,,,,,,,,,,,,,,,,,,,,,,,,,,,,,,,,,,,,,,,,,,,
,9.891830623632339e-05,7.213895789838335e-06,7688,,,,,,,,,,,,,,,,,,,,,,,,,,,,,,,,,,,,,,,,,,,,,,,,,,,,,,,,
8,,,8648,,,,,,,,,,,,,0.8057128190994263,0.3263157904148102,0.713589072227478,0.7950241565704346,0.9197039008140564,0.03585657477378845,0.4684210419654846,2.169315814971924,0.26462939381599426,3.0886294841766357,0.263275146484375,3.0564098358154297,0.23823082447052002,3.123197317123413,0.21912351250648499,3.031935930252075,0.25463730096817017,0.08301718533039093,2.9622654914855957,3.732205629348755,3.081926107406616,0.21912351250648499,0.6523223519325256,0.13075965642929077,0.5102102756500244,0.6770201325416565,0.8678220510482788,0.05483405664563179,0.22415940463542938,3.060495615005493,0.24824748933315277,3.1254618167877197,0.2620723247528076,3.079946517944336,0.3001810610294342,2.917529582977295,0.21789321303367615,3.023803234100342,0.2691940665245056,0.08256019651889801,2.9123589992523193,3.706500768661499,3.0295050144195557,0.21789321303367615
8,,,8648,3.3418993949890137,0.600371241569519,0.03638151288032532,0.6437641978263855,0.5975630283355713,0.6295349597930908,0.016047125682234764,0.021164020523428917,0.6871757507324219,0.2813057005405426,2.928861141204834,5.739808559417725,,,,,,,,,,,,,,,,,,,,,,,,,,,,,,,,,,,,,,,,,,,,
,9.808245394894679e-05,6.925339958244802e-06,8649,,,,,,,,,,,,,,,,,,,,,,,,,,,,,,,,,,,,,,,,,,,,,,,,,,,,,,,,
9,,,9609,,,,,,,,,,,,,0.8258295059204102,0.3684210479259491,0.7519505620002747,0.7953954935073853,0.9362186789512634,0.10358566045761108,0.4684210419654846,2.1057331562042236,0.2857607305049896,2.9092202186584473,0.300037145614624,2.8649561405181885,0.26176917552948,2.9462218284606934,0.25099602341651917,2.779545545578003,0.28041452169418335,0.07764939963817596,2.754763603210449,3.6334095001220703,2.901885986328125,0.25099602341651917,0.6684910655021667,0.13325031101703644,0.5321548581123352,0.678476095199585,0.8810139894485474,0.15295815467834473,0.2254047393798828,2.9232025146484375,0.26592501997947693,2.9584341049194336,0.3081776201725006,2.896174907684326,0.32928091287612915,2.729222297668457,0.24242424964904785,2.821047067642212,0.29676124453544617,0.07886261492967606,2.7039034366607666,3.608415126800537,2.8507771492004395,0.2254047393798828
9,,,9609,3.1720521450042725,0.6219364404678345,0.05764854699373245,0.6558051109313965,0.6172778010368347,0.6586195826530457,0.020780012011528015,0.01904761977493763,0.6215248107910156,0.31595176458358765,2.741997241973877,5.403933048248291,,,,,,,,,,,,,,,,,,,,,,,,,,,,,,,,,,,,,,,,,,,,
,9.701478472890248e-05,6.64832635991501e-06,9610,,,,,,,,,,,,,,,,,,,,,,,,,,,,,,,,,,,,,,,,,,,,,,,,,,,,,,,,
10,,,10570,,,,,,,,,,,,,0.8442915678024292,0.37368419766426086,0.7792587876319885,0.8232454657554626,0.942293107509613,0.18326693773269653,0.4684210419654846,2.0088560581207275,0.33810141682624817,2.6727468967437744,0.3390271067619324,2.6730144023895264,0.2961275577545166,2.7557084560394287,0.33864542841911316,2.4916906356811523,0.3214316964149475,0.0799417495727539,2.529569625854492,3.498403549194336,2.6982500553131104,0.2961275577545166,0.6878232359886169,0.132004976272583,0.553184986114502,0.7107498049736023,0.8879979252815247,0.24098123610019684,0.2528019845485687,2.7660324573516846,0.3101188540458679,2.7391910552978516,0.3499150574207306,2.707390546798706,0.3729953467845917,2.529510974884033,0.32756131887435913,2.5505597591400146,0.3409992456436157,0.08377715945243835,2.4959211349487305,3.4737281799316406,2.646158218383789,0.2528019845485687
10,,,10570,2.979287624359131,0.6412531137466431,0.0780944749712944,0.6676679253578186,0.6358582973480225,0.6832360029220581,0.03035842813551426,0.017316017299890518,0.56302809715271,0.35593199729919434,2.5414416790008545,5.037482261657715,,,,,,,,,,,,,,,,,,,,,,,,,,,,,,,,,,,,,,,,,,,,
,9.572050015330875e-05,6.382393305518409e-06,10571,,,,,,,,,,,,,,,,,,,,,,,,,,,,,,,,,,,,,,,,,,,,,,,,,,,,,,,,
11,,,11531,,,,,,,,,,,,,0.8633632063865662,0.37368419766426086,0.8237971663475037,0.8503527641296387,0.938876211643219,0.2908366620540619,0.5052631497383118,1.8623818159103394,0.3956436812877655,2.414836883544922,0.3887857496738434,2.4179680347442627,0.3608580231666565,2.5338590145111084,0.38247013092041016,2.2471389770507812,0.37977880239486694,0.09513582289218903,2.3423776626586914,3.3424949645996094,2.4600627422332764,0.3608580231666565,0.7057494521141052,0.1394769549369812,0.6007314920425415,0.7471487522125244,0.8683393597602844,0.3001443147659302,0.2938978970050812,2.572577953338623,0.36513257026672363,2.5090696811676025,0.3904392123222351,2.445772409439087,0.42912572622299194,2.3106329441070557,0.3867243826389313,2.3260908126831055,0.3930705487728119,0.09165684878826141,2.2917697429656982,3.3146908283233643,2.415562152862549,0.2938978970050812
11,,,11531,2.7486371994018555,0.65872722864151,0.09634429216384888,0.6794847249984741,0.6528300046920776,0.7044031620025635,0.04697338864207268,0.01587301678955555,0.5145993828773499,0.40288564562797546,2.320765495300293,4.622620582580566,,,,,,,,,,,,,,,,,,,,,,,,,,,,,,,,,,,,,,,,,,,,
,9.42059058465169e-05,6.1270975732976725e-06,11532,,,,,,,,,,,,,,,,,,,,,,,,,,,,,,,,,,,,,,,,,,,,,,,,,,,,,,,,
12,,,12492,,,,,,,,,,,,,0.6540102958679199,0.02631578966975212,0.5081274509429932,0.4032677412033081,0.9208428263664246,0.019920319318771362,0.4842105209827423,2.204144239425659,0.3042912781238556,2.801508665084839,0.27441516518592834,2.8753345012664795,0.26765376329421997,2.901216745376587,0.32270917296409607,2.5323328971862793,0.2838108539581299,0.06718724220991135,2.6092729568481445,3.456367254257202,2.851320266723633,0.26765376329421997,0.5307556986808777,0.04109589010477066,0.2960987389087677,0.35331231355667114,0.9230470657348633,0.0014430014416575432,0.270236611366272,2.746331214904785,0.26973482966423035,2.8930845260620117,0.2783305048942566,2.8860764503479004,0.3263062536716461,2.6903347969055176,0.3001443147659302,2.636730909347534,0.2945016324520111,0.06144006550312042,2.533555269241333,3.4021472930908203,2.798470973968506,0.26973482966423035
12,,,12492,5.94337797164917,0.669788122177124,0.10687542706727982,0.6838499307632446,0.6599904298782349,0.721306324005127,0.06276660412549973,0.016483517363667488,0.6663392782211304,0.4051494300365448,2.310413360595703,7.197850227355957,,,,,,,,,,,,,,,,,,,,,,,,,,,,,,,,,,,,,,,,,,,,
,9.247838075974309e-05,5.882013670365765e-06,12493,,,,,,,,,,,,,,,,,,,,,,,,,,,,,,,,,,,,,,,,,,,,,,,,,,,,,,,,
13,,,13453,,,,,,,,,,,,,0.7828964591026306,0.35789474844932556,0.6901820302009583,0.7370961904525757,0.910592257976532,0.06772908568382263,0.5526315569877625,1.9097217321395874,0.40539661049842834,2.345583438873291,0.38507241010665894,2.417025566101074,0.3572513163089752,2.494396209716797,0.39840638637542725,2.0773563385009766,0.3808238208293915,0.07766413688659668,2.178738594055176,3.199152708053589,2.4209625720977783,0.3572513163089752,0.6223951578140259,0.132004976272583,0.43904298543930054,0.6003397107124329,0.8918778896331787,0.05483405664563179,0.32004982233047485,2.5052690505981445,0.36330386996269226,2.4745724201202393,0.3838874101638794,2.458099365234375,0.4255043864250183,2.260185480117798,0.40836942195892334,2.228001356124878,0.3915139436721802,0.07317332923412323,2.12646746635437,3.1632461547851562,2.3811120986938477,0.32004982233047485
13,,,13453,2.7262954711914062,0.6740378737449646,0.11111612617969513,0.6803781986236572,0.6558923125267029,0.7348119616508484,0.060067903250455856,0.015306122601032257,0.8859467506408691,0.3788038492202759,2.391672134399414,4.749808311462402,,,,,,,,,,,,,,,,,,,,,,,,,,,,,,,,,,,,,,,,,,,,
,9.054634122155992e-05,5.646733123551134e-06,13454,,,,,,,,,,,,,,,,,,,,,,,,,,,,,,,,,,,,,,,,,,,,,,,,,,,,,,,,
14,,,14414,,,,,,,,,,,,,0.8225202560424805,0.35789474844932556,0.7119635939598083,0.8236168026924133,0.938876211643219,0.09163346886634827,0.5526315569877625,1.710170865058899,0.4512353837490082,2.1245710849761963,0.41997772455215454,2.209247350692749,0.3950265645980835,2.3064136505126953,0.45418328046798706,1.9482488632202148,0.4197509288787842,0.06018011271953583,1.9071694612503052,2.9948017597198486,2.2202625274658203,0.3950265645980835,0.6441878080368042,0.13075965642929077,0.44041451811790466,0.6583353281021118,0.9172270894050598,0.04184704273939133,0.3561643958091736,2.3825786113739014,0.40444985032081604,2.2798242568969727,0.41664645075798035,2.238614320755005,0.46158820390701294,2.080533981323242,0.44011545181274414,2.068362236022949,0.42847099900245667,0.049345437437295914,1.846086025238037,2.9437055587768555,2.1912448406219482,0.3561643958091736
14,,,14414,2.421607494354248,0.6819397211074829,0.12140750139951706,0.6820706129074097,0.662571370601654,0.747434139251709,0.05837903544306755,0.014285714365541935,0.7039991021156311,0.44464826583862305,2.1023805141448975,4.180480480194092,,,,,,,,,,,,,,,,,,,,,,,,,,,,,,,,,,,,,,,,,,,,
,8.841919993438942e-05,5.420863798609089e-06,14415,,,,,,,,,,,,,,,,,,,,,,,,,,,,,,,,,,,,,,,,,,,,,,,,,,,,,,,,
15,,,15375,,,,,,,,,,,,,0.8514325618743896,0.3684210479259491,0.768205463886261,0.8674340844154358,0.9440014958381653,0.13944223523139954,0.5947368144989014,1.5827242136001587,0.4964239299297333,1.9329843521118164,0.4567396938800812,2.057206392288208,0.4337509572505951,2.141632556915283,0.5019920468330383,1.806762933731079,0.46015849709510803,0.05143564194440842,1.7013192176818848,2.8271539211273193,2.0519585609436035,0.4337509572505951,0.6783831119537354,0.13075965642929077,0.5323072075843811,0.7214268445968628,0.8876099586486816,0.10966811329126358,0.3910336196422577,2.2156245708465576,0.4431575834751129,2.109313726425171,0.4389711320400238,2.0949008464813232,0.4928866922855377,1.9309840202331543,0.4588744640350342,1.9280574321746826,0.46005523204803467,0.031392693519592285,1.6178340911865234,2.7687666416168213,2.035588026046753,0.3910336196422577
15,,,15375,2.2094404697418213,0.6911916136741638,0.13092604279518127,0.6863914132118225,0.6732059717178345,0.7593653202056885,0.05880560725927353,0.013392857275903225,0.5861856937408447,0.4842512011528015,1.914509654045105,3.799283742904663,,,,,,,,,,,,,,,,,,,,,,,,,,,,,,,,,,,,,,,,,,,,
,8.610732011676325e-05,5.204029246664725e-06,15376,,,,,,,,,,,,,,,,,,,,,,,,,,,,,,,,,,,,,,,,,,,,,,,,,,,,,,,,
16,,,16336,,,,,,,,,,,,,0.8655403852462769,0.35789474844932556,0.808517575263977,0.8681767582893372,0.9491267800331116,0.18326693773269653,0.6000000238418579,1.4770686626434326,0.5286085605621338,1.7738382816314697,0.4764203429222107,1.9385206699371338,0.47570234537124634,1.982607364654541,0.5816733241081238,1.5434156656265259,0.4945571720600128,0.03948371857404709,1.5108169317245483,2.66009259223938,1.9001986980438232,0.47570234537124634,0.698769748210907,0.13075965642929077,0.5970740914344788,0.7156029939651489,0.8812726140022278,0.18759018182754517,0.42465752363204956,2.040491819381714,0.477750688791275,1.9616491794586182,0.4598398506641388,2.000577211380005,0.5168132185935974,1.7964798212051392,0.5180374979972839,1.7286982536315918,0.488476037979126,0.019572647288441658,1.4483985900878906,2.603604793548584,1.901087760925293,0.42465752363204956
16,,,16336,2.014449119567871,0.70041424036026,0.1399196833372116,0.6924252510070801,0.6838082671165466,0.7701209187507629,0.061762914061546326,0.012605042196810246,0.5260712504386902,0.525311291217804,1.7438775300979614,3.4606549739837646,,,,,,,,,,,,,,,,,,,,,,,,,,,,,,,,,,,,,,,,,,,,
,8.36219650147635e-05,4.995868076798136e-06,16337,,,,,,,,,,,,,,,,,,,,,,,,,,,,,,,,,,,,,,,,,,,,,,,,,,,,,,,,
17,,,17297,,,,,,,,,,,,,0.8806061148643494,0.3684210479259491,0.8260728120803833,0.8878574371337891,0.9591875672340393,0.22709164023399353,0.6157894730567932,1.3983782529830933,0.5607932209968567,1.6318126916885376,0.5105829834938049,1.8196911811828613,0.4992406964302063,1.8705191612243652,0.6015936136245728,1.408879041671753,0.522685706615448,0.024765288457274437,1.3588920831680298,2.5077028274536133,1.7783136367797852,0.4992406964302063,0.7170976400375366,0.13075965642929077,0.6200853586196899,0.7228828072547913,0.8964045643806458,0.2842712700366974,0.4333748519420624,2.059537887573242,0.506400465965271,1.833014726638794,0.4959961175918579,1.870722770690918,0.5441024303436279,1.6758946180343628,0.5598845481872559,1.5798417329788208,0.5178006291389465,0.0128853190690279,1.306422233581543,2.464238405227661,1.78049635887146,0.4333748519420624
17,,,17297,1.8187363147735596,0.7095301151275635,0.14882707595825195,0.6996561884880066,0.6940404772758484,0.7799335718154907,0.0685219019651413,0.011904762126505375,0.47935616970062256,0.5668526887893677,1.5730643272399902,3.1239356994628906,,,,,,,,,,,,,,,,,,,,,,,,,,,,,,,,,,,,,,,,,,,,
,8.09752430286201e-05,4.79603335372621e-06,17298,,,,,,,,,,,,,,,,,,,,,,,,,,,,,,,,,,,,,,,,,,,,,,,,,,,,,,,,
18,,,18258,,,,,,,,,,,,,0.8948010206222534,0.3684210479259491,0.8572821617126465,0.9012253880500793,0.9580485820770264,0.3745020031929016,0.621052622795105,1.3483316898345947,0.581924557685852,1.5385069847106934,0.5354623198509216,1.7070218324661255,0.5250569581985474,1.7638826370239258,0.6653386354446411,1.3338572978973389,0.5475050210952759,0.01539751049131155,1.2254465818405151,2.3921890258789062,1.6740731000900269,0.5250569581985474,0.7286969423294067,0.132004976272583,0.65940260887146,0.7391409873962402,0.8731246590614319,0.40692639350891113,0.43586549162864685,1.9677624702453613,0.5284973978996277,1.7428314685821533,0.516136884689331,1.7824803590774536,0.565571665763855,1.587784767150879,0.5772005915641785,1.541462779045105,0.5382876992225647,0.015138678252696991,1.1962963342666626,2.3498852252960205,1.6932101249694824,0.43586549162864685
18,,,18258,1.636993646621704,0.7183176875114441,0.15679685771465302,0.7071548104286194,0.7038014531135559,0.7889823913574219,0.07870682328939438,0.011278195306658745,0.43927788734436035,0.6087064146995544,1.4139134883880615,2.811340093612671,,,,,,,,,,,,,,,,,,,,,,,,,,,,,,,,,,,,,,,,,,,,
,7.818004872180198e-05,4.604192019577161e-06,18259,,,,,,,,,,,,,,,,,,,,,,,,,,,,,,,,,,,,,,,,,,,,,,,,,,,,,,,,
19,,,19219,,,,,,,,,,,,,0.903422474861145,0.3684210479259491,0.8592327833175659,0.9142220616340637,0.9646924734115601,0.4661354720592499,0.6526315808296204,1.272890567779541,0.6004551649093628,1.4385052919387817,0.5592276453971863,1.631699562072754,0.5548595190048218,1.676026701927185,0.6972111463546753,1.1981420516967773,0.5729339122772217,0.015928935259580612,1.0610713958740234,2.2312984466552734,1.5860657691955566,0.5548595190048218,0.7400953769683838,0.132004976272583,0.6731179356575012,0.7420529127120972,0.8838592767715454,0.4675324559211731,0.4533001184463501,1.9366512298583984,0.5466321110725403,1.668322205543518,0.5248726010322571,1.7446802854537964,0.5906621813774109,1.4980356693267822,0.6002886295318604,1.3870822191238403,0.5573186278343201,0.02589302323758602,1.0453933477401733,2.192840814590454,1.6192286014556885,0.4533001184463501
19,,,19219,1.4542605876922607,0.7268484234809875,0.16526548564434052,0.7148548364639282,0.7133191227912903,0.7972527146339417,0.09296160936355591,0.010714286006987095,0.4019041955471039,0.64786696434021,1.2630301713943481,2.506831169128418,,,,,,,,,,,,,,,,,,,,,,,,,,,,,,,,,,,,,,,,,,,,
,7.525000000000001e-05,4.420024338794075e-06,19220,,,,,,,,,,,,,,,,,,,,,,,,,,,,,,,,,,,,,,,,,,,,,,,,,,,,,,,,
20,,,20180,,,,,,,,,,,,,0.8217364549636841,0.35789474844932556,0.8202210664749146,0.6929075121879578,0.935839056968689,0.19521912932395935,0.6631578803062439,1.2411727905273438,0.61378413438797,1.4138433933258057,0.5640549659729004,1.5830272436141968,0.553530752658844,1.6640920639038086,0.6972111463546753,1.2121849060058594,0.5772881507873535,0.02914176881313324,0.9683184623718262,2.1293625831604004,1.5614588260650635,0.553530752658844,0.6877730488777161,0.13449564576148987,0.6365437507629395,0.5913613438606262,0.8817899823188782,0.22655121982097626,0.4806973934173584,1.817091464996338,0.5536421537399292,1.6672005653381348,0.5457413196563721,1.6790050268173218,0.5998448133468628,1.4836583137512207,0.6320346593856812,1.3478854894638062,0.569671094417572,0.044779058545827866,0.9536751508712769,2.0864310264587402,1.5935347080230713,0.4806973934173584
20,,,20180,1.2884587049484253,0.7344229817390442,0.17247606813907623,0.7221075892448425,0.7209597229957581,0.8046888709068298,0.10742578655481339,0.010204081423580647,0.40216416120529175,0.6867803931236267,1.1233896017074585,2.234612464904785,,,,,,,,,,,,,,,,,,,,,,,,,,,,,,,,,,,,,,,,,,,,
,7.219937176605935e-05,4.243223365242312e-06,20181,,,,,,,,,,,,,,,,,,,,,,,,,,,,,,,,,,,,,,,,,,,,,,,,,,,,,,,,
21,,,21141,,,,,,,,,,,,,0.8909692764282227,0.37368419766426086,0.8618335723876953,0.8525807857513428,0.9660212397575378,0.4940239191055298,0.6684210300445557,1.2433022260665894,0.6375162601470947,1.3513820171356201,0.5673969388008118,1.568945050239563,0.5689066052436829,1.6429392099380493,0.7250996232032776,1.1277947425842285,0.5920926332473755,0.052880845963954926,0.842238187789917,1.9621385335922241,1.5293594598770142,0.5673969388008118,0.7341701984405518,0.1357409656047821,0.6754038333892822,0.7063819169998169,0.8886445760726929,0.430014431476593,0.48318803310394287,1.8482120037078857,0.5638524889945984,1.6371887922286987,0.5345789790153503,1.6905661821365356,0.6043714284896851,1.474364995956421,0.6652236580848694,1.2274267673492432,0.573788583278656,0.06630691885948181,0.8619012236595154,1.9458141326904297,1.579347014427185,0.48318803310394287
21,,,21141,1.1510295867919922,0.7400339245796204,0.1777094602584839,0.727760374546051,0.7244932055473328,0.8110690712928772,0.11924546957015991,0.009740259498357773,0.47535794973373413,0.719683051109314,1.0019131898880005,2.017852544784546,,,,,,,,,,,,,,,,,,,,,,,,,,,,,,,,,,,,,,,,,,,,
,6.904302637408766e-05,4.073494430632619e-06,21142,,,,,,,,,,,,,,,,,,,,,,,,,,,,,,,,,,,,,,,,,,,,,,,,,,,,,,,,
22,,,22102,,,,,,,,,,,,,0.6834450960159302,0.0,0.5562418699264526,0.5046416521072388,0.9014806151390076,0.1155378520488739,0.5947368144989014,1.7084262371063232,0.5201560258865356,1.8271359205245972,0.4942443370819092,1.907036304473877,0.4726651608943939,1.9817209243774414,0.5219123363494873,1.7279024124145508,0.4935121536254883,0.025588974356651306,1.2985568046569824,2.3693950176239014,1.915456771850586,0.4726651608943939,0.5694200396537781,0.0,0.420603483915329,0.5141955614089966,0.8321262001991272,0.03896103799343109,0.4296388626098633,2.0564215183258057,0.46891191601753235,2.0039312839508057,0.43994176387786865,2.068035364151001,0.513062596321106,1.827662706375122,0.47186148166656494,1.8013399839401245,0.4785839915275574,0.0432402566075325,1.226164698600769,2.3319966793060303,1.9440498352050781,0.4296388626098633
22,,,22102,10.083680152893066,0.7411130666732788,0.17671631276607513,0.7262940406799316,0.7217698693275452,0.8154958486557007,0.12513577938079834,0.009316770359873772,0.7913724780082703,0.6334257125854492,1.3423347473144531,9.566117286682129,,,,,,,,,,,,,,,,,,,,,,,,,,,,,,,,,,,,,,,,,,,,
,6.579634122155991e-05,3.910554653407314e-06,22103,,,,,,,,,,,,,,,,,,,,,,,,,,,,,,,,,,,,,,,,,,,,,,,,,,,,,,,,
23,,,23063,,,,,,,,,,,,,0.7664373517036438,0.0,0.7197659015655518,0.6008169054985046,0.9365983009338379,0.13944223523139954,0.6105263233184814,1.4981986284255981,0.5845253467559814,1.539126992225647,0.5495729446411133,1.6769661903381348,0.5372057557106018,1.7558320760726929,0.6055777072906494,1.4540441036224365,0.5555168390274048,0.03530028462409973,1.0208086967468262,2.1315255165100098,1.6696970462799072,0.5372057557106018,0.6454933285713196,0.0012453299714252353,0.5400792360305786,0.5692793130874634,0.8943352103233337,0.07070706784725189,0.44831880927085876,1.8838835954666138,0.5333739519119263,1.7469640970230103,0.5027905702590942,1.8448703289031982,0.5730729699134827,1.5926426649093628,0.5627705454826355,1.4761240482330322,0.5399949550628662,0.05244331806898117,0.9793948531150818,2.1057753562927246,1.703540325164795,0.44831880927085876
23,,,23063,1.4828952550888062,0.7407644391059875,0.16937947273254395,0.7237221598625183,0.7165992856025696,0.8193873763084412,0.12230855226516724,0.008928571827709675,0.8756072521209717,0.6361968517303467,1.2997488975524902,2.661186933517456,,,,,,,,,,,,,,,,,,,,,,,,,,,,,,,,,,,,,,,,,,,,
,6.247513383218356e-05,3.754132467271021e-06,23064,,,,,,,,,,,,,,,,,,,,,,,,,,,,,,,,,,,,,,,,,,,,,,,,,,,,,,,,
24,,,24024,,,,,,,,,,,,,0.8076286911964417,0.005263158120214939,0.7883614897727966,0.6955068707466125,0.9371678233146667,0.15139442682266235,0.6368421316146851,1.3740981817245483,0.6170350909233093,1.4107375144958496,0.5699962973594666,1.5874959230422974,0.5597949624061584,1.6863757371902466,0.6852589845657349,1.26372492313385,0.5816424489021301,0.05378156900405884,0.8493533134460449,1.9596508741378784,1.5758110284805298,0.5597949624061584,0.6762239336967468,0.0012453299714252353,0.6190186142921448,0.6132006645202637,0.8826953172683716,0.07503607869148254,0.45205479860305786,1.9190807342529297,0.5504419207572937,1.660893201828003,0.5217180252075195,1.7583569288253784,0.5949301719665527,1.523780345916748,0.6363636255264282,1.2980165481567383,0.5607331395149231,0.06965719163417816,0.8353259563446045,1.9482048749923706,1.6257331371307373,0.45205479860305786
24,,,24024,1.2351456880569458,0.7426527738571167,0.16336283087730408,0.7255252003669739,0.7155708074569702,0.8233685493469238,0.12021937966346741,0.008571428246796131,0.7144511342048645,0.6967721581459045,1.0812128782272339,2.2122106552124023,,,,,,,,,,,,,,,,,,,,,,,,,,,,,,,,,,,,,,,,,,,,
,5.909558479451306e-05,3.60396716858018e-06,24025,,,,,,,,,,,,,,,,,,,,,,,,,,,,,,,,,,,,,,,,,,,,,,,,,,,,,,,,
25,,,24985,,,,,,,,,,,,,0.8314029574394226,0.03684210404753685,0.8059167861938477,0.7434088587760925,0.952353835105896,0.16733068227767944,0.678947389125824,1.3210668563842773,0.6251625418663025,1.3823652267456055,0.5789082646369934,1.5488556623458862,0.5687167644500732,1.6585699319839478,0.7250996232032776,1.1788185834884644,0.5915701389312744,0.07174272835254669,0.7550422549247742,1.8357501029968262,1.5437854528427124,0.5687167644500732,0.6898317933082581,0.0024906599428504705,0.6295337080955505,0.6231496930122375,0.9031298756599426,0.07792207598686218,0.46326276659965515,2.021799087524414,0.5606522560119629,1.6444497108459473,0.5416161417961121,1.74351966381073,0.6066994071006775,1.4989546537399292,0.6580086350440979,1.2559338808059692,0.5740396976470947,0.08201488107442856,0.7602992653846741,1.8363832235336304,1.61024808883667,0.46326276659965515
25,,,24985,1.0643919706344604,0.7455592751502991,0.1580764353275299,0.7289408445358276,0.716789722442627,0.827372670173645,0.11962687224149704,0.008241758681833744,0.6224992871284485,0.7316654324531555,0.9580308794975281,1.9340360164642334,,,,,,,,,,,,,,,,,,,,,,,,,,,,,,,,,,,,,,,,,,,,
,5.5674158931748854e-05,3.459808481836973e-06,24986,,,,,,,,,,,,,,,,,,,,,,,,,,,,,,,,,,,,,,,,,,,,,,,,,,,,,,,,
26,,,25946,,,,,,,,,,,,,0.8471653461456299,0.10000000149011612,0.8179453611373901,0.7991088032722473,0.9453303217887878,0.24302789568901062,0.678947389125824,1.309830665588379,0.6345903873443604,1.3625420331954956,0.590419590473175,1.5238234996795654,0.5690964460372925,1.6412968635559082,0.7450199127197266,1.1857519149780273,0.5974048376083374,0.07893103361129761,0.7063356637954712,1.7798833847045898,1.524510145187378,0.5690964460372925,0.6984182596206665,0.006226649973541498,0.6357817649841309,0.6835719347000122,0.882565975189209,0.13131313025951385,0.4757160544395447,1.912047028541565,0.5672051310539246,1.6337467432022095,0.548653244972229,1.7063432931900024,0.6110967397689819,1.4795500040054321,0.6536796689033508,1.2603631019592285,0.5796635746955872,0.0918472409248352,0.7078924775123596,1.7688616514205933,1.5872337818145752,0.4757160544395447
26,,,25946,0.9626260995864868,0.7487727999687195,0.15346255898475647,0.7325997352600098,0.7193117141723633,0.8311451077461243,0.12043243646621704,0.007936508394777775,0.5771005749702454,0.7543681859970093,0.8752660751342773,1.760778546333313,,,,,,,,,,,,,,,,,,,,,,,,,,,,,,,,,,,,,,,,,,,,
,5.222752508677381e-05,3.3214161425634937e-06,25947,,,,,,,,,,,,,,,,,,,,,,,,,,,,,,,,,,,,,,,,,,,,,,,,,,,,,,,,
27,,,26907,,,,,,,,,,,,,0.8231298327445984,0.0,0.8156697154045105,0.7493501901626587,0.9259681105613708,0.1872510015964508,0.678947389125824,1.3106316328048706,0.6349154710769653,1.3700051307678223,0.5855922698974609,1.5398790836334229,0.5778284072875977,1.6495271921157837,0.7211155295372009,1.2108206748962402,0.5998432636260986,0.08965425938367844,0.6586236953735352,1.7221013307571411,1.5341989994049072,0.5778284072875977,0.6801908016204834,0.0012453299714252353,0.6411154866218567,0.6260616183280945,0.8623900413513184,0.12987013161182404,0.47073474526405334,1.9436274766921997,0.5716245174407959,1.6549402475357056,0.5510798096656799,1.7192018032073975,0.6136834025382996,1.4850780963897705,0.6551226377487183,1.2679731845855713,0.5824755430221558,0.10380268096923828,0.6612149477005005,1.7033226490020752,1.6005359888076782,0.47073474526405334
27,,,26907,0.8923721313476562,0.7508600354194641,0.14845584332942963,0.7349551320075989,0.7207571864128113,0.8338109850883484,0.12067990005016327,0.0076530613005161285,0.634905993938446,0.774208664894104,0.8054506182670593,1.646431565284729,,,,,,,,,,,,,,,,,,,,,,,,,,,,,,,,,,,,,,,,,,,,
,4.8772474913226224e-05,3.188559496860954e-06,26908,,,,,,,,,,,,,,,,,,,,,,,,,,,,,,,,,,,,,,,,,,,,,,,,,,,,,,,,
28,,,27868,,,,,,,,,,,,,0.8444657325744629,0.0,0.8075422644615173,0.8002228140830994,0.9491267800331116,0.2310757040977478,0.6894736886024475,1.307752251625061,0.631664514541626,1.3755429983139038,0.5874489545822144,1.5561424493789673,0.5780182480812073,1.6592925786972046,0.717131495475769,1.2614094018936157,0.5995820164680481,0.10170035064220428,0.6216983795166016,1.6678783893585205,1.5450433492660522,0.5780182480812073,0.692593514919281,0.0037359900306910276,0.5976836085319519,0.6677990555763245,0.9026125073432922,0.1976912021636963,0.4806973934173584,1.9943621158599854,0.5772630572319031,1.6633522510528564,0.5537490844726562,1.7347267866134644,0.6156233549118042,1.4906702041625977,0.6536796689033508,1.3254140615463257,0.5859904885292053,0.1084282323718071,0.6449100971221924,1.6523340940475464,1.612654209136963,0.4806973934173584
28,,,27868,0.8095974326133728,0.7536925077438354,0.14362002909183502,0.7379043698310852,0.7234931588172913,0.8370260000228882,0.12242324650287628,0.007389162667095661,0.5721288323402405,0.792891263961792,0.7458415031433105,1.5079563856124878,,,,,,,,,,,,,,,,,,,,,,,,,,,,,,,,,,,,,,,,,,,,
,4.532584106825117e-05,3.0610171169865154e-06,27869,,,,,,,,,,,,,,,,,,,,,,,,,,,,,,,,,,,,,,,,,,,,,,,,,,,,,,,,
29,,,28829,,,,,,,,,,,,,0.8610119223594666,0.005263158120214939,0.8368010520935059,0.8225027918815613,0.9504556059837341,0.3585657477378845,0.7105262875556946,1.260890007019043,0.6352405548095703,1.3733543157577515,0.5945042967796326,1.545615315437317,0.5782080292701721,1.670332670211792,0.7649402618408203,1.1935205459594727,0.6036750078201294,0.1011759489774704,0.6026729941368103,1.6521730422973633,1.5461961030960083,0.5782080292701721,0.7079588174819946,0.01120796985924244,0.6319719552993774,0.6823586225509644,0.9004138708114624,0.24386724829673767,0.4919053614139557,1.8880594968795776,0.5761962532997131,1.6708648204803467,0.5539917349815369,1.7530537843704224,0.6143300533294678,1.5179593563079834,0.6608946323394775,1.2881078720092773,0.5858900547027588,0.11410920321941376,0.6189411878585815,1.6226251125335693,1.6239887475967407,0.4919053614139557
29,,,28829,0.7377161979675293,0.7568804025650024,0.13965444266796112,0.7412228584289551,0.7268983721733093,0.8403664827346802,0.1253300905227661,0.0071428571827709675,0.5227966904640198,0.8079310059547424,0.6879498958587646,1.3827018737792969,,,,,,,,,,,,,,,,,,,,,,,,,,,,,,,,,,,,,,,,,,,,
,4.190441520548696e-05,2.9385764323070547e-06,28830,,,,,,,,,,,,,,,,,,,,,,,,,,,,,,,,,,,,,,,,,,,,,,,,,,,,,,,,
30,,,29790,,,,,,,,,,,,,0.8801707029342651,0.3210526406764984,0.8420026302337646,0.8525807857513428,0.9589977264404297,0.4302788972854614,0.6894736886024475,1.2408459186553955,0.63621586561203,1.3941185474395752,0.6004456281661987,1.5298787355422974,0.5825740098953247,1.662232756614685,0.7330677509307861,1.2462654113769531,0.6063746213912964,0.10874068737030029,0.5809195637702942,1.6110928058624268,1.54478919506073,0.5825740098953247,0.7101179957389832,0.14570361375808716,0.6153611540794373,0.6748362183570862,0.9042938351631165,0.3088023066520691,0.49066001176834106,1.907287836074829,0.5772630572319031,1.6887853145599365,0.5627275109291077,1.7327767610549927,0.6139420866966248,1.516121506690979,0.6522366404533386,1.3445736169815063,0.5876474976539612,0.12009406834840775,0.6013373136520386,1.595049500465393,1.6277073621749878,0.49066001176834106
30,,,29790,0.6773957014083862,0.7602881789207458,0.13698463141918182,0.7446763515472412,0.7307776808738708,0.8437296152114868,0.12993650138378143,0.00691244238987565,0.47979000210762024,0.821994960308075,0.6388086080551147,1.2767308950424194,,,,,,,,,,,,,,,,,,,,,,,,,,,,,,,,,,,,,,,,,,,,
,3.852486616781645e-05,2.8210333750147725e-06,29791,,,,,,,,,,,,,,,,,,,,,,,,,,,,,,,,,,,,,,,,,,,,,,,,,,,,,,,,
31,,,30751,,,,,,,,,,,,,0.7036488652229309,0.0,0.6739271879196167,0.586706280708313,0.8354213833808899,0.10358566045761108,0.6263157725334167,1.4755803346633911,0.5692457556724548,1.6822288036346436,0.5280356407165527,1.8205491304397583,0.5254365801811218,1.8607317209243774,0.6733067631721497,1.3761276006698608,0.5428023934364319,0.09931743144989014,0.7863349318504333,1.8532134294509888,1.7887239456176758,0.5254365801811218,0.550037682056427,0.006226649973541498,0.45611095428466797,0.49235621094703674,0.7580186128616333,0.095238097012043,0.4582814574241638,2.0867185592651367,0.5210301876068115,1.9315253496170044,0.49720942974090576,2.0028884410858154,0.5686756372451782,1.6734545230865479,0.6392496228218079,1.4411451816558838,0.5361787676811218,0.1091575175523758,0.7810368537902832,1.825395107269287,1.8354606628417969,0.4582814574241638
31,,,30751,1.8197838068008423,0.7620628476142883,0.13744468986988068,0.7465386986732483,0.7321789264678955,0.845588207244873,0.13417884707450867,0.0066964286379516125,0.6232293844223022,0.792891263961792,0.7392744421958923,2.319613218307495,,,,,,,,,,,,,,,,,,,,,,,,,,,,,,,,,,,,,,,,,,,,
,3.520365877844012e-05,2.7081920400141815e-06,30752,,,,,,,,,,,,,,,,,,,,,,,,,,,,,,,,,,,,,,,,,,,,,,,,,,,,,,,,
32,,,31712,,,,,,,,,,,,,0.7417922019958496,0.005263158120214939,0.6833550333976746,0.611214280128479,0.897114634513855,0.17131474614143372,0.6473684310913086,1.3481411933898926,0.6173602342605591,1.5019872188568115,0.5544003248214722,1.647431492805481,0.5590356588363647,1.7068737745285034,0.7131474018096924,1.2932758331298828,0.5785073637962341,0.08999250829219818,0.7221680879592896,1.7892248630523682,1.6240506172180176,0.5544003248214722,0.5784584283828735,0.004981319885700941,0.44757696986198425,0.49284154176712036,0.833548903465271,0.14862914383411407,0.4806973934173584,1.9645822048187256,0.5565376281738281,1.7673819065093994,0.5343363285064697,1.8266290426254272,0.5997154712677002,1.547842025756836,0.6608946323394775,1.3405156135559082,0.5692694187164307,0.10075771808624268,0.7181139588356018,1.766089916229248,1.6875444650650024,0.4806973934173584
32,,,31712,0.9878692626953125,0.7605381608009338,0.13421829044818878,0.7446399331092834,0.7285999655723572,0.8453540802001953,0.13395379483699799,0.006493506487458944,0.9615533351898193,0.7583232522010803,0.8427016139030457,1.8252671957015991,,,,,,,,,,,,,,,,,,,,,,,,,,,,,,,,,,,,,,,,,,,,
,3.1956973625912366e-05,2.599864358413614e-06,31713,,,,,,,,,,,,,,,,,,,,,,,,,,,,,,,,,,,,,,,,,,,,,,,,,,,,,,,,
33,,,32673,,,,,,,,,,,,,0.7678307294845581,0.005263158120214939,0.6791287660598755,0.6242108941078186,0.9445710182189941,0.2788844704627991,0.6736842393875122,1.2718538045883179,0.6303641200065613,1.4427016973495483,0.5625696182250977,1.613648533821106,0.5694760680198669,1.678386926651001,0.7091633677482605,1.2832393646240234,0.589131772518158,0.09318360686302185,0.6814732551574707,1.7423772811889648,1.584810733795166,0.5625696182250977,0.5950790643692017,0.0037359900306910276,0.40505942702293396,0.5037612318992615,0.900543212890625,0.21789321303367615,0.5043586492538452,1.9005104303359985,0.5675098896026611,1.7287036180496216,0.5418587923049927,1.7975841760635376,0.6076047420501709,1.51996910572052,0.6580086350440979,1.3450483083724976,0.5784082412719727,0.10287496447563171,0.6848995089530945,1.7201507091522217,1.6554594039916992,0.5043586492538452
33,,,32673,0.8484441637992859,0.7602219581604004,0.13136759400367737,0.7426158785820007,0.7265609502792358,0.8469939231872559,0.13510413467884064,0.006302521098405123,0.8408400416374207,0.7955713272094727,0.7170913219451904,1.5640134811401367,,,,,,,,,,,,,,,,,,,,,,,,,,,,,,,,,,,,,,,,,,,,
,2.8800628233940678e-05,2.4958697840770696e-06,32674,,,,,,,,,,,,,,,,,,,,,,,,,,,,,,,,,,,,,,,,,,,,,,,,,,,,,,,,
34,,,33634,,,,,,,,,,,,,0.7934337854385376,0.15263158082962036,0.6882314682006836,0.665428876876831,0.9627942442893982,0.4023904502391815,0.6736842393875122,1.2712986469268799,0.6391417384147644,1.4215517044067383,0.5789082646369934,1.59614896774292,0.5698557496070862,1.6806461811065674,0.7091633677482605,1.28792142868042,0.5954018831253052,0.09986599534749985,0.6384979486465454,1.6876403093338013,1.5766507387161255,0.5698557496070862,0.6213909387588501,0.09464508295059204,0.404754638671875,0.5382188558578491,0.935463011264801,0.2770562767982483,0.5018680095672607,1.9262326955795288,0.5694910287857056,1.7164103984832764,0.5503518581390381,1.77446448802948,0.6110967397689819,1.5163089036941528,0.6608946323394775,1.3168286085128784,0.5821742415428162,0.11015549302101135,0.6467583775520325,1.668596625328064,1.645301342010498,0.5018680095672607
34,,,33634,0.765560507774353,0.7606602311134338,0.12920354306697845,0.7409757971763611,0.7255288362503052,0.8494395017623901,0.13799947500228882,0.006122448947280645,0.7504640221595764,0.8166217803955078,0.6498037576675415,1.4123046398162842,,,,,,,,,,,,,,,,,,,,,,,,,,,,,,,,,,,,,,,,,,,,
,2.5750000000000023e-05,2.396034992713987e-06,33635,,,,,,,,,,,,,,,,,,,,,,,,,,,,,,,,,,,,,,,,,,,,,,,,,,,,,,,,
35,,,34595,,,,,,,,,,,,,0.8162500858306885,0.12631578743457794,0.7470741271972656,0.7014482021331787,0.9584282636642456,0.4501992166042328,0.7105262875556946,1.2121385335922241,0.6401170492172241,1.4332847595214844,0.5777942538261414,1.5995062589645386,0.5795368552207947,1.6960817575454712,0.701195240020752,1.3264247179031372,0.6002786755561829,0.11747340112924576,0.5600993633270264,1.577927827835083,1.587620496749878,0.5777942538261414,0.6476023197174072,0.1046077236533165,0.46342578530311584,0.5656394362449646,0.9286083579063416,0.37662336230278015,0.5168119668960571,1.960578203201294,0.5713196992874146,1.7638732194900513,0.5457413196563721,1.8120321035385132,0.6151060461997986,1.551787257194519,0.6709956526756287,1.3508989810943604,0.5843334197998047,0.1289674937725067,0.5770539045333862,1.554120421409607,1.6849567890167236,0.5168119668960571
35,,,34595,0.6726507544517517,0.7616502642631531,0.12789717316627502,0.740308940410614,0.7252590656280518,0.8519925475120544,0.14291760325431824,0.0059523810632526875,0.6792245507240295,0.8286171555519104,0.6081269979476929,1.2821060419082642,,,,,,,,,,,,,,,,,,,,,,,,,,,,,,,,,,,,,,,,,,,,
,2.281995127819805e-05,2.3001935930054273e-06,34596,,,,,,,,,,,,,,,,,,,,,,,,,,,,,,,,,,,,,,,,,,,,,,,,,,,,,,,,
36,,,35556,,,,,,,,,,,,,0.8205173015594482,0.30000001192092896,0.7516254782676697,0.687708854675293,0.965831458568573,0.4501992166042328,0.6894736886024475,1.2347551584243774,0.6410923004150391,1.4319225549697876,0.587820291519165,1.5865637063980103,0.578777551651001,1.7110142707824707,0.7211155295372009,1.3089112043380737,0.6026299595832825,0.11853654682636261,0.5457566380500793,1.5535770654678345,1.5913162231445312,0.578777551651001,0.6500125527381897,0.12577833235263824,0.4707406163215637,0.5362775921821594,0.9418002963066101,0.3795093894004822,0.5105853080749512,1.9989314079284668,0.5734531879425049,1.7616899013519287,0.5593302845954895,1.7998239994049072,0.6179513931274414,1.5537667274475098,0.6738816499710083,1.3513047695159912,0.5888023972511292,0.12866362929344177,0.5702109336853027,1.5326586961746216,1.6840466260910034,0.5105853080749512
36,,,35556,0.6191344261169434,0.7629306316375732,0.12792564928531647,0.7404075264930725,0.7254515886306763,0.8544052243232727,0.14832748472690582,0.005791505798697472,0.6349188685417175,0.8393895626068115,0.5749238729476929,1.1971802711486816,,,,,,,,,,,,,,,,,,,,,,,,,,,,,,,,,,,,,,,,,,,,
,2.0024756971379923e-05,2.20818584928521e-06,35557,,,,,,,,,,,,,,,,,,,,,,,,,,,,,,,,,,,,,,,,,,,,,,,,,,,,,,,,
