epoch,lr-Adam,lr-Adam-1,lr-Adam-2,step,train/train-hr-domain-acc,train/train-hr-domain-acc-africa,train/train-hr-domain-acc-americas,train/train-hr-domain-acc-asia,train/train-hr-domain-acc-europe,train/train-hr-domain-acc-oceania,train/train-hr-domain-acc-other,train/train-hr-domain-loss,train/train-lr-domain-acc,train/train-lr-domain-acc-africa,train/train-lr-domain-acc-americas,train/train-lr-domain-acc-asia,train/train-lr-domain-acc-europe,train/train-lr-domain-acc-oceania,train/train-lr-domain-acc-other,train/train-lr-domain-loss,train/train-task-acc,train/train-task-loss,val/val-id-hr-ablated-task-acc,val/val-id-hr-ablated-worst-group-task-acc,val/val-id-hr-domain-acc,val/val-id-hr-domain-acc-africa,val/val-id-hr-domain-acc-americas,val/val-id-hr-domain-acc-asia,val/val-id-hr-domain-acc-europe,val/val-id-hr-domain-acc-oceania,val/val-id-lr-ablated-task-acc,val/val-id-lr-ablated-worst-group-task-acc,val/val-id-lr-domain-acc,val/val-id-lr-domain-acc-africa,val/val-id-lr-domain-acc-americas,val/val-id-lr-domain-acc-asia,val/val-id-lr-domain-acc-europe,val/val-id-lr-domain-acc-oceania,val/val-id-region-africa-hr-ablated-task-acc,val/val-id-region-africa-lr-ablated-task-acc,val/val-id-region-africa-task-acc,val/val-id-region-africa-task-loss,val/val-id-region-africa-top5-task-acc,val/val-id-region-americas-hr-ablated-task-acc,val/val-id-region-americas-lr-ablated-task-acc,val/val-id-region-americas-task-acc,val/val-id-region-americas-task-loss,val/val-id-region-americas-top5-task-acc,val/val-id-region-asia-hr-ablated-task-acc,val/val-id-region-asia-lr-ablated-task-acc,val/val-id-region-asia-task-acc,val/val-id-region-asia-task-loss,val/val-id-region-asia-top5-task-acc,val/val-id-region-europe-hr-ablated-task-acc,val/val-id-region-europe-lr-ablated-task-acc,val/val-id-region-europe-task-acc,val/val-id-region-europe-task-loss,val/val-id-region-europe-top5-task-acc,val/val-id-region-oceania-hr-ablated-task-acc,val/val-id-region-oceania-lr-ablated-task-acc,val/val-id-region-oceania-task-acc,val/val-id-region-oceania-task-loss,val/val-id-region-oceania-top5-task-acc,val/val-id-task-acc,val/val-id-task-ece,val/val-id-task-entropy-correct,val/val-id-task-entropy-incorrect,val/val-id-task-loss,val/val-id-top5-task-acc,val/val-id-worst-group-task-acc,val/val-id-worst-group-top5-task-acc,val/val-od-hr-ablated-task-acc,val/val-od-hr-ablated-worst-group-task-acc,val/val-od-hr-domain-acc,val/val-od-hr-domain-acc-africa,val/val-od-hr-domain-acc-americas,val/val-od-hr-domain-acc-asia,val/val-od-hr-domain-acc-europe,val/val-od-hr-domain-acc-oceania,val/val-od-lr-ablated-task-acc,val/val-od-lr-ablated-worst-group-task-acc,val/val-od-lr-domain-acc,val/val-od-lr-domain-acc-africa,val/val-od-lr-domain-acc-americas,val/val-od-lr-domain-acc-asia,val/val-od-lr-domain-acc-europe,val/val-od-lr-domain-acc-oceania,val/val-od-region-africa-hr-ablated-task-acc,val/val-od-region-africa-lr-ablated-task-acc,val/val-od-region-africa-task-acc,val/val-od-region-africa-task-loss,val/val-od-region-africa-top5-task-acc,val/val-od-region-americas-hr-ablated-task-acc,val/val-od-region-americas-lr-ablated-task-acc,val/val-od-region-americas-task-acc,val/val-od-region-americas-task-loss,val/val-od-region-americas-top5-task-acc,val/val-od-region-asia-hr-ablated-task-acc,val/val-od-region-asia-lr-ablated-task-acc,val/val-od-region-asia-task-acc,val/val-od-region-asia-task-loss,val/val-od-region-asia-top5-task-acc,val/val-od-region-europe-hr-ablated-task-acc,val/val-od-region-europe-lr-ablated-task-acc,val/val-od-region-europe-task-acc,val/val-od-region-europe-task-loss,val/val-od-region-europe-top5-task-acc,val/val-od-region-oceania-hr-ablated-task-acc,val/val-od-region-oceania-lr-ablated-task-acc,val/val-od-region-oceania-task-acc,val/val-od-region-oceania-task-loss,val/val-od-region-oceania-top5-task-acc,val/val-od-task-acc,val/val-od-task-ece,val/val-od-task-entropy-correct,val/val-od-task-entropy-incorrect,val/val-od-task-loss,val/val-od-top5-task-acc,val/val-od-worst-group-task-acc,val/val-od-worst-group-top5-task-acc
,2e-05,1e-05,1e-05,0,,,,,,,,,,,,,,,,,,,,,,,,,,,,,,,,,,,,,,,,,,,,,,,,,,,,,,,,,,,,,,,,,,,,,,,,,,,,,,,,,,,,,,,,,,,,,,,,,,,,,,,,,,,,,,,,,,,,
0,,,,960,,,,,,,,,,,,,,,,,,,0.1199164018034935,0.03585657477378845,0.5452408194541931,0.0,0.2951885461807251,0.22725585103034973,0.8999620079994202,0.0,0.35922667384147644,0.3033791184425354,0.9369502663612366,0.4000000059604645,0.9193758368492126,0.9457853436470032,0.9770311117172241,0.6414342522621155,0.410526305437088,0.5315789580345154,0.5789473652839661,1.6213527917861938,0.7947368621826172,0.09720416367053986,0.38459038734436035,0.518855631351471,1.7799617052078247,0.8003901243209839,0.19346453249454498,0.3033791184425354,0.48681768774986267,1.8753166198730469,0.8013368248939514,0.08921791613101959,0.3585801124572754,0.48310554027557373,1.953747034072876,0.7422171831130981,0.03585657477378845,0.5298804640769958,0.5816733241081238,1.5467535257339478,0.8446215391159058,0.49734389781951904,0.038334835320711136,1.499535083770752,2.5679547786712646,1.8742421865463257,0.7747974991798401,0.48310554027557373,0.7422171831130981,0.07768014073371887,0.025974025949835777,0.48144614696502686,0.0,0.24215178191661835,0.2550351917743683,0.8986032009124756,0.0,0.37268391251564026,0.3021111488342285,0.7170976400375366,0.10336238890886307,0.8698567748069763,0.5345789790153503,0.7584066390991211,0.6103895902633667,0.18057285249233246,0.37733498215675354,0.3985055983066559,2.1433770656585693,0.7708593010902405,0.07391039282083511,0.36177995800971985,0.46967387199401855,1.9848531484603882,0.7551051378250122,0.1540888100862503,0.3021111488342285,0.4384858012199402,2.160388231277466,0.7454501390457153,0.03414381667971611,0.4105018079280853,0.5112519264221191,1.8550761938095093,0.752457320690155,0.025974025949835777,0.4675324559211731,0.5137085318565369,1.709964632987976,0.8196248412132263,0.47803163528442383,0.024936864152550697,1.5217180252075195,2.564028024673462,1.967708945274353,0.7549585700035095,0.3985055983066559,0.7454501390457153
0,,,,960,0.4601043462753296,0.0006321112741716206,0.23868784308433533,0.19754056632518768,0.7693589329719543,0.03290676325559616,0.0,1.2877509593963623,0.873658299446106,0.2420986145734787,0.8577694892883301,0.8777584433555603,0.9377297759056091,0.30408287048339844,0.0,0.42015379667282104,0.3198678195476532,2.71590256690979,,,,,,,,,,,,,,,,,,,,,,,,,,,,,,,,,,,,,,,,,,,,,,,,,,,,,,,,,,,,,,,,,,,,,,,,,,,,,,,,,,,,,,,,,,,,,,,,,,
,2e-05,1e-05,1e-05,961,,,,,,,,,,,,,,,,,,,,,,,,,,,,,,,,,,,,,,,,,,,,,,,,,,,,,,,,,,,,,,,,,,,,,,,,,,,,,,,,,,,,,,,,,,,,,,,,,,,,,,,,,,,,,,,,,,,,
1,,,,1921,,,,,,,,,,,,,,,,,,,0.14961247146129608,0.04780876636505127,0.5925281047821045,0.0,0.36508452892303467,0.32751578092575073,0.9109718799591064,0.0,0.4049464464187622,0.34422576427459717,0.9536706209182739,0.6263157725334167,0.9258777499198914,0.9580393433570862,0.9906985759735107,0.737051784992218,0.4421052634716034,0.4263157844543457,0.6473684310913086,1.3578948974609375,0.8526315689086914,0.17490246891975403,0.44343301653862,0.5877763032913208,1.4595469236373901,0.850130021572113,0.20089119672775269,0.34422576427459717,0.5763089656829834,1.5295774936676025,0.863349437713623,0.10307516902685165,0.4033789038658142,0.557706892490387,1.6513324975967407,0.7987850904464722,0.04780876636505127,0.6015936136245728,0.7211155295372009,1.1280428171157837,0.9083665609359741,0.5752851963043213,0.015755299478769302,1.077724814414978,2.1803202629089355,1.5547727346420288,0.8310546278953552,0.557706892490387,0.7987850904464722,0.09952297061681747,0.03751803934574127,0.5281948447227478,0.0,0.28634563088417053,0.40378549695014954,0.9022245407104492,0.0,0.42254582047462463,0.3394806981086731,0.7763494849205017,0.3798256516456604,0.8622370958328247,0.5639407634735107,0.8630367517471313,0.7229437232017517,0.18804483115673065,0.3760896623134613,0.4694894254207611,1.8790005445480347,0.80448317527771,0.12816214561462402,0.418012797832489,0.5376409888267517,1.672581672668457,0.807223379611969,0.15433147549629211,0.3394806981086731,0.4872603714466095,1.8901771306991577,0.801261842250824,0.04242110624909401,0.4663735032081604,0.5768235921859741,1.5469399690628052,0.81802898645401,0.03751803934574127,0.5252525210380554,0.630591630935669,1.3115150928497314,0.8759018778800964,0.5429073572158813,0.009269233793020248,1.1589865684509277,2.2614924907684326,1.6646220684051514,0.8124529123306274,0.4694894254207611,0.801261842250824
1,,,,1921,0.5117026567459106,0.0003160556370858103,0.2840556800365448,0.2349093109369278,0.8376177549362183,0.01645338162779808,0.0,1.0747649669647217,0.9071854948997498,0.3656763732433319,0.8962237238883972,0.9125161170959473,0.9560546875,0.4978671669960022,0.0,0.1907636523246765,0.5502517223358154,1.6496772766113281,,,,,,,,,,,,,,,,,,,,,,,,,,,,,,,,,,,,,,,,,,,,,,,,,,,,,,,,,,,,,,,,,,,,,,,,,,,,,,,,,,,,,,,,,,,,,,,,,,
,2e-05,1e-05,1e-05,1922,,,,,,,,,,,,,,,,,,,,,,,,,,,,,,,,,,,,,,,,,,,,,,,,,,,,,,,,,,,,,,,,,,,,,,,,,,,,,,,,,,,,,,,,,,,,,,,,,,,,,,,,,,,,,,,,,,,,
2,,,,2882,,,,,,,,,,,,,,,,,,,0.1396847516298294,0.043824702501297,0.6319776773452759,0.0,0.4847204089164734,0.4192350506782532,0.8802201747894287,0.0,0.38840025663375854,0.34422576427459717,0.9656884074211121,0.6631578803062439,0.9538361430168152,0.9624953866004944,0.9901290535926819,0.8804780840873718,0.43157893419265747,0.5105262994766235,0.6526315808296204,1.2781245708465576,0.8684210777282715,0.1300390064716339,0.41417425870895386,0.6144343018531799,1.357646107673645,0.8667100071907043,0.2083178609609604,0.34422576427459717,0.6167842745780945,1.4120500087738037,0.8808020949363708,0.10440395027399063,0.3832573890686035,0.5816249251365662,1.5783745050430298,0.8143507838249207,0.043824702501297,0.5577689409255981,0.7450199127197266,1.0195902585983276,0.9282868504524231,0.6035008430480957,0.032329026609659195,0.8589482307434082,1.9511373043060303,1.462673544883728,0.8474266529083252,0.5816249251365662,0.8143507838249207,0.09053477644920349,0.04526642709970474,0.5702234506607056,0.0,0.40749770402908325,0.4894443154335022,0.8620020747184753,0.0,0.4003012776374817,0.3353554904460907,0.7673110961914062,0.41594022512435913,0.8678756356239319,0.539432168006897,0.836394190788269,0.8109667897224426,0.20298878848552704,0.3673723638057709,0.47820672392845154,1.8970736265182495,0.8107098340988159,0.09478817135095596,0.3835720717906952,0.5572996139526367,1.6023030281066895,0.8282535672187805,0.15433147549629211,0.3353554904460907,0.5200194120407104,1.8126680850982666,0.8133947849273682,0.04526642709970474,0.44425761699676514,0.599068820476532,1.4626840353012085,0.8353595733642578,0.04617604613304138,0.4920634925365448,0.6709956526756287,1.2473739385604858,0.8917748928070068,0.5665578842163086,0.03275815770030022,0.9950145483016968,2.041064977645874,1.591221570968628,0.829425036907196,0.47820672392845154,0.8107098340988159
2,,,,2882,0.5435558557510376,0.00021070374350529164,0.3299480378627777,0.27843600511550903,0.8582931160926819,0.010968921706080437,0.0,1.0056945085525513,0.9241073727607727,0.4487989842891693,0.9160190224647522,0.9286128878593445,0.9648628830909729,0.5957749485969543,0.0,0.1425103396177292,0.6317473649978638,1.3145877122879028,,,,,,,,,,,,,,,,,,,,,,,,,,,,,,,,,,,,,,,,,,,,,,,,,,,,,,,,,,,,,,,,,,,,,,,,,,,,,,,,,,,,,,,,,,,,,,,,,,
,2e-05,1e-05,1e-05,2883,,,,,,,,,,,,,,,,,,,,,,,,,,,,,,,,,,,,,,,,,,,,,,,,,,,,,,,,,,,,,,,,,,,,,,,,,,,,,,,,,,,,,,,,,,,,,,,,,,,,,,,,,,,,,,,,,,,,
3,,,,3843,,,,,,,,,,,,,,,,,,,0.13803012669086456,0.06374502182006836,0.6504397988319397,0.0,0.504876434803009,0.461195707321167,0.8872437477111816,0.0,0.37838542461395264,0.28421053290367126,0.9683880805969238,0.678947389125824,0.9567620158195496,0.963238000869751,0.992406964302063,0.9003984332084656,0.43157893419265747,0.28421053290367126,0.6947368383407593,1.2896536588668823,0.8631578683853149,0.12093628197908401,0.3969440758228302,0.6293888092041016,1.3258711099624634,0.8725617527961731,0.20460453629493713,0.33197176456451416,0.6190122365951538,1.3678779602050781,0.8804307579994202,0.10706150531768799,0.38952162861824036,0.5899772047996521,1.555250883102417,0.8274487257003784,0.06374502182006836,0.4900398552417755,0.7290836572647095,1.1664592027664185,0.9163346886634827,0.6122093796730042,0.0521254725754261,0.7484530806541443,1.8197757005691528,1.4367269277572632,0.8545676469802856,0.5899772047996521,0.8274487257003784,0.08370575308799744,0.04694775119423866,0.5873461961746216,0.0,0.42944225668907166,0.5226886868476868,0.8697620034217834,0.0,0.39467737078666687,0.33438485860824585,0.7830780744552612,0.35865503549575806,0.9035354852676392,0.5382188558578491,0.853983461856842,0.8037518262863159,0.056039851158857346,0.3486924171447754,0.4694894254207611,2.0622873306274414,0.7882938981056213,0.08777811378240585,0.3716854751110077,0.5606522560119629,1.5924673080444336,0.8313014507293701,0.15700073540210724,0.33438485860824585,0.5272992253303528,1.7861230373382568,0.8160640597343445,0.04694775119423866,0.44568029046058655,0.6092860698699951,1.4185603857040405,0.8457061648368835,0.051948051899671555,0.4545454680919647,0.6652236580848694,1.3036404848098755,0.8845598697662354,0.5725834965705872,0.05540081486105919,0.8472146391868591,1.922617793083191,1.5739508867263794,0.8338438272476196,0.4694894254207611,0.7882938981056213
3,,,,3843,0.5659517645835876,0.00015802781854290515,0.3656248450279236,0.3174377977848053,0.8664263486862183,0.00822669081389904,0.0,0.95344078540802,0.9343246817588806,0.5001580119132996,0.9280384182929993,0.9382755756378174,0.9698988795280457,0.6595063805580139,0.0,0.11858992278575897,0.6895385384559631,1.096738576889038,,,,,,,,,,,,,,,,,,,,,,,,,,,,,,,,,,,,,,,,,,,,,,,,,,,,,,,,,,,,,,,,,,,,,,,,,,,,,,,,,,,,,,,,,,,,,,,,,,
,2e-05,1e-05,1e-05,3844,,,,,,,,,,,,,,,,,,,,,,,,,,,,,,,,,,,,,,,,,,,,,,,,,,,,,,,,,,,,,,,,,,,,,,,,,,,,,,,,,,,,,,,,,,,,,,,,,,,,,,,,,,,,,,,,,,,,
4,,,,4804,,,,,,,,,,,,,,,,,,,0.15213795006275177,0.0717131495475769,0.6648088693618774,0.0,0.5607932209968567,0.49201634526252747,0.8701594471931458,0.0,0.3848297595977783,0.28947368264198303,0.9712618589401245,0.6947368383407593,0.9603381156921387,0.9695506691932678,0.9927866458892822,0.9003984332084656,0.4263157844543457,0.28947368264198303,0.678947389125824,1.242387294769287,0.878947377204895,0.1456436961889267,0.41287386417388916,0.6430429220199585,1.3177036046981812,0.8855656981468201,0.2231711894273758,0.3364277780056,0.6305235624313354,1.4057934284210205,0.8852580785751343,0.11370538920164108,0.3906605839729309,0.6025056838989258,1.564530611038208,0.8301063179969788,0.0717131495475769,0.5059760808944702,0.7768924236297607,1.075103759765625,0.9243028163909912,0.6250979900360107,0.07799012213945389,0.635657012462616,1.6537134647369385,1.444793462753296,0.8608377575874329,0.6025056838989258,0.8301063179969788,0.092242032289505,0.05050504952669144,0.6055737137794495,0.0,0.4939042925834656,0.5355496406555176,0.8551474213600159,0.0,0.40160682797431946,0.33851006627082825,0.7931207418441772,0.44458281993865967,0.8879914879798889,0.5792283415794373,0.8598034381866455,0.8311688303947449,0.0734744742512703,0.35865503549575806,0.4682440757751465,2.222907066345215,0.7559153437614441,0.10377933830022812,0.38326728343963623,0.5714721083641052,1.629502534866333,0.8355684280395508,0.16088327765464783,0.33851006627082825,0.5425867438316345,1.8396601676940918,0.8167920112609863,0.05160372331738472,0.44619762897491455,0.6226073503494263,1.4229471683502197,0.8476461172103882,0.05050504952669144,0.5021644830703735,0.6998556852340698,1.2435734272003174,0.8946608901023865,0.5856389403343201,0.08633260428905487,0.7223207950592041,1.7249914407730103,1.603316068649292,0.8351995944976807,0.4682440757751465,0.7559153437614441
4,,,,4804,0.5831362009048462,0.00012642225192394108,0.3927430510520935,0.3517434895038605,0.8705595135688782,0.006581353023648262,0.0,0.9155557751655579,0.9412955641746521,0.5371681451797485,0.9359080791473389,0.9453085660934448,0.973259449005127,0.7021328210830688,0.0,0.10394380241632462,0.7334998846054077,0.9268206357955933,,,,,,,,,,,,,,,,,,,,,,,,,,,,,,,,,,,,,,,,,,,,,,,,,,,,,,,,,,,,,,,,,,,,,,,,,,,,,,,,,,,,,,,,,,,,,,,,,,
,2e-05,1e-05,1e-05,4805,,,,,,,,,,,,,,,,,,,,,,,,,,,,,,,,,,,,,,,,,,,,,,,,,,,,,,,,,,,,,,,,,,,,,,,,,,,,,,,,,,,,,,,,,,,,,,,,,,,,,,,,,,,,,,,,,,,,
5,,,,5765,,,,,,,,,,,,,,,,,,,0.14900287985801697,0.09561753273010254,0.6810938119888306,0.02631578966975212,0.5828998684883118,0.5417749881744385,0.8663629293441772,0.0,0.3538273870944977,0.32157444953918457,0.9735260605812073,0.7052631378173828,0.9674902558326721,0.9747493267059326,0.9897494316101074,0.9163346886634827,0.43157893419265747,0.37368419766426086,0.6947368383407593,1.266745686531067,0.9052631855010986,0.1495448648929596,0.3790637254714966,0.6401170492172241,1.356926441192627,0.8797138929367065,0.21128852665424347,0.32157444953918457,0.6316375732421875,1.4301789999008179,0.8841440677642822,0.1093394085764885,0.34624144434928894,0.5928245782852173,1.617816686630249,0.8295368552207947,0.09561753273010254,0.5338645577430725,0.7848605513572693,1.1055938005447388,0.9243028163909912,0.6205695271492004,0.0977156013250351,0.5680449604988098,1.5530657768249512,1.4866310358047485,0.859183132648468,0.5928245782852173,0.8295368552207947,0.09339693933725357,0.05082773044705391,0.615967869758606,0.0012453299714252353,0.5021334886550903,0.5789856910705566,0.8516554832458496,0.0,0.3657042384147644,0.3161853849887848,0.7816218733787537,0.44084683060646057,0.9160317182540894,0.5806843042373657,0.8076823353767395,0.8124098181724548,0.08468244224786758,0.35865503549575806,0.49066001176834106,2.3181376457214355,0.7571606636047363,0.10697957873344421,0.3550746738910675,0.5691862106323242,1.7040178775787354,0.8335873484611511,0.15772870182991028,0.3161853849887848,0.5294831395149231,1.971176266670227,0.7959232926368713,0.05082773044705391,0.3931712508201599,0.6064407825469971,1.5025590658187866,0.8424728512763977,0.06782107055187225,0.4617604613304138,0.682539701461792,1.2878552675247192,0.8845598697662354,0.5761988162994385,0.10965904593467712,0.6751062273979187,1.6185028553009033,1.691357135772705,0.8279186487197876,0.49066001176834106,0.7571606636047363
5,,,,5765,0.5966763496398926,0.00010535187175264582,0.416861355304718,0.3785352110862732,0.8722713589668274,0.005484460853040218,0.0,0.8841491341590881,0.9465130567550659,0.5660556554794312,0.9421875476837158,0.950053334236145,0.9756529331207275,0.7361364960670471,0.0,0.09411873668432236,0.773219883441925,0.7850704789161682,,,,,,,,,,,,,,,,,,,,,,,,,,,,,,,,,,,,,,,,,,,,,,,,,,,,,,,,,,,,,,,,,,,,,,,,,,,,,,,,,,,,,,,,,,,,,,,,,,
,2e-05,1e-05,1e-05,5766,,,,,,,,,,,,,,,,,,,,,,,,,,,,,,,,,,,,,,,,,,,,,,,,,,,,,,,,,,,,,,,,,,,,,,,,,,,,,,,,,,,,,,,,,,,,,,,,,,,,,,,,,,,,,,,,,,,,
6,,,,6726,,,,,,,,,,,,,,,,,,,0.15701471269130707,0.1155378520488739,0.6847513914108276,0.19473683834075928,0.5851755738258362,0.5399183034896851,0.8678815364837646,0.0,0.3650614023208618,0.22631579637527466,0.9700426459312439,0.6736842393875122,0.959037721157074,0.9710360169410706,0.9925968050956726,0.8645418286323547,0.3947368562221527,0.22631579637527466,0.6736842393875122,1.3530892133712769,0.8894736766815186,0.1430429071187973,0.38068920373916626,0.631664514541626,1.4544495344161987,0.8793888092041016,0.23468251526355743,0.32157444953918457,0.6230969429016113,1.4930561780929565,0.8726327419281006,0.1190204992890358,0.3714882433414459,0.5979498624801636,1.6726131439208984,0.8285877108573914,0.1155378520488739,0.6095617413520813,0.788844645023346,1.0434386730194092,0.9402390718460083,0.6183053255081177,0.12459834665060043,0.47902265191078186,1.4382058382034302,1.5528168678283691,0.856048047542572,0.5979498624801636,0.8285877108573914,0.09163946658372879,0.05050504952669144,0.620989203453064,0.021170610561966896,0.5053337216377258,0.585780143737793,0.8561820983886719,0.0,0.37288475036621094,0.30502304434776306,0.801104724407196,0.4271481931209564,0.9119170904159546,0.6068915128707886,0.8559234142303467,0.7330447435379028,0.0697384774684906,0.38231632113456726,0.465753436088562,2.287562370300293,0.7945205569267273,0.10515087097883224,0.35949406027793884,0.566443145275116,1.7456088066101074,0.8322157859802246,0.15530210733413696,0.30502304434776306,0.5272992253303528,1.9701049327850342,0.810482919216156,0.05225038900971413,0.4094671607017517,0.6182100176811218,1.5526940822601318,0.8410502076148987,0.05050504952669144,0.4834054708480835,0.7056276798248291,1.2771252393722534,0.8961039185523987,0.5792116522789001,0.1252790093421936,0.6028834581375122,1.5208971500396729,1.7226448059082031,0.8318353295326233,0.465753436088562,0.7945205569267273
6,,,,6726,0.6075113415718079,0.0059599061496555805,0.4359346330165863,0.40058398246765137,0.8731945753097534,0.00470096617937088,0.0,0.8634025454521179,0.9505614042282104,0.5902113318443298,0.9469794631004333,0.9538195133209229,0.9774980545043945,0.7612082958221436,0.0,0.08630483597517014,0.8073585629463196,0.6604992151260376,,,,,,,,,,,,,,,,,,,,,,,,,,,,,,,,,,,,,,,,,,,,,,,,,,,,,,,,,,,,,,,,,,,,,,,,,,,,,,,,,,,,,,,,,,,,,,,,,,
,2e-05,1e-05,1e-05,6727,,,,,,,,,,,,,,,,,,,,,,,,,,,,,,,,,,,,,,,,,,,,,,,,,,,,,,,,,,,,,,,,,,,,,,,,,,,,,,,,,,,,,,,,,,,,,,,,,,,,,,,,,,,,,,,,,,,,
7,,,,7687,,,,,,,,,,,,,,,,,,,0.1572759747505188,0.10358566045761108,0.6972916722297668,0.30000001192092896,0.5968790650367737,0.5818789601325989,0.8631359338760376,0.0,0.36062005162239075,0.28947368264198303,0.9758774042129517,0.7526316046714783,0.9648894667625427,0.9792053699493408,0.9922171831130981,0.9203187227249146,0.4263157844543457,0.28947368264198303,0.6631578803062439,1.474743127822876,0.8842105269432068,0.13166449964046478,0.3787386119365692,0.6280884146690369,1.541192889213562,0.8719115853309631,0.23876717686653137,0.3412550985813141,0.6216115951538086,1.542929768562317,0.8718900680541992,0.12338648736476898,0.35288533568382263,0.5933941006660461,1.7551661729812622,0.8278284072875977,0.10358566045761108,0.56175297498703,0.7729083895683289,1.1856480836868286,0.9203187227249146,0.6143864989280701,0.1442030370235443,0.4311627447605133,1.3355211019515991,1.6306225061416626,0.8530001044273376,0.5933941006660461,0.8278284072875977,0.08405724167823792,0.04733574762940407,0.627617359161377,0.054794520139694214,0.5082291960716248,0.6100460886955261,0.8543714284896851,0.0,0.374240517616272,0.3292890191078186,0.8011549115180969,0.44831880927085876,0.8950015306472778,0.6148992776870728,0.8557941317558289,0.8239538073539734,0.06351183354854584,0.37110835313796997,0.48194271326065063,2.3664257526397705,0.7658779621124268,0.0905211791396141,0.35720816254615784,0.5626333355903625,1.8572208881378174,0.8217006921768188,0.14899295568466187,0.3292890191078186,0.5340936779975891,2.0373055934906006,0.7976219654083252,0.04733574762940407,0.40235385298728943,0.6116140484809875,1.588834524154663,0.8388515114784241,0.07070706784725189,0.4935064911842346,0.6998556852340698,1.3957093954086304,0.8802309036254883,0.5773035287857056,0.14573520421981812,0.5300098061561584,1.4441977739334106,1.7945550680160522,0.8231986165046692,0.48194271326065063,0.7658779621124268
7,,,,7687,0.6165938377380371,0.016434893012046814,0.45284414291381836,0.4177663028240204,0.8738223910331726,0.00411334540694952,0.0,0.8438786268234253,0.9538903832435608,0.6121997237205505,0.9506686925888062,0.9569740295410156,0.9790972471237183,0.7806215882301331,0.0,0.08001024276018143,0.835681676864624,0.561235785484314,,,,,,,,,,,,,,,,,,,,,,,,,,,,,,,,,,,,,,,,,,,,,,,,,,,,,,,,,,,,,,,,,,,,,,,,,,,,,,,,,,,,,,,,,,,,,,,,,,
,2e-05,1e-05,1e-05,7688,,,,,,,,,,,,,,,,,,,,,,,,,,,,,,,,,,,,,,,,,,,,,,,,,,,,,,,,,,,,,,,,,,,,,,,,,,,,,,,,,,,,,,,,,,,,,,,,,,,,,,,,,,,,,,,,,,,,
8,,,,8648,,,,,,,,,,,,,,,,,,,0.15344421565532684,0.10756972432136536,0.7003396153450012,0.31578946113586426,0.6007802486419678,0.5722242593765259,0.8718678951263428,0.0,0.3184707760810852,0.3011511266231537,0.9778803586959839,0.800000011920929,0.9707412123680115,0.9736353754997253,0.99411541223526,0.9243028163909912,0.42105263471603394,0.3210526406764984,0.6631578803062439,1.4633876085281372,0.878947377204895,0.12418725341558456,0.33452534675598145,0.6375162601470947,1.510726809501648,0.8771131634712219,0.23950983583927155,0.3011511266231537,0.6308948993682861,1.5534240007400513,0.8704047799110413,0.11921032518148422,0.31055429577827454,0.587699294090271,1.8284590244293213,0.8257403373718262,0.10756972432136536,0.47011953592300415,0.7609561681747437,1.290360689163208,0.9203187227249146,0.6163023710250854,0.15626797080039978,0.4003002643585205,1.2583274841308594,1.6606111526489258,0.8530001044273376,0.587699294090271,0.8257403373718262,0.07421541213989258,0.028860028833150864,0.6325885057449341,0.11955168098211288,0.5106675028800964,0.6008250713348389,0.8632953763008118,0.0,0.3257845938205719,0.29022082686424255,0.7959829568862915,0.4881693720817566,0.911612331867218,0.5901480317115784,0.8438954949378967,0.7518037557601929,0.06475716084241867,0.3449564278125763,0.4694894254207611,2.4989473819732666,0.7683686017990112,0.07573910057544708,0.3125571608543396,0.5585187673568726,1.909631609916687,0.8189576268196106,0.13322009146213531,0.29022082686424255,0.5299684405326843,2.145519971847534,0.7973792552947998,0.04655975103378296,0.34687015414237976,0.602948784828186,1.6659806966781616,0.8401448726654053,0.028860028833150864,0.4040403962135315,0.6695526838302612,1.4812012910842896,0.8730158805847168,0.5701732635498047,0.16310584545135498,0.5049256086349487,1.354090929031372,1.8724201917648315,0.82259601354599,0.4694894254207611,0.7683686017990112
8,,,,8648,0.6245224475860596,0.030481809750199318,0.466721773147583,0.43425607681274414,0.8739149570465088,0.0036563072353601456,0.0,0.8268544673919678,0.956676185131073,0.6313386559486389,0.9538189172744751,0.9597082734107971,0.9803283214569092,0.7966009974479675,0.0,0.07368209958076477,0.8613767623901367,0.4706270098686218,,,,,,,,,,,,,,,,,,,,,,,,,,,,,,,,,,,,,,,,,,,,,,,,,,,,,,,,,,,,,,,,,,,,,,,,,,,,,,,,,,,,,,,,,,,,,,,,,,
,2e-05,1e-05,1e-05,8649,,,,,,,,,,,,,,,,,,,,,,,,,,,,,,,,,,,,,,,,,,,,,,,,,,,,,,,,,,,,,,,,,,,,,,,,,,,,,,,,,,,,,,,,,,,,,,,,,,,,,,,,,,,,,,,,,,,,
9,,,,9609,,,,,,,,,,,,,,,,,,,0.15797264873981476,0.0717131495475769,0.7024296522140503,0.3263157904148102,0.6128088235855103,0.57445228099823,0.8678815364837646,0.0,0.32717931270599365,0.30189380049705505,0.9617695808410645,0.74210524559021,0.9476593136787415,0.9743779897689819,0.9888002872467041,0.6175298690795898,0.35789474844932556,0.3526315689086914,0.678947389125824,1.528977870941162,0.8526315689086914,0.14661899209022522,0.33322498202323914,0.631339430809021,1.7474350929260254,0.8676853179931641,0.25139251351356506,0.30189380049705505,0.6175269484519958,1.717698097229004,0.8748607635498047,0.11389521509408951,0.3272589147090912,0.5933941006660461,1.9665428400039673,0.8149202466011047,0.0717131495475769,0.49800798296928406,0.7529880404472351,1.3811700344085693,0.9203187227249146,0.6142123341560364,0.17712993919849396,0.34837576746940613,1.133042573928833,1.8290905952453613,0.8461203575134277,0.5933941006660461,0.8149202466011047,0.08712026476860046,0.04184704273939133,0.6370574831962585,0.11955168098211288,0.527125895023346,0.6005823612213135,0.8609673976898193,0.0,0.3370825946331024,0.278087854385376,0.7908109426498413,0.4072229266166687,0.9113075137138367,0.5826255679130554,0.8644593954086304,0.5151515007019043,0.05977584049105644,0.38480696082115173,0.44831880927085876,3.033916473388672,0.7285180687904358,0.09859798848628998,0.316366970539093,0.5539469718933105,2.089780569076538,0.8239865899085999,0.14875030517578125,0.278087854385376,0.5158941745758057,2.3905389308929443,0.7939820289611816,0.05147439241409302,0.37118467688560486,0.6070874333381653,1.7960244417190552,0.8343248963356018,0.04184704273939133,0.44877344369888306,0.6709956526756287,1.6754204034805298,0.8658008575439453,0.5665578842163086,0.1980489194393158,0.4069485366344452,1.1831774711608887,2.061357021331787,0.8194326162338257,0.44831880927085876,0.7285180687904358
9,,,,9609,0.6314429640769958,0.04696586728096008,0.4786296784877777,0.44814980030059814,0.8741813898086548,0.003290676511824131,0.0,0.817578911781311,0.9589659571647644,0.6486725807189941,0.9563295841217041,0.9617665410041809,0.9813792705535889,0.8104204535484314,0.0,0.0704348012804985,0.8821929693222046,0.39471927285194397,,,,,,,,,,,,,,,,,,,,,,,,,,,,,,,,,,,,,,,,,,,,,,,,,,,,,,,,,,,,,,,,,,,,,,,,,,,,,,,,,,,,,,,,,,,,,,,,,,
,2e-05,1e-05,1e-05,9610,,,,,,,,,,,,,,,,,,,,,,,,,,,,,,,,,,,,,,,,,,,,,,,,,,,,,,,,,,,,,,,,,,,,,,,,,,,,,,,,,,,,,,,,,,,,,,,,,,,,,,,,,,,,,,,,,,,,
10,,,,10570,,,,,,,,,,,,,,,,,,,0.1635461151599884,0.10358566045761108,0.709396481513977,0.3368421196937561,0.6258127689361572,0.6086149215698242,0.8576309680938721,0.0,0.32656970620155334,0.2789473831653595,0.9788382649421692,0.7789473533630371,0.9671651721000671,0.9821760058403015,0.99411541223526,0.9362549781799316,0.410526305437088,0.2789473831653595,0.6842105388641357,1.58083176612854,0.8578947186470032,0.14369310438632965,0.33842653036117554,0.6303641200065613,1.7163386344909668,0.8702861070632935,0.22688451409339905,0.31414780020713806,0.6164129376411438,1.749551773071289,0.8741180896759033,0.1368640810251236,0.32042521238327026,0.5964312553405762,1.961016297340393,0.8285877108573914,0.10358566045761108,0.4741035997867584,0.7410358786582947,1.3042314052581787,0.9163346886634827,0.6149089932441711,0.18739163875579834,0.31174755096435547,1.095558762550354,1.8248028755187988,0.8529130220413208,0.5964312553405762,0.8285877108573914,0.08742154389619827,0.05050504952669144,0.6388651728630066,0.09589041024446487,0.5364218354225159,0.6219364404678345,0.8488101363182068,0.0,0.3317599892616272,0.28827953338623047,0.8080341219902039,0.4732254147529602,0.9055166244506836,0.6563940644264221,0.8383342027664185,0.841269850730896,0.06475716084241867,0.3412204086780548,0.449564129114151,2.8617262840270996,0.7546699643135071,0.10027430951595306,0.31773850321769714,0.5601950883865356,2.077822685241699,0.8206339478492737,0.14025722444057465,0.28827953338623047,0.5328803658485413,2.330043315887451,0.798349916934967,0.05406104400753975,0.3576047718524933,0.5949301719665527,1.8433064222335815,0.8295395970344543,0.05050504952669144,0.42424243688583374,0.668109655380249,1.6999897956848145,0.860028862953186,0.5672608613967896,0.1999666839838028,0.3901907801628113,1.1893305778503418,2.0574488639831543,0.8182274699211121,0.449564129114151,0.7546699643135071
10,,,,10570,0.6374517679214478,0.06183197349309921,0.48892298340797424,0.46051791310310364,0.8742584586143494,0.0029915240593254566,0.0,0.80349200963974,0.961014449596405,0.6638317704200745,0.9586437940597534,0.9636955857276917,0.9822887182235718,0.8219489455223083,0.0,0.0646602138876915,0.9012398719787598,0.335131973028183,,,,,,,,,,,,,,,,,,,,,,,,,,,,,,,,,,,,,,,,,,,,,,,,,,,,,,,,,,,,,,,,,,,,,,,,,,,,,,,,,,,,,,,,,,,,,,,,,,
,2e-05,1e-05,1e-05,10571,,,,,,,,,,,,,,,,,,,,,,,,,,,,,,,,,,,,,,,,,,,,,,,,,,,,,,,,,,,,,,,,,,,,,,,,,,,,,,,,,,,,,,,,,,,,,,,,,,,,,,,,,,,,,,,,,,,,
11,,,,11531,,,,,,,,,,,,,,,,,,,0.14821910858154297,0.11408504098653793,0.710964024066925,0.34210526943206787,0.5968790650367737,0.5974749326705933,0.8834472298622131,0.0,0.3108943700790405,0.28421053290367126,0.9812766909599304,0.8157894611358643,0.9694408178329468,0.9829186797142029,0.9960136413574219,0.9442231059074402,0.38947367668151855,0.28421053290367126,0.6631578803062439,1.747126817703247,0.8578947186470032,0.126137837767601,0.3146944046020508,0.635890781879425,1.7635084390640259,0.8663849234580994,0.22651317715644836,0.3056071400642395,0.6360935568809509,1.7988156080245972,0.8741180896759033,0.11408504098653793,0.30675777792930603,0.5947228670120239,2.0702383518218994,0.8280182480812073,0.1155378520488739,0.4223107695579529,0.7569721341133118,1.3866773843765259,0.9243028163909912,0.6202211976051331,0.18970374763011932,0.3013836443424225,1.0311570167541504,1.9035378694534302,0.851780891418457,0.5947228670120239,0.8280182480812073,0.07833291590213776,0.03896103799343109,0.6422294974327087,0.12702366709709167,0.5141724944114685,0.6190245151519775,0.8746766448020935,0.0,0.3175998032093048,0.27735987305641174,0.811398446559906,0.48567870259284973,0.9079548716545105,0.6374666094779968,0.8610967397689819,0.7590187788009644,0.05105853080749512,0.3499377369880676,0.4458281397819519,3.062749147415161,0.7571606636047363,0.08076805621385574,0.29731789231300354,0.564157247543335,2.1810247898101807,0.8165193796157837,0.14244115352630615,0.27735987305641174,0.5314244031906128,2.5079801082611084,0.7908274531364441,0.04849974066019058,0.347516804933548,0.5979048013687134,1.924920678138733,0.836006224155426,0.03896103799343109,0.37806639075279236,0.6738816499710083,1.8128489255905151,0.8701298832893372,0.5695204734802246,0.21081481873989105,0.3687313199043274,1.097575306892395,2.171786069869995,0.8182776570320129,0.4458281397819519,0.7571606636047363
11,,,,11531,0.642973005771637,0.07616940885782242,0.4982954263687134,0.47147977352142334,0.8745548129081726,0.002742230426520109,0.0,0.7904674410820007,0.9628939628601074,0.6787294745445251,0.9607828855514526,0.9653171896934509,0.983154296875,0.8323177099227905,0.0,0.059715382754802704,0.9163316488265991,0.27824223041534424,,,,,,,,,,,,,,,,,,,,,,,,,,,,,,,,,,,,,,,,,,,,,,,,,,,,,,,,,,,,,,,,,,,,,,,,,,,,,,,,,,,,,,,,,,,,,,,,,,
,2e-05,1e-05,1e-05,11532,,,,,,,,,,,,,,,,,,,,,,,,,,,,,,,,,,,,,,,,,,,,,,,,,,,,,,,,,,,,,,,,,,,,,,,,,,,,,,,,,,,,,,,,,,,,,,,,,,,,,,,,,,,,,,,,,,,,
12,,,,12492,,,,,,,,,,,,,,,,,,,0.16946791112422943,0.11155378818511963,0.7168858051300049,0.34736841917037964,0.6284134984016418,0.6149275898933411,0.868830680847168,0.0,0.32108333706855774,0.205263152718544,0.9811896085739136,0.8157894611358643,0.9739921689033508,0.9806906580924988,0.9944950938224792,0.9402390718460083,0.42105263471603394,0.205263152718544,0.6631578803062439,1.8246005773544312,0.8631578683853149,0.1417425274848938,0.3348504602909088,0.6342653036117554,1.9793227910995483,0.8624837398529053,0.24099516868591309,0.30709245800971985,0.6204975843429565,1.9701929092407227,0.8774600625038147,0.142938494682312,0.3154897391796112,0.5878891348838806,2.2464146614074707,0.820045530796051,0.11155378818511963,0.5019920468330383,0.7689242959022522,1.479768991470337,0.9282868504524231,0.6131672859191895,0.2164512276649475,0.25252944231033325,0.930786669254303,2.0857961177825928,0.8480362296104431,0.5878891348838806,0.820045530796051,0.09073562920093536,0.036075036972761154,0.6472508311271667,0.11083436757326126,0.5464797019958496,0.6226643919944763,0.8599327206611633,0.0,0.3300527334213257,0.27566125988960266,0.8137082457542419,0.4682440757751465,0.9273087382316589,0.6314001679420471,0.8543714284896851,0.7734487652778625,0.05977584049105644,0.35865503549575806,0.40473225712776184,3.26706862449646,0.7198007702827454,0.10438890755176544,0.3188052475452423,0.5603474378585815,2.370953321456909,0.8160621523857117,0.13613200187683105,0.27566125988960266,0.5190487504005432,2.679638385772705,0.7828196883201599,0.06311433017253876,0.3583807647228241,0.6001034379005432,2.041184663772583,0.8309622406959534,0.036075036972761154,0.411255419254303,0.6551226377487183,1.9559297561645508,0.8629148602485657,0.5642480254173279,0.23283404111862183,0.3129347860813141,1.017073392868042,2.328207015991211,0.812754213809967,0.40473225712776184,0.7198007702827454
12,,,,12492,0.6478289365768433,0.08932217955589294,0.5071759223937988,0.480819970369339,0.8745602965354919,0.0025312895886600018,0.0,0.7825618982315063,0.9645313024520874,0.691286563873291,0.9625746011734009,0.9668447971343994,0.9839021563529968,0.8415600061416626,0.0,0.05704566836357117,0.9289124608039856,0.23381608724594116,,,,,,,,,,,,,,,,,,,,,,,,,,,,,,,,,,,,,,,,,,,,,,,,,,,,,,,,,,,,,,,,,,,,,,,,,,,,,,,,,,,,,,,,,,,,,,,,,,
,2e-05,1e-05,1e-05,12493,,,,,,,,,,,,,,,,,,,,,,,,,,,,,,,,,,,,,,,,,,,,,,,,,,,,,,,,,,,,,,,,,,,,,,,,,,,,,,,,,,,,,,,,,,,,,,,,,,,,,,,,,,,,,,,,,,,,
13,,,,13453,,,,,,,,,,,,,,,,,,,0.18697205185890198,0.1434262990951538,0.7226334810256958,0.3526315689086914,0.63621586561203,0.650575578212738,0.8583902716636658,0.0,0.3190803825855255,0.1894736886024475,0.9826700091362,0.8105263113975525,0.977243185043335,0.9862606525421143,0.9925968050956726,0.9521912336349487,0.4421052634716034,0.1894736886024475,0.6894736886024475,1.7279236316680908,0.8842105269432068,0.183029904961586,0.3260728120803833,0.6375162601470947,1.9617106914520264,0.8751625418663025,0.2551058232784271,0.3160044550895691,0.6342369318008423,1.998059868812561,0.874489426612854,0.14749430119991302,0.31359151005744934,0.583523154258728,2.3009023666381836,0.8208048343658447,0.1434262990951538,0.4741035997867584,0.737051784992218,1.7332946062088013,0.912350594997406,0.614996075630188,0.2231014370918274,0.23352716863155365,0.8763434290885925,2.1166162490844727,0.8510842323303223,0.583523154258728,0.8208048343658447,0.1015315055847168,0.06143300607800484,0.6522721648216248,0.12702366709709167,0.5489180088043213,0.6471729874610901,0.8560527563095093,0.0,0.32292240858078003,0.2853676378726959,0.8093898892402649,0.45579078793525696,0.9167936444282532,0.6792041063308716,0.8287636041641235,0.7647907733917236,0.09962639957666397,0.3449564278125763,0.4271481931209564,3.416168689727783,0.7322540283203125,0.11398963630199432,0.3038707673549652,0.557147204875946,2.457594156265259,0.8235294222831726,0.16161125898361206,0.2853676378726959,0.5311817526817322,2.653549909591675,0.80587238073349,0.06143300607800484,0.3481634855270386,0.5993274450302124,2.140930652618408,0.8297982215881348,0.07647907733917236,0.4184704124927521,0.6782106757164001,2.0419869422912598,0.8730158805847168,0.5671102404594421,0.25023043155670166,0.2744777202606201,0.9174595475196838,2.399019241333008,0.8203866481781006,0.4271481931209564,0.7322540283203125
13,,,,13453,0.6522542238235474,0.10100235044956207,0.5151385068893433,0.4892951250076294,0.8746758699417114,0.00235048308968544,0.0,0.773305356502533,0.9659663438796997,0.703449547290802,0.9641205072402954,0.9681300520896912,0.984565794467926,0.84926438331604,0.0,0.054393038153648376,0.9380456209182739,0.20177391171455383,,,,,,,,,,,,,,,,,,,,,,,,,,,,,,,,,,,,,,,,,,,,,,,,,,,,,,,,,,,,,,,,,,,,,,,,,,,,,,,,,,,,,,,,,,,,,,,,,,
,2e-05,1e-05,1e-05,13454,,,,,,,,,,,,,,,,,,,,,,,,,,,,,,,,,,,,,,,,,,,,,,,,,,,,,,,,,,,,,,,,,,,,,,,,,,,,,,,,,,,,,,,,,,,,,,,,,,,,,,,,,,,,,,,,,,,,
14,,,,14414,,,,,,,,,,,,,,,,,,,0.16711661219596863,0.10358566045761108,0.7244622707366943,0.34736841917037964,0.6664499640464783,0.6238395571708679,0.8585801124572754,0.0,0.3043629825115204,0.16842105984687805,0.9823216795921326,0.8157894611358643,0.9762678742408752,0.9780913591384888,0.9960136413574219,0.9601593613624573,0.3947368562221527,0.16842105984687805,0.6578947305679321,1.9231818914413452,0.8631578683853149,0.13849154114723206,0.32152146100997925,0.6407672166824341,2.0179738998413086,0.864109218120575,0.24099516868591309,0.31971779465675354,0.6331229209899902,2.0344982147216797,0.8741180896759033,0.14085042476654053,0.285876989364624,0.5833333134651184,2.4244203567504883,0.8215641379356384,0.10358566045761108,0.4183267056941986,0.7529880404472351,1.7328953742980957,0.9203187227249146,0.6153444051742554,0.2262822836637497,0.22275030612945557,0.8485884666442871,2.2002031803131104,0.8482103943824768,0.5833333134651184,0.8215641379356384,0.08676876872777939,0.034632034599781036,0.6527240872383118,0.12577833235263824,0.5749771595001221,0.6144139766693115,0.8526901006698608,0.0,0.3075571060180664,0.2737199664115906,0.8090886473655701,0.4346201717853546,0.9292898774147034,0.6415918469429016,0.8402742147445679,0.7575757503509521,0.061021171510219574,0.3300124406814575,0.43586549162864685,3.5378475189208984,0.7384806871414185,0.09143553674221039,0.2970131039619446,0.557756781578064,2.5214221477508545,0.8156049847602844,0.14462509751319885,0.2737199664115906,0.5243873000144958,2.7814557552337646,0.8010191917419434,0.05936368182301521,0.3260475993156433,0.5875582098960876,2.272714138031006,0.8283755779266357,0.034632034599781036,0.37518036365509033,0.6666666865348816,2.1178879737854004,0.8744588494300842,0.5613858699798584,0.2568275034427643,0.2637137770652771,0.8946475982666016,2.50512433052063,0.8165202140808105,0.43586549162864685,0.7384806871414185
14,,,,14414,0.6563331484794617,0.11179941147565842,0.5227387547492981,0.4970894753932953,0.8746323585510254,0.0021937843412160873,0.0,0.7647071480751038,0.9672872424125671,0.7139907479286194,0.9655588865280151,0.9694162011146545,0.9851447343826294,0.8563477396965027,0.0,0.050626423209905624,0.9465412497520447,0.17410574853420258,,,,,,,,,,,,,,,,,,,,,,,,,,,,,,,,,,,,,,,,,,,,,,,,,,,,,,,,,,,,,,,,,,,,,,,,,,,,,,,,,,,,,,,,,,,,,,,,,,
,2e-05,1e-05,1e-05,14415,,,,,,,,,,,,,,,,,,,,,,,,,,,,,,,,,,,,,,,,,,,,,,,,,,,,,,,,,,,,,,,,,,,,,,,,,,,,,,,,,,,,,,,,,,,,,,,,,,,,,,,,,,,,,,,,,,,,
15,,,,15375,,,,,,,,,,,,,,,,,,,0.18714621663093567,0.1434262990951538,0.7260297536849976,0.3526315689086914,0.6641742587089539,0.62235426902771,0.8638952374458313,0.0,0.3029696047306061,0.2894836664199829,0.981537938117981,0.8421052694320679,0.9749674797058105,0.9799479842185974,0.9935459494590759,0.9521912336349487,0.43157893419265747,0.37368419766426086,0.6736842393875122,1.9688866138458252,0.8631578683853149,0.17977893352508545,0.30591678619384766,0.6287386417388916,2.2185068130493164,0.8592327833175659,0.25733381509780884,0.30449312925338745,0.6178982257843018,2.1401941776275635,0.8663200736045837,0.14901290833950043,0.2894836664199829,0.5888382792472839,2.5207362174987793,0.8181473016738892,0.1434262990951538,0.4741035997867584,0.7410358786582947,1.849398136138916,0.9163346886634827,0.6110772490501404,0.24040238559246063,0.2073574960231781,0.7868266701698303,2.3259713649749756,0.843420684337616,0.5888382792472839,0.8181473016738892,0.09676123410463333,0.061021171510219574,0.6532764434814453,0.12453299760818481,0.5704053640365601,0.6180538535118103,0.8561820983886719,0.0,0.30354005098342896,0.2674108147621155,0.8089379668235779,0.4533001184463501,0.9251752495765686,0.6216937899589539,0.8479048013687134,0.8037518262863159,0.061021171510219574,0.39352428913116455,0.4794520437717438,3.4418578147888184,0.7559153437614441,0.1086558997631073,0.29716551303863525,0.5580615401268005,2.7028472423553467,0.8145382404327393,0.15069158375263214,0.2674108147621155,0.5209900736808777,2.9784369468688965,0.7888861894607544,0.06427832692861557,0.31272631883621216,0.5958355069160461,2.336160898208618,0.8301862478256226,0.06493506580591202,0.3708513677120209,0.6507936716079712,2.4360737800598145,0.8585858345031738,0.5651518702507019,0.2635005712509155,0.24919286370277405,0.8378496170043945,2.63759708404541,0.8145116567611694,0.4794520437717438,0.7559153437614441
15,,,,15375,0.6599705219268799,0.12073324620723724,0.5293174386024475,0.504028856754303,0.8747432827949524,0.0022090189158916473,0.0,0.7606140375137329,0.9684682488441467,0.7243204712867737,0.966862142086029,0.9704327583312988,0.9856746792793274,0.8627741932868958,0.0,0.04832983762025833,0.9547767043113708,0.14629250764846802,,,,,,,,,,,,,,,,,,,,,,,,,,,,,,,,,,,,,,,,,,,,,,,,,,,,,,,,,,,,,,,,,,,,,,,,,,,,,,,,,,,,,,,,,,,,,,,,,,
,2e-05,1e-05,1e-05,15376,,,,,,,,,,,,,,,,,,,,,,,,,,,,,,,,,,,,,,,,,,,,,,,,,,,,,,,,,,,,,,,,,,,,,,,,,,,,,,,,,,,,,,,,,,,,,,,,,,,,,,,,,,,,,,,,,,,,
16,,,,16336,,,,,,,,,,,,,,,,,,,0.17303840816020966,0.12350597977638245,0.7272489666938782,0.34736841917037964,0.6524707674980164,0.6587448716163635,0.8547835946083069,0.0039840638637542725,0.3149873614311218,0.303530752658844,0.9802316427230835,0.8421052694320679,0.9704161286354065,0.9788340330123901,0.9950645565986633,0.9282868504524231,0.44736841320991516,0.33157894015312195,0.6526315808296204,1.9336755275726318,0.8684210777282715,0.1586475968360901,0.3286736011505127,0.6287386417388916,2.1723272800445557,0.8650845289230347,0.24173784255981445,0.30709245800971985,0.6186408996582031,2.2940871715545654,0.8588934540748596,0.13895216584205627,0.303530752658844,0.583523154258728,2.5543904304504395,0.8192862272262573,0.12350597977638245,0.45418328046798706,0.737051784992218,1.8096458911895752,0.9203187227249146,0.6083775758743286,0.24330219626426697,0.2008812129497528,0.7836357355117798,2.363813638687134,0.8439432382583618,0.583523154258728,0.8192862272262573,0.09108711779117584,0.03896103799343109,0.6576952338218689,0.12702366709709167,0.5597378611564636,0.6619752645492554,0.852948784828186,0.0,0.3178006410598755,0.27930113673210144,0.8151644468307495,0.47820672392845154,0.9242609143257141,0.6483862996101379,0.85191410779953,0.7590187788009644,0.09090909361839294,0.3798256516456604,0.47447073459625244,3.7155051231384277,0.7559153437614441,0.0992075577378273,0.3095093071460724,0.5550137162208557,2.7219996452331543,0.8128619194030762,0.15700073540210724,0.27930113673210144,0.5246299505233765,3.127469062805176,0.7917981147766113,0.05354371294379234,0.3327728807926178,0.5940248370170593,2.392775535583496,0.8252716064453125,0.03896103799343109,0.38528138399124146,0.6536796689033508,2.284301519393921,0.8542568683624268,0.5640974044799805,0.2699090242385864,0.24221588671207428,0.8073230981826782,2.702460289001465,0.8125031590461731,0.47447073459625244,0.7559153437614441
16,,,,16336,0.6632916927337646,0.1290622502565384,0.5351418256759644,0.5106472969055176,0.8748023509979248,0.00222246116027236,0.0,0.7556559443473816,0.9695600271224976,0.7341786026954651,0.9680569767951965,0.9714222550392151,0.9861574769020081,0.8681578636169434,0.0,0.04573431238532066,0.9604361057281494,0.1282309591770172,,,,,,,,,,,,,,,,,,,,,,,,,,,,,,,,,,,,,,,,,,,,,,,,,,,,,,,,,,,,,,,,,,,,,,,,,,,,,,,,,,,,,,,,,,,,,,,,,,
,2e-05,1e-05,1e-05,16337,,,,,,,,,,,,,,,,,,,,,,,,,,,,,,,,,,,,,,,,,,,,,,,,,,,,,,,,,,,,,,,,,,,,,,,,,,,,,,,,,,,,,,,,,,,,,,,,,,,,,,,,,,,,,,,,,,,,
17,,,,17297,,,,,,,,,,,,,,,,,,,0.18531742691993713,0.09960159659385681,0.7256814241409302,0.3526315689086914,0.6495448350906372,0.6264389157295227,0.8695899844169617,0.0,0.3176870048046112,0.30239179730415344,0.9822345972061157,0.8315789699554443,0.9743173122406006,0.9825473427772522,0.9948747158050537,0.9442231059074402,0.41578948497772217,0.3368421196937561,0.678947389125824,2.076124429702759,0.878947377204895,0.14726917445659637,0.32769832015037537,0.6342653036117554,2.2313952445983887,0.8660598397254944,0.2510211765766144,0.3178611099720001,0.6338655948638916,2.2030117511749268,0.8748607635498047,0.16989369690418243,0.30239179730415344,0.5878891348838806,2.6359915733337402,0.8202353715896606,0.09960159659385681,0.4940239191055298,0.7689242959022522,1.7158074378967285,0.9203187227249146,0.616563618183136,0.2474302351474762,0.18062090873718262,0.7352197766304016,2.3960177898406982,0.8485587239265442,0.5878891348838806,0.8202353715896606,0.09314586967229843,0.06782107055187225,0.6598041653633118,0.1282689869403839,0.5740627646446228,0.6248483657836914,0.8658820390701294,0.0,0.3173487186431885,0.28973549604415894,0.8180768489837646,0.5006226897239685,0.9291374683380127,0.6423197984695435,0.8552767634391785,0.7691197395324707,0.06849315017461777,0.3611457049846649,0.5006226897239685,3.5773866176605225,0.7745952606201172,0.08686376363039017,0.3092045187950134,0.5542517304420471,2.766805648803711,0.8157573938369751,0.15554477274417877,0.28973549604415894,0.5297257900238037,3.0998568534851074,0.8036884069442749,0.07009829580783844,0.3257889151573181,0.600491464138031,2.453956365585327,0.8274702429771423,0.06782107055187225,0.4126984179019928,0.6580086350440979,2.4610962867736816,0.8614718317985535,0.5685663819313049,0.27461594343185425,0.21925197541713715,0.768963634967804,2.7359418869018555,0.817775547504425,0.5006226897239685,0.7745952606201172
17,,,,17297,0.666384756565094,0.13650090992450714,0.5406315922737122,0.5167829990386963,0.8748484253883362,0.0022005552891641855,0.0,0.7487605810165405,0.9705572724342346,0.7432223558425903,0.9691084027290344,0.9723267555236816,0.9865913987159729,0.8736881017684937,0.0,0.04307326301932335,0.9624657034873962,0.11713477969169617,,,,,,,,,,,,,,,,,,,,,,,,,,,,,,,,,,,,,,,,,,,,,,,,,,,,,,,,,,,,,,,,,,,,,,,,,,,,,,,,,,,,,,,,,,,,,,,,,,
,2e-05,1e-05,1e-05,17298,,,,,,,,,,,,,,,,,,,,,,,,,,,,,,,,,,,,,,,,,,,,,,,,,,,,,,,,,,,,,,,,,,,,,,,,,,,,,,,,,,,,,,,,,,,,,,,,,,,,,,,,,,,,,,,,,,,,
18,,,,18258,,,,,,,,,,,,,,,,,,,0.16537490487098694,0.1155378520488739,0.7253330945968628,0.34736841917037964,0.6459687948226929,0.6420348882675171,0.862946093082428,0.0039840638637542725,0.3094139099121094,0.2946089506149292,0.9792737364768982,0.8263157606124878,0.9678153395652771,0.9855180382728577,0.9933561086654663,0.892430305480957,0.42105263471603394,0.34210526943206787,0.6947368383407593,2.1227707862854004,0.8473684191703796,0.16449934244155884,0.3192457854747772,0.6352405548095703,2.309453010559082,0.8654096126556396,0.23765318095684052,0.3104344606399536,0.6245822310447693,2.236299991607666,0.875603437423706,0.12224753201007843,0.2946089506149292,0.5941534042358398,2.8406150341033936,0.8238420486450195,0.1155378520488739,0.45816734433174133,0.7490040063858032,1.933895468711853,0.912350594997406,0.6174344420433044,0.2535421848297119,0.16987664997577667,0.6833192110061646,2.524151563644409,0.8495166897773743,0.5941534042358398,0.8238420486450195,0.09545568376779556,0.05095706135034561,0.6567411422729492,0.12453299760818481,0.5591283440589905,0.6345547437667847,0.8658820390701294,0.0,0.3029876947402954,0.2654695510864258,0.816218912601471,0.449564129114151,0.9315757155418396,0.6432904601097107,0.8613554239273071,0.6782106757164001,0.05853050947189331,0.3524284064769745,0.4694894254207611,3.988513231277466,0.7409713864326477,0.12176165729761124,0.3024992346763611,0.5542517304420471,2.9307727813720703,0.8134714961051941,0.1497209370136261,0.2654695510864258,0.5314244031906128,3.227219820022583,0.7956806421279907,0.05095706135034561,0.31156232953071594,0.5954474806785583,2.6221117973327637,0.8272115588188171,0.0634920671582222,0.37662336230278015,0.6421356201171875,2.701915740966797,0.8484848737716675,0.5652021169662476,0.2858544588088989,0.20215031504631042,0.7214371562004089,2.9064550399780273,0.813457190990448,0.4694894254207611,0.7409713864326477
18,,,,18258,0.6691940426826477,0.14345598220825195,0.5456915497779846,0.5223408341407776,0.8748337030410767,0.0024054651148617268,0.0,0.7451352477073669,0.9714680314064026,0.751214325428009,0.9700767993927002,0.9731537103652954,0.987015962600708,0.8782834410667419,0.0,0.04231574386358261,0.9682031869888306,0.1004362478852272,,,,,,,,,,,,,,,,,,,,,,,,,,,,,,,,,,,,,,,,,,,,,,,,,,,,,,,,,,,,,,,,,,,,,,,,,,,,,,,,,,,,,,,,,,,,,,,,,,
,2e-05,1e-05,1e-05,18259,,,,,,,,,,,,,,,,,,,,,,,,,,,,,,,,,,,,,,,,,,,,,,,,,,,,,,,,,,,,,,,,,,,,,,,,,,,,,,,,,,,,,,,,,,,,,,,,,,,,,,,,,,,,,,,,,,,,
19,,,,19219,,,,,,,,,,,,,,,,,,,0.17843769490718842,0.12350597977638245,0.7321257591247559,0.34736841917037964,0.677178144454956,0.6405496001243591,0.8599088788032532,0.011952191591262817,0.3095009922981262,0.2526315748691559,0.9830183982849121,0.8421052694320679,0.977243185043335,0.9810619950294495,0.9944950938224792,0.9601593613624573,0.4578947424888611,0.2526315748691559,0.678947389125824,2.068812608718872,0.8894736766815186,0.16807542741298676,0.3039661943912506,0.6287386417388916,2.277418851852417,0.8706111907958984,0.24507983028888702,0.313033789396286,0.6208689212799072,2.393413543701172,0.8692907691001892,0.14312832057476044,0.30599847435951233,0.5886484384536743,2.7487082481384277,0.8232725858688354,0.12350597977638245,0.4501992166042328,0.7529880404472351,1.8114620447158813,0.9083665609359741,0.6120351552963257,0.25632572174072266,0.17260009050369263,0.6951279640197754,2.506706953048706,0.8497779369354248,0.5886484384536743,0.8232725858688354,0.0919407457113266,0.05050504952669144,0.6639216542243958,0.12577833235263824,0.5880829095840454,0.6326134204864502,0.8604500889778137,0.0028860028833150864,0.31569167971611023,0.28172773122787476,0.8186291456222534,0.4757160544395447,0.9396525621414185,0.6136860251426697,0.8620020747184753,0.8095238208770752,0.07845579087734222,0.34744706749916077,0.4570361077785492,4.012208938598633,0.7347447276115417,0.09829320013523102,0.3006705343723297,0.5512039065361023,2.9516661167144775,0.8049375414848328,0.14171317219734192,0.28172773122787476,0.5197767615318298,3.3521342277526855,0.784518301486969,0.06518365442752838,0.33639422059059143,0.6028194427490234,2.5136220455169678,0.8303155899047852,0.05050504952669144,0.39249640703201294,0.6623376607894897,2.465701103210449,0.8585858345031738,0.564900815486908,0.28484222292900085,0.20478712022304535,0.725069522857666,2.8897705078125,0.8096410036087036,0.4570361077785492,0.7347447276115417
19,,,,19219,0.6718317270278931,0.14949430525302887,0.5503265857696533,0.5277612209320068,0.874804675579071,0.0026812918949872255,0.0,0.7404606342315674,0.9723150134086609,0.7589127421379089,0.9709912538528442,0.9739092588424683,0.9873908758163452,0.8826934695243835,0.0,0.03947051241993904,0.9710914492607117,0.0900178775191307,,,,,,,,,,,,,,,,,,,,,,,,,,,,,,,,,,,,,,,,,,,,,,,,,,,,,,,,,,,,,,,,,,,,,,,,,,,,,,,,,,,,,,,,,,,,,,,,,,
,2e-05,1e-05,1e-05,19220,,,,,,,,,,,,,,,,,,,,,,,,,,,,,,,,,,,,,,,,,,,,,,,,,,,,,,,,,,,,,,,,,,,,,,,,,,,,,,,,,,,,,,,,,,,,,,,,,,,,,,,,,,,,,,,,,,,,
20,,,,20180,,,,,,,,,,,,,,,,,,,0.17269006371498108,0.13545817136764526,0.7302969694137573,0.34736841917037964,0.6326397657394409,0.6576309204101562,0.8737661242485046,0.0,0.29922494292259216,0.28543561697006226,0.9841504693031311,0.8421052694320679,0.9765929579734802,0.9855180382728577,0.9952543377876282,0.9561753273010254,0.4368421137332916,0.30000001192092896,0.6947368383407593,2.1733968257904053,0.8736842274665833,0.1508452594280243,0.28543561697006226,0.6261378526687622,2.3289196491241455,0.8706111907958984,0.2528778314590454,0.3186037838459015,0.6256962418556213,2.4407527446746826,0.8718900680541992,0.1368640810251236,0.288534551858902,0.591116189956665,2.8015518188476562,0.8202353715896606,0.13545817136764526,0.4780876636505127,0.7410358786582947,1.8996498584747314,0.912350594997406,0.6136026978492737,0.2582166790962219,0.17113931477069855,0.6618348360061646,2.5594654083251953,0.8488199710845947,0.591116189956665,0.8202353715896606,0.08626663684844971,0.05147439241409302,0.6585488319396973,0.12577833235263824,0.5452606081962585,0.65760737657547,0.8693740367889404,0.005772005766630173,0.2989204227924347,0.277845174074173,0.8207381367683411,0.4993773400783539,0.9260895848274231,0.6554234623908997,0.8577340841293335,0.7705627679824829,0.06849315017461777,0.36986300349235535,0.5056039690971375,3.970426082611084,0.7521793246269226,0.09158793091773987,0.2825358211994171,0.5495275855064392,3.004807949066162,0.8067662119865417,0.1499636024236679,0.277845174074173,0.5355496406555176,3.335662603378296,0.7995632290840149,0.05147439241409302,0.3096223473548889,0.5953181385993958,2.5766549110412598,0.8266942501068115,0.06637806445360184,0.37662336230278015,0.6464646458625793,2.547524929046631,0.8585858345031738,0.5661059617996216,0.2867644131183624,0.19985739886760712,0.7143818140029907,2.929490804672241,0.8126537799835205,0.5056039690971375,0.7521793246269226
20,,,,20180,0.6742832064628601,0.15480706095695496,0.5548267364501953,0.5325530767440796,0.8748016953468323,0.002930849324911833,0.0,0.7341968417167664,0.9731197953224182,0.7659984230995178,0.9718731045722961,0.9746596813201904,0.9877409934997559,0.8867124915122986,0.0,0.037356793880462646,0.9717159271240234,0.08715712279081345,,,,,,,,,,,,,,,,,,,,,,,,,,,,,,,,,,,,,,,,,,,,,,,,,,,,,,,,,,,,,,,,,,,,,,,,,,,,,,,,,,,,,,,,,,,,,,,,,,
,2e-05,1e-05,1e-05,20181,,,,,,,,,,,,,,,,,,,,,,,,,,,,,,,,,,,,,,,,,,,,,,,,,,,,,,,,,,,,,,,,,,,,,,,,,,,,,,,,,,,,,,,,,,,,,,,,,,,,,,,,,,,,,,,,,,,,
21,,,,21141,,,,,,,,,,,,,,,,,,,0.20099277794361115,0.14741036295890808,0.7342157959938049,0.34736841917037964,0.6742522716522217,0.6620869040489197,0.8555428981781006,0.0039840638637542725,0.31446486711502075,0.27368420362472534,0.9831925630569458,0.8473684191703796,0.981144368648529,0.9803193211555481,0.9927866458892822,0.9601593613624573,0.4000000059604645,0.27368420362472534,0.678947389125824,2.230041980743408,0.8578947186470032,0.1700260043144226,0.3156697154045105,0.636540949344635,2.4183120727539062,0.868010401725769,0.2662458121776581,0.31229111552238464,0.6216115951538086,2.394268035888672,0.8629781007766724,0.18128322064876556,0.30770692229270935,0.5983295440673828,2.8491618633270264,0.8246013522148132,0.14741036295890808,0.4900398552417755,0.7529880404472351,1.9445134401321411,0.9163346886634827,0.6188278198242188,0.2609747052192688,0.15400275588035583,0.6492515206336975,2.5961124897003174,0.8478620648384094,0.5983295440673828,0.8246013522148132,0.10399196296930313,0.061021171510219574,0.6646246314048767,0.12577833235263824,0.5911307334899902,0.6447464227676392,0.8526901006698608,0.008658008649945259,0.3190057873725891,0.2788158357143402,0.8119005560874939,0.4931506812572479,0.9350807666778564,0.6517835259437561,0.8261769413948059,0.8124098181724548,0.061021171510219574,0.34246575832366943,0.48318803310394287,3.8694851398468018,0.7471979856491089,0.11536116898059845,0.2991465926170349,0.5580615401268005,3.1076905727386475,0.8006705045700073,0.1395292431116104,0.2788158357143402,0.513952910900116,3.485227346420288,0.7801504731178284,0.0834195539355278,0.34544748067855835,0.6028194427490234,2.6362361907958984,0.8348422050476074,0.06493506580591202,0.42279940843582153,0.663780689239502,2.6277172565460205,0.8571428656578064,0.5670098066329956,0.2913267910480499,0.17918510735034943,0.6960573196411133,3.0162854194641113,0.8095405697822571,0.48318803310394287,0.7471979856491089
21,,,,21141,0.6766259670257568,0.15960809588432312,0.5590391159057617,0.5371620059013367,0.874855101108551,0.00304692261852324,0.0,0.728351354598999,0.9738826751708984,0.7730720639228821,0.9726921916007996,0.9753648638725281,0.9880736470222473,0.8904492855072021,0.0,0.03580522537231445,0.9755929112434387,0.07628417760133743,,,,,,,,,,,,,,,,,,,,,,,,,,,,,,,,,,,,,,,,,,,,,,,,,,,,,,,,,,,,,,,,,,,,,,,,,,,,,,,,,,,,,,,,,,,,,,,,,,
,2e-05,1e-05,1e-05,21142,,,,,,,,,,,,,,,,,,,,,,,,,,,,,,,,,,,,,,,,,,,,,,,,,,,,,,,,,,,,,,,,,,,,,,,,,,,,,,,,,,,,,,,,,,,,,,,,,,,,,,,,,,,,,,,,,,,,
22,,,,22102,,,,,,,,,,,,,,,,,,,0.20473743975162506,0.15537849068641663,0.7372637987136841,0.34736841917037964,0.6736021041870117,0.6732268929481506,0.8566818237304688,0.007968127727508545,0.3073238730430603,0.2684210538864136,0.9832796454429626,0.8631578683853149,0.9752925634384155,0.9884886741638184,0.9922171831130981,0.9482071995735168,0.4578947424888611,0.2684210538864136,0.6894736886024475,2.674851417541504,0.8578947186470032,0.18790636956691742,0.3013654053211212,0.6371911764144897,2.4556849002838135,0.8569570779800415,0.2629038393497467,0.30969178676605225,0.6297808885574341,2.507338285446167,0.8715187311172485,0.17824600636959076,0.3033409118652344,0.5987091660499573,2.920811891555786,0.8238420486450195,0.15537849068641663,0.4621514081954956,0.7410358786582947,2.3114051818847656,0.8964143395423889,0.6210920214653015,0.25958314538002014,0.15410156548023224,0.6294281482696533,2.680633544921875,0.8461203575134277,0.5987091660499573,0.8238420486450195,0.11544062197208405,0.06637806445360184,0.6649259328842163,0.12577833235263824,0.5848826766014099,0.6600340008735657,0.8506208062171936,0.008658008649945259,0.3113733232021332,0.2722640037536621,0.8149133920669556,0.4931506812572479,0.9230417609214783,0.6590633392333984,0.8414381742477417,0.7994228005409241,0.08343710750341415,0.35118305683135986,0.503113329410553,3.971787214279175,0.7534246444702148,0.11764705926179886,0.2928985059261322,0.5516610741615295,3.2181506156921387,0.7999085783958435,0.16330987215042114,0.2722640037536621,0.5372482538223267,3.367344617843628,0.8068429827690125,0.09583549201488495,0.33665287494659424,0.6109673976898193,2.716217517852783,0.8313502073287964,0.06637806445360184,0.3896103799343109,0.6724386811256409,2.7657041549682617,0.8556998372077942,0.5739894509315491,0.291522353887558,0.1764148771762848,0.6585121154785156,3.0683040618896484,0.8136580586433411,0.503113329410553,0.7534246444702148
22,,,,22102,0.6788549423217773,0.16418403387069702,0.563067615032196,0.5414946675300598,0.8749001026153564,0.0035768221132457256,0.0,0.7249312996864319,0.9746267795562744,0.7797504663467407,0.9734917879104614,0.9760746359825134,0.988399863243103,0.8939670920372009,0.0020703934133052826,0.033295560628175735,0.9765686988830566,0.0704006627202034,,,,,,,,,,,,,,,,,,,,,,,,,,,,,,,,,,,,,,,,,,,,,,,,,,,,,,,,,,,,,,,,,,,,,,,,,,,,,,,,,,,,,,,,,,,,,,,,,,
,2e-05,1e-05,1e-05,22103,,,,,,,,,,,,,,,,,,,,,,,,,,,,,,,,,,,,,,,,,,,,,,,,,,,,,,,,,,,,,,,,,,,,,,,,,,,,,,,,,,,,,,,,,,,,,,,,,,,,,,,,,,,,,,,,,,,,
23,,,,23063,,,,,,,,,,,,,,,,,,,0.1867978721857071,0.131474107503891,0.7383087873458862,0.3526315689086914,0.6866059899330139,0.6568882465362549,0.8589597344398499,0.019920319318771362,0.3004441261291504,0.291761577129364,0.9839763045310974,0.8526315689086914,0.97691810131073,0.9829186797142029,0.9954441785812378,0.9601593613624573,0.41578948497772217,0.31578946113586426,0.6947368383407593,2.475358724594116,0.878947377204895,0.17457737028598785,0.30721715092658997,0.636540949344635,2.359682559967041,0.8751625418663025,0.24396583437919617,0.29966580867767334,0.6230969429016113,2.517188787460327,0.8752321004867554,0.159263476729393,0.291761577129364,0.5865603685379028,2.9079058170318604,0.8198557496070862,0.131474107503891,0.3904382586479187,0.7490040063858032,2.016599178314209,0.9282868504524231,0.6140381693840027,0.26578623056411743,0.14128635823726654,0.6468169093132019,2.6415822505950928,0.8510842323303223,0.5865603685379028,0.8198557496070862,0.10112980008125305,0.059163060039281845,0.6676876544952393,0.12702366709709167,0.5946357846260071,0.6437757611274719,0.8578634262084961,0.010101010091602802,0.30509665608406067,0.2591603994369507,0.8045694231987,0.4645080864429474,0.9382809996604919,0.6136860251426697,0.8305742144584656,0.7821067571640015,0.07222913950681686,0.34620174765586853,0.4458281397819519,4.517724514007568,0.7235367298126221,0.11993294954299927,0.29030781984329224,0.5572996139526367,3.099679708480835,0.8134714961051941,0.14923562109470367,0.2591603994369507,0.5178354978561401,3.5397675037384033,0.7854889631271362,0.0663476437330246,0.3313502371311188,0.600491464138031,2.67558217048645,0.836394190788269,0.059163060039281845,0.37662336230278015,0.6666666865348816,2.6729495525360107,0.8658008575439453,0.5652523040771484,0.296957790851593,0.1748669594526291,0.6694351434707642,3.0679047107696533,0.814812958240509,0.4458281397819519,0.7235367298126221
23,,,,23063,0.6808710694313049,0.16832596063613892,0.5668120980262756,0.5453796982765198,0.8748934864997864,0.004138736519962549,0.0,0.7231900095939636,0.9752936959266663,0.7861883640289307,0.9742109179496765,0.9766854643821716,0.9886833429336548,0.8971155881881714,0.003968254197388887,0.03260451555252075,0.9774273633956909,0.07034432142972946,,,,,,,,,,,,,,,,,,,,,,,,,,,,,,,,,,,,,,,,,,,,,,,,,,,,,,,,,,,,,,,,,,,,,,,,,,,,,,,,,,,,,,,,,,,,,,,,,,
,2e-05,1e-05,1e-05,23064,,,,,,,,,,,,,,,,,,,,,,,,,,,,,,,,,,,,,,,,,,,,,,,,,,,,,,,,,,,,,,,,,,,,,,,,,,,,,,,,,,,,,,,,,,,,,,,,,,,,,,,,,,,,,,,,,,,,
24,,,,24024,,,,,,,,,,,,,,,,,,,0.1880170702934265,0.14741036295890808,0.73944091796875,0.3526315689086914,0.6618985533714294,0.6557742357254028,0.8758541941642761,0.03187251091003418,0.29312896728515625,0.24736842513084412,0.9850213527679443,0.8894736766815186,0.9808192253112793,0.9825473427772522,0.9943052530288696,0.9601593613624573,0.41578948497772217,0.24736842513084412,0.6736842393875122,2.5674479007720947,0.8578947186470032,0.1713263988494873,0.30234071612358093,0.6388166546821594,2.521388053894043,0.8618335723876953,0.23988117277622223,0.28666913509368896,0.62495356798172,2.5196640491485596,0.8692907691001892,0.165148064494133,0.2864464819431305,0.5888382792472839,3.0708975791931152,0.8219438195228577,0.14741036295890808,0.4183267056941986,0.7410358786582947,2.221095561981201,0.9203187227249146,0.6154314875602722,0.2692035138607025,0.14369907975196838,0.6126376986503601,2.766555070877075,0.846555769443512,0.5888382792472839,0.8219438195228577,0.1007280945777893,0.06724782288074493,0.6713030338287354,0.12702366709709167,0.581987202167511,0.6486289501190186,0.8741593360900879,0.02308802306652069,0.2962088882923126,0.24848337471485138,0.7965855002403259,0.5267745852470398,0.9224321842193604,0.6000970602035522,0.8193222880363464,0.8369408249855042,0.06724782288074493,0.3337484300136566,0.4545454680919647,4.770768642425537,0.6998754739761353,0.10667479783296585,0.2872599959373474,0.5533373951911926,3.300992965698242,0.8078329563140869,0.14802232384681702,0.24848337471485138,0.5178354978561401,3.7182397842407227,0.7854889631271362,0.07565959542989731,0.31971028447151184,0.5971288084983826,2.845614433288574,0.8277289271354675,0.08225107938051224,0.3578643500804901,0.6666666865348816,2.81042218208313,0.8614718317985535,0.5629926919937134,0.3026546835899353,0.17788687348365784,0.6359756588935852,3.2521979808807373,0.8084860444068909,0.4545454680919647,0.6998754739761353
24,,,,24024,0.6829028129577637,0.1724146604537964,0.5705602169036865,0.5492076873779297,0.8749379515647888,0.004972577560693026,0.0,0.7160727381706238,0.9759145379066467,0.7919342517852783,0.9748839139938354,0.9772542119026184,0.9889441728591919,0.9002802968025208,0.006666666828095913,0.03240672126412392,0.9802115559577942,0.061968810856342316,,,,,,,,,,,,,,,,,,,,,,,,,,,,,,,,,,,,,,,,,,,,,,,,,,,,,,,,,,,,,,,,,,,,,,,,,,,,,,,,,,,,,,,,,,,,,,,,,,
,2e-05,1e-05,1e-05,24025,,,,,,,,,,,,,,,,,,,,,,,,,,,,,,,,,,,,,,,,,,,,,,,,,,,,,,,,,,,,,,,,,,,,,,,,,,,,,,,,,,,,,,,,,,,,,,,,,,,,,,,,,,,,,,,,,,,,
25,,,,24985,,,,,,,,,,,,,,,,,,,0.20099277794361115,0.1593625545501709,0.7410955429077148,0.3526315689086914,0.6940832138061523,0.6576309204101562,0.8593394160270691,0.039840638637542725,0.305146723985672,0.28421053290367126,0.9844117164611816,0.8315789699554443,0.9827698469161987,0.9840326905250549,0.99411541223526,0.9402390718460083,0.4368421137332916,0.28421053290367126,0.6894736886024475,2.4484314918518066,0.8894736766815186,0.1804291307926178,0.3179453909397125,0.6430429220199585,2.519010543823242,0.8719115853309631,0.2777571380138397,0.30412179231643677,0.6271815896034241,2.598569631576538,0.8670627474784851,0.16723614931106567,0.29290053248405457,0.5960516333580017,3.1281933784484863,0.8177676796913147,0.1593625545501709,0.42629483342170715,0.7211155295372009,2.429980993270874,0.9083665609359741,0.6203082799911499,0.2667320966720581,0.14242833852767944,0.597424328327179,2.8134336471557617,0.847078263759613,0.5960516333580017,0.8177676796913147,0.11117248237133026,0.07098381221294403,0.6727592349052429,0.1282689869403839,0.6071319580078125,0.6447464227676392,0.8587687611579895,0.020202020183205605,0.30841073393821716,0.2632856070995331,0.8086869120597839,0.4570361077785492,0.9440719485282898,0.6677990555763245,0.8088463544845581,0.7748917937278748,0.07098381221294403,0.35491904616355896,0.4645080864429474,4.4653449058532715,0.7285180687904358,0.12404754757881165,0.3017372786998749,0.5630905032157898,3.293034315109253,0.8047851324081421,0.16913370788097382,0.2632856070995331,0.518563449382782,3.5958588123321533,0.789614200592041,0.07669425755739212,0.32772892713546753,0.6030781269073486,2.8668105602264404,0.8321262001991272,0.07647907733917236,0.36940836906433105,0.6608946323394775,2.8707032203674316,0.8528138399124146,0.5688174962997437,0.299530565738678,0.17163632810115814,0.6336652040481567,3.222243070602417,0.8108963370323181,0.4645080864429474,0.7285180687904358
25,,,,24985,0.6847953200340271,0.17631042003631592,0.57408607006073,0.5526505708694458,0.8750132322311401,0.005836028605699539,0.0,0.7110411524772644,0.9765191674232483,0.7972624897956848,0.9755491614341736,0.9777964353561401,0.9892202615737915,0.9031313061714172,0.01007326040416956,0.030019620433449745,0.9791316986083984,0.06238221377134323,,,,,,,,,,,,,,,,,,,,,,,,,,,,,,,,,,,,,,,,,,,,,,,,,,,,,,,,,,,,,,,,,,,,,,,,,,,,,,,,,,,,,,,,,,,,,,,,,,
,2e-05,1e-05,1e-05,24986,,,,,,,,,,,,,,,,,,,,,,,,,,,,,,,,,,,,,,,,,,,,,,,,,,,,,,,,,,,,,,,,,,,,,,,,,,,,,,,,,,,,,,,,,,,,,,,,,,,,,,,,,,,,,,,,,,,,
26,,,,25946,,,,,,,,,,,,,,,,,,,0.1860141009092331,0.13545817136764526,0.7424018383026123,0.34736841917037964,0.7012353539466858,0.6502042412757874,0.8625664114952087,0.027888447046279907,0.2879909574985504,0.18421052396297455,0.9852825999259949,0.8736842274665833,0.9804941415786743,0.9832900166511536,0.9946848750114441,0.9721115827560425,0.41578948497772217,0.18421052396297455,0.6894736886024475,2.477179765701294,0.8736842274665833,0.1521456390619278,0.2951885461807251,0.631664514541626,2.5346128940582275,0.8702861070632935,0.24990716576576233,0.29186779260635376,0.6212402582168579,2.725163459777832,0.8670627474784851,0.1674259752035141,0.2788534462451935,0.5939635634422302,3.1580235958099365,0.817008376121521,0.13545817136764526,0.4183267056941986,0.7290836572647095,2.394666910171509,0.9083665609359741,0.6150831580162048,0.273120254278183,0.13882532715797424,0.5882262587547302,2.8602776527404785,0.8460332751274109,0.5939635634422302,0.817008376121521,0.09374842792749405,0.06841696798801422,0.6762239336967468,0.12577833235263824,0.6162755489349365,0.6435331106185913,0.8613554239273071,0.014430014416575432,0.2891789972782135,0.24848337471485138,0.8239015936851501,0.5068492889404297,0.923194169998169,0.6724095940589905,0.8512674570083618,0.8513708710670471,0.0697384774684906,0.3250311315059662,0.4308841824531555,4.322292804718018,0.7347447276115417,0.09219750016927719,0.27583053708076477,0.5487655997276306,3.319380760192871,0.8124047517776489,0.15117689967155457,0.24848337471485138,0.5168648362159729,3.6664392948150635,0.7910701036453247,0.06841696798801422,0.31272631883621216,0.6035954356193542,2.8679726123809814,0.8301862478256226,0.07792207598686218,0.35209235548973083,0.6580086350440979,3.001800298690796,0.8614718317985535,0.5625407695770264,0.3070012331008911,0.16933484375476837,0.6204471588134766,3.2447385787963867,0.8135073781013489,0.4308841824531555,0.7347447276115417
26,,,,25946,0.6865447759628296,0.17980054020881653,0.5773013234138489,0.5560567378997803,0.8750191330909729,0.006229264196008444,0.0,0.7097507119178772,0.977084755897522,0.802594006061554,0.9761368632316589,0.9783193469047546,0.9894705414772034,0.9058839678764343,0.014109347015619278,0.02800501324236393,0.9810051918029785,0.056271787732839584,,,,,,,,,,,,,,,,,,,,,,,,,,,,,,,,,,,,,,,,,,,,,,,,,,,,,,,,,,,,,,,,,,,,,,,,,,,,,,,,,,,,,,,,,,,,,,,,,,
,2e-05,1e-05,1e-05,25947,,,,,,,,,,,,,,,,,,,,,,,,,,,,,,,,,,,,,,,,,,,,,,,,,,,,,,,,,,,,,,,,,,,,,,,,,,,,,,,,,,,,,,,,,,,,,,,,,,,,,,,,,,,,,,,,,,,,
27,,,,26907,,,,,,,,,,,,,,,,,,,0.19254550337791443,0.12350597977638245,0.742140531539917,0.34736841917037964,0.6853055953979492,0.6721128821372986,0.8595292568206787,0.039840638637542725,0.2856396436691284,0.21052631735801697,0.9854567646980286,0.8842105269432068,0.9824447631835938,0.9799479842185974,0.9954441785812378,0.9681274890899658,0.43157893419265747,0.21052631735801697,0.699999988079071,2.3965718746185303,0.8842105269432068,0.1573472023010254,0.2860858142375946,0.631339430809021,2.621107816696167,0.8670350909233093,0.25733381509780884,0.2688451409339905,0.6219829320907593,2.6704483032226562,0.8704047799110413,0.1748291552066803,0.2902429699897766,0.5899772047996521,3.0776360034942627,0.8219438195228577,0.12350597977638245,0.41434264183044434,0.7569721341133118,2.2009685039520264,0.9043824672698975,0.6141252517700195,0.27226248383522034,0.14577549695968628,0.5859515070915222,2.8282973766326904,0.8482974767684937,0.5899772047996521,0.8219438195228577,0.11112227290868759,0.05728518217802048,0.6741651892662048,0.12702366709709167,0.5982931852340698,0.666828453540802,0.8585100769996643,0.017316017299890518,0.2910871207714081,0.23999029397964478,0.8078835010528564,0.48692402243614197,0.9408716559410095,0.6265469789505005,0.8241075873374939,0.822510838508606,0.05728518217802048,0.30012452602386475,0.4346201717853546,4.901618957519531,0.7023661136627197,0.11155135929584503,0.2723255157470703,0.557147204875946,3.3790175914764404,0.8114904165267944,0.14389711618423462,0.23999029397964478,0.5178354978561401,3.864062547683716,0.7811210751533508,0.10217279195785522,0.32708224654197693,0.6066994071006775,2.8691136837005615,0.8378168940544128,0.07503607869148254,0.35930734872817993,0.6695526838302612,2.7821450233459473,0.8658008575439453,0.5672608613967896,0.30594897270202637,0.16388250887393951,0.6039884686470032,3.321481466293335,0.8129550814628601,0.4346201717853546,0.7023661136627197
27,,,,26907,0.688264012336731,0.18295106291770935,0.5805882811546326,0.559307873249054,0.874992847442627,0.006986158434301615,0.0,0.7078158855438232,0.9776392579078674,0.8077479004859924,0.9767183661460876,0.9788269400596619,0.9897214770317078,0.9084835052490234,0.01955782249569893,0.026916515082120895,0.9818898439407349,0.056445859372615814,,,,,,,,,,,,,,,,,,,,,,,,,,,,,,,,,,,,,,,,,,,,,,,,,,,,,,,,,,,,,,,,,,,,,,,,,,,,,,,,,,,,,,,,,,,,,,,,,,
,2e-05,1e-05,1e-05,26908,,,,,,,,,,,,,,,,,,,,,,,,,,,,,,,,,,,,,,,,,,,,,,,,,,,,,,,,,,,,,,,,,,,,,,,,,,,,,,,,,,,,,,,,,,,,,,,,,,,,,,,,,,,,,,,,,,,,
28,,,,27868,,,,,,,,,,,,,,,,,,,0.19611600041389465,0.15537849068641663,0.7444047927856445,0.3526315689086914,0.7096878886222839,0.6431488990783691,0.8638952374458313,0.05976095795631409,0.2894713878631592,0.21052631735801697,0.9843246340751648,0.8526315689086914,0.97691810131073,0.9844040274620056,0.995823860168457,0.9521912336349487,0.4263157844543457,0.21052631735801697,0.6894736886024475,2.4217681884765625,0.878947377204895,0.1752275675535202,0.30234071612358093,0.6371911764144897,2.578857660293579,0.8780884146690369,0.24433717131614685,0.2855551540851593,0.6401782631874084,2.5790646076202393,0.8778313994407654,0.17748671770095825,0.2818906605243683,0.5949127078056335,3.159750461578369,0.8225132822990417,0.15537849068641663,0.38645419478416443,0.7689242959022522,2.1865320205688477,0.9043824672698975,0.6223112344741821,0.27033188939094543,0.132305309176445,0.5693967342376709,2.833277702331543,0.8531742691993713,0.5949127078056335,0.8225132822990417,0.11036907136440277,0.06475716084241867,0.6792367696762085,0.12702366709709167,0.6237427592277527,0.6343120336532593,0.866011381149292,0.0317460335791111,0.2948531210422516,0.2535792291164398,0.8329399824142456,0.48941469192504883,0.9260895848274231,0.659305989742279,0.8859286308288574,0.7950937747955322,0.06475716084241867,0.3250311315059662,0.4719800651073456,4.77894401550293,0.7260273694992065,0.11536116898059845,0.28466930985450745,0.5603474378585815,3.37504243850708,0.8174337148666382,0.16161125898361206,0.2535792291164398,0.5294831395149231,3.7051072120666504,0.8000485301017761,0.08678220212459564,0.3173823058605194,0.6016554832458496,2.9600234031677246,0.8336782455444336,0.07503607869148254,0.3492063581943512,0.649350643157959,3.0043275356292725,0.8643578886985779,0.5695706605911255,0.3075636923313141,0.15636985003948212,0.589907705783844,3.325423240661621,0.8181270360946655,0.4719800651073456,0.7260273694992065
28,,,,27868,0.6898494362831116,0.1858842968940735,0.5835959911346436,0.562325119972229,0.8749573826789856,0.007985038682818413,0.0,0.7041455507278442,0.9781429171562195,0.8124809265136719,0.9772548079490662,0.9792839884757996,0.9899402260780334,0.9109878540039062,0.02216748706996441,0.0259390901774168,0.9833990335464478,0.05107511207461357,,,,,,,,,,,,,,,,,,,,,,,,,,,,,,,,,,,,,,,,,,,,,,,,,,,,,,,,,,,,,,,,,,,,,,,,,,,,,,,,,,,,,,,,,,,,,,,,,,
,2e-05,1e-05,1e-05,27869,,,,,,,,,,,,,,,,,,,,,,,,,,,,,,,,,,,,,,,,,,,,,,,,,,,,,,,,,,,,,,,,,,,,,,,,,,,,,,,,,,,,,,,,,,,,,,,,,,,,,,,,,,,,,,,,,,,,
29,,,,28829,,,,,,,,,,,,,,,,,,,0.19193591177463531,0.16970090568065643,0.7444918751716614,0.3526315689086914,0.6950585246086121,0.665428876876831,0.8606681823730469,0.0717131495475769,0.29312896728515625,0.1631578952074051,0.9859792590141296,0.8947368264198303,0.9801690578460693,0.9866319894790649,0.9954441785812378,0.9402390718460083,0.41578948497772217,0.1631578952074051,0.6631578803062439,3.157346725463867,0.8473684191703796,0.16970090568065643,0.2948634624481201,0.6378413438796997,2.660435199737549,0.8699609637260437,0.23431117832660675,0.287783145904541,0.6193835735321045,2.8117423057556152,0.8666914105415344,0.17615793645381927,0.29271069169044495,0.5960516333580017,3.166109561920166,0.8223234415054321,0.175298810005188,0.4302788972854614,0.7529880404472351,2.148059844970703,0.9163346886634827,0.6173473596572876,0.2760324478149414,0.1300227791070938,0.5596926808357239,2.9241139888763428,0.8480362296104431,0.5960516333580017,0.8223234415054321,0.10579964518547058,0.05977584049105644,0.6740145683288574,0.12702366709709167,0.5999695062637329,0.6563940644264221,0.8610967397689819,0.03030303120613098,0.3026864230632782,0.2513952851295471,0.8258097171783447,0.4806973934173584,0.9382809996604919,0.6515408754348755,0.8651060461997986,0.7633477449417114,0.05977584049105644,0.3374844193458557,0.46326276659965515,4.947166442871094,0.7260273694992065,0.10774154216051102,0.2828406095504761,0.5550137162208557,3.4758048057556152,0.8134714961051941,0.1434118002653122,0.2513952851295471,0.5205047130584717,3.9460935592651367,0.7816064357757568,0.08988618850708008,0.33755820989608765,0.6059234142303467,2.9498183727264404,0.8316088914871216,0.095238097012043,0.3665223717689514,0.6551226377487183,2.9946956634521484,0.8614718317985535,0.5674617290496826,0.3097814917564392,0.1502598524093628,0.5917755961418152,3.410922050476074,0.812101423740387,0.46326276659965515,0.7260273694992065
29,,,,28829,0.6914293169975281,0.18862199783325195,0.5864412784576416,0.565283477306366,0.8750421404838562,0.009079829789698124,0.0,0.7020875215530396,0.9786234498023987,0.8169827461242676,0.9777666330337524,0.9797106385231018,0.99015873670578,0.9132033586502075,0.02777777798473835,0.025667894631624222,0.983789324760437,0.04915862902998924,,,,,,,,,,,,,,,,,,,,,,,,,,,,,,,,,,,,,,,,,,,,,,,,,,,,,,,,,,,,,,,,,,,,,,,,,,,,,,,,,,,,,,,,,,,,,,,,,,
,2e-05,1e-05,1e-05,28830,,,,,,,,,,,,,,,,,,,,,,,,,,,,,,,,,,,,,,,,,,,,,,,,,,,,,,,,,,,,,,,,,,,,,,,,,,,,,,,,,,,,,,,,,,,,,,,,,,,,,,,,,,,,,,,,,,,,
30,,,,29790,,,,,,,,,,,,,,,,,,,0.20003482699394226,0.15139442682266235,0.7447531223297119,0.34736841917037964,0.695383608341217,0.676568865776062,0.8551632761955261,0.07968127727508545,0.3022729158401489,0.21578946709632874,0.9858921766281128,0.8842105269432068,0.9860208034515381,0.9821760058403015,0.9933561086654663,0.9641434550285339,0.40526315569877625,0.21578946709632874,0.6631578803062439,2.8132903575897217,0.878947377204895,0.1635240614414215,0.30331599712371826,0.631989598274231,2.773803949356079,0.8592327833175659,0.2636464834213257,0.3004084527492523,0.6271815896034241,2.7671587467193604,0.8640921115875244,0.18394076824188232,0.2982156276702881,0.5990888476371765,3.2320334911346436,0.8208048343658447,0.15139442682266235,0.4501992166042328,0.7649402618408203,2.1302883625030518,0.912350594997406,0.6191761493682861,0.2765524685382843,0.12445791810750961,0.5608876943588257,2.968369483947754,0.8442915678024292,0.5990888476371765,0.8208048343658447,0.10158172249794006,0.06475716084241867,0.6753703355789185,0.12453299760818481,0.6045413017272949,0.6711962819099426,0.8526901006698608,0.034632034599781036,0.31358271837234497,0.2637709379196167,0.8098418116569519,0.5217932462692261,0.9439195394515991,0.6343120336532593,0.8207449316978455,0.8008658289909363,0.06475716084241867,0.3574097156524658,0.46326276659965515,4.800445556640625,0.7272727489471436,0.10835111141204834,0.29183176159858704,0.5544041395187378,3.549630880355835,0.8099664449691772,0.1477796584367752,0.2637709379196167,0.5107983350753784,3.958695411682129,0.7784518599510193,0.07617692649364471,0.34725815057754517,0.6054061055183411,3.008390188217163,0.8301862478256226,0.08946608752012253,0.3881673812866211,0.6623376607894897,3.041802167892456,0.841269850730896,0.5653025507926941,0.31318211555480957,0.1504497230052948,0.5820720195770264,3.4564106464385986,0.8090886473655701,0.46326276659965515,0.7272727489471436
30,,,,29790,0.6928938627243042,0.19116267561912537,0.589078426361084,0.5680871605873108,0.8750852346420288,0.010182619094848633,0.0,0.6999801397323608,0.979100227355957,0.8213979601860046,0.9782731533050537,0.9801549911499023,0.9903622269630432,0.9155314564704895,0.033026114106178284,0.024342050775885582,0.9850252866744995,0.04646998643875122,,,,,,,,,,,,,,,,,,,,,,,,,,,,,,,,,,,,,,,,,,,,,,,,,,,,,,,,,,,,,,,,,,,,,,,,,,,,,,,,,,,,,,,,,,,,,,,,,,
